Config,Depth,Input,Target,Pred,Correct,Reasoning
L8H2R8,depth1,92 + 82,174,,,...
L8H2R8,depth1,17 - 24,-7,,,...
L8H2R8,depth1,73 + 66,139,,,...
L8H2R8,depth1,50 + 96,146,,,...
L8H2R8,depth1,38 + 97,135,,,...
L8H2R8,depth1,80 + 46,126,,,...
L8H2R8,depth1,86 + 3,89,,,...
L8H2R8,depth1,63 - 22,41,,,...
L8H2R8,depth1,99 + 98,197,,,...
L8H2R8,depth1,18 - 97,-79,,,...
L2H4R4,max,(((57 + (84 - 25)) - ((60 - 61) + (49 + 26))) - (((22 + 62) + 2) - 48)) + ((((63 - 33) + 74) - ((42 + 72) + (17 + 58))) + (((16 + 39) - 23) - (93 - (81 - 78)))),-139,,,...
L2H4R4,max,46,46,,,...
L2H4R4,max,83,83,,,...
L2H4R4,max,((((83 - 62) - 4) + (54 - (8 - 88))) + 54) + (((44 + (70 - 90)) - 68) + 28),189,,,...
L2H4R4,max,59 + ((((7 + 21) - (58 - 12)) + (39 + (12 - 59))) - ((45 + (54 - 81)) + ((73 - 31) + (29 - 20)))),-36,,,...
L2H4R4,max,(((89 + (55 + 2)) - ((29 - 47) + (7 - 39))) - (((12 - 40) - (71 - 77)) - ((79 - 20) + (21 + 51)))) - 66,283,,,...
L2H4R4,max,((14 - ((87 + 56) - 12)) + (12 - ((41 + 24) - 41))) + 96,-33,,,...
L2H4R4,max,82 + ((70 + 12) - (((76 - 19) + 80) + ((80 - 13) + (81 + 89)))),-210,,,...
L2H4R4,max,((((63 - 97) - (37 + 29)) - 92) + ((13 + (37 - 99)) + 7)) - ((((93 + 65) + (54 - 88)) + (59 + (20 - 61))) - 72),-304,,,...
L2H4R4,max,75 + ((((3 + 64) + (55 + 46)) - ((17 + 98) - (55 - 82))) + (((62 + 62) - (38 - 12)) - ((59 + 27) - 77))),190,,,...
L8H2R4,depth3,((86 - 31) - (85 - 42)) - 88,-76,,,...
L8H2R4,depth3,((44 + 27) - (78 - 18)) - 93,-82,,,...
L8H2R4,depth3,((85 + 71) + (98 + 23)) - ((61 + 92) + (14 + 61)),49,,,...
L8H2R4,depth3,((8 + 83) + (58 + 60)) - ((28 + 27) - 74),228,,,...
L8H2R4,depth3,((23 - 64) + (93 - 82)) + ((0 + 49) + (1 - 69)),-49,,,...
L8H2R4,depth3,((76 + 89) - (17 - 32)) - ((29 - 85) - (92 + 57)),385,,,...
L8H2R4,depth3,((9 + 26) + (60 + 11)) - ((20 - 34) - (23 - 51)),92,,,...
L8H2R4,depth3,((43 - 23) + (72 + 24)) - 14,102,,,...
L8H2R4,depth3,((4 + 19) - 61) + ((77 - 17) - (96 + 6)),-80,,,...
L8H2R4,depth3,((46 + 0) + (4 + 63)) - ((54 + 76) + (25 - 50)),8,,,...
L6H2R4,max,86 + (((25 + (71 - 47)) + (29 - (24 - 44))) - ((42 + (68 + 0)) + 32)),42,,,...
L6H2R4,max,(25 + (85 - ((23 - 9) - (42 + 4)))) + ((((15 - 31) - (4 + 38)) - 84) + (((46 - 5) - 89) - ((61 - 80) + (44 + 71)))),-144,,,...
L6H2R4,max,((((8 - 76) - 41) - ((78 + 31) + (42 - 30))) + (((61 + 18) - 8) + ((53 + 12) - (84 + 82)))) - 55,-315,,,...
L6H2R4,max,82,82,,,...
L6H2R4,max,60,60,,,...
L6H2R4,max,51 - 53,-2,,,...
L6H2R4,max,82,82,,,...
L6H2R4,max,(94 - (46 + (96 + (27 - 94)))) + (37 + (8 - 68)),-4,,,...
L6H2R4,max,6 + 11,17,,,...
L6H2R4,max,((71 + (86 - 44)) - (((91 + 15) - (22 + 5)) + ((53 + 26) + (7 - 46)))) - 9,-15,,,...
L6H4R32,depth3,((18 + 66) - (85 + 2)) + 4,1,,,...
L6H4R32,depth3,78 + ((15 + 91) - (90 + 11)),83,,,...
L6H4R32,depth3,((73 + 14) + (76 + 27)) + ((25 + 43) + (76 - 8)),326,,,...
L6H4R32,depth3,((27 - 44) + (75 + 45)) - ((47 + 27) + (8 - 74)),95,,,...
L6H4R32,depth3,((92 + 0) + (94 + 38)) - ((37 - 3) + (88 - 39)),141,,,...
L6H4R32,depth3,((29 + 31) + (15 + 19)) + 63,157,,,...
L6H4R32,depth3,((82 + 73) + (31 - 29)) - ((68 + 46) - (64 - 95)),12,,,...
L6H4R32,depth3,((8 - 44) + (89 + 8)) - ((12 - 37) + (97 + 78)),-89,,,...
L6H4R32,depth3,((96 - 72) + (76 - 91)) + ((45 + 59) + (1 + 63)),177,,,...
L6H4R32,depth3,((26 + 55) + (35 + 0)) + ((13 - 61) - (79 - 22)),11,,,...
L6H2R16,depth2,(57 + 20) + (29 - 83),23,,,...
L6H2R16,depth2,54 + (68 + 75),197,,,...
L6H2R16,depth2,(3 - 83) - (65 + 58),-203,,,...
L6H2R16,depth2,2 + (59 - 16),45,,,...
L6H2R16,depth2,(59 - 98) - (44 - 39),-44,,,...
L6H2R16,depth2,(52 + 26) - (87 - 58),49,,,...
L6H2R16,depth2,(32 + 4) + 59,95,,,...
L6H2R16,depth2,(78 - 96) - (53 + 92),-163,,,...
L6H2R16,depth2,(17 - 30) + (59 + 34),80,,,...
L6H2R16,depth2,(4 + 8) + (19 - 64),-33,,,...
L2H4R8,max,((24 - ((89 + 11) - (39 - 56))) - 64) - ((39 + (85 + 84)) + (((23 + 62) + 63) - ((59 - 30) + (82 - 83)))),-485,,,...
L2H4R8,max,61 - 29,32,,,...
L2H4R8,max,11,11,,,...
L2H4R8,max,84,84,,,...
L2H4R8,max,40,40,,,...
L2H4R8,max,(30 + (((61 - 32) + (38 + 68)) + 90)) - (((33 + (39 - 48)) + (0 + 43)) - (((61 + 72) + (75 - 29)) + ((36 + 32) - 89))),346,,,...
L2H4R8,max,79,79,,,...
L2H4R8,max,(19 - (((32 + 16) + (21 - 63)) + ((30 + 57) + (5 - 73)))) + ((((64 + 84) - (69 + 15)) - (38 + 64)) + (((15 + 52) - 21) - ((4 - 59) - (41 + 20)))),118,,,...
L2H4R8,max,44,44,,,...
L2H4R8,max,((50 + 16) - (((0 - 2) - (45 + 51)) + (38 - (37 - 57)))) - ((10 + ((57 + 29) - (9 - 68))) - (94 - ((71 + 48) - 89))),15,,,...
L2H4R32,depth2,(0 + 19) - 55,-36,,,...
L2H4R32,depth2,(81 + 50) + (28 - 19),140,,,...
L2H4R32,depth2,(69 + 23) - 84,8,,,...
L2H4R32,depth2,(60 - 61) - 24,-25,,,...
L2H4R32,depth2,16 - (28 + 27),-39,,,...
L2H4R32,depth2,(23 - 92) + (85 + 71),87,,,...
L2H4R32,depth2,(19 - 33) + (49 - 40),-5,,,...
L2H4R32,depth2,(11 - 83) + (27 - 89),-134,,,...
L2H4R32,depth2,(72 + 67) - (8 + 39),92,,,...
L2H4R32,depth2,(7 + 69) + (8 + 69),153,,,...
L6H16R16,max,89,89,,,...
L6H16R16,max,((((59 - 64) - (62 + 74)) + 44) + 25) - 28,-100,,,...
L6H16R16,max,70,70,,,...
L6H16R16,max,(84 - (((27 - 67) + 99) + 78)) + 12,-41,,,...
L6H16R16,max,0 + (((91 + (66 + 16)) + ((46 - 42) + 85)) + (89 - ((21 - 71) + 50))),351,,,...
L6H16R16,max,37 - ((((96 + 95) + (38 + 26)) + ((59 + 35) + (30 - 11))) - (95 + ((92 + 40) + (72 + 32)))),0,,,...
L6H16R16,max,((7 + (52 - 50)) - 77) + 21,-47,,,...
L6H16R16,max,98,98,,,...
L6H16R16,max,((((44 + 34) - (82 + 40)) - (67 + (15 + 50))) + (((80 + 86) - (81 - 21)) - ((7 + 31) + 51))) - (((29 - (80 + 5)) - 33) + (((42 - 15) + (70 + 43)) - ((33 + 79) + 19))),-79,,,...
L6H16R16,max,62,62,,,...
L6H16R32,depth1,53 - 25,28,,,...
L6H16R32,depth1,49 - 37,12,,,...
L6H16R32,depth1,12 - 1,11,,,...
L6H16R32,depth1,98 + 39,137,,,...
L6H16R32,depth1,94 - 36,58,,,...
L6H16R32,depth1,72 + 26,98,,,...
L6H16R32,depth1,20 - 72,-52,,,...
L6H16R32,depth1,2 - 11,-9,,,...
L6H16R32,depth1,84 + 40,124,,,...
L6H16R32,depth1,13 - 47,-34,,,...
L4H4R8,depth2,(66 - 15) + 86,137,,,...
L4H4R8,depth2,(1 - 78) - (2 - 67),-12,,,...
L4H4R8,depth2,(6 + 48) - (89 + 47),-82,,,...
L4H4R8,depth2,(14 - 2) - (96 + 48),-132,,,...
L4H4R8,depth2,(81 - 96) - (95 + 77),-187,,,...
L4H4R8,depth2,(66 - 86) + (51 + 31),62,,,...
L4H4R8,depth2,(78 + 2) + (61 - 97),44,,,...
L4H4R8,depth2,(4 + 58) - (95 + 79),-112,,,...
L4H4R8,depth2,(70 + 19) + (62 + 39),190,,,...
L4H4R8,depth2,(61 - 63) - (80 - 33),-49,,,...
L2H2R4,depth5,(((19 - (68 + 25)) - ((46 - 12) + (25 + 86))) + 71) - ((((57 - 43) + (73 - 18)) + ((55 - 6) + (22 + 41))) - (((97 - 17) + (97 + 53)) - ((44 + 81) + (8 - 41)))),-191,,,...
L2H2R4,depth5,((((29 - 52) - (99 + 54)) - ((7 + 10) + (24 + 94))) - (((61 + 28) - (23 - 77)) - ((50 + 63) - (68 - 76)))) + ((((53 - 3) - (16 + 21)) + 80) - (((49 + 73) - (57 - 59)) - ((58 + 27) - (88 + 12)))),-379,,,...
L2H2R4,depth5,((((36 + 47) - (94 - 71)) + (66 - (38 + 60))) - (((42 - 3) - (35 - 38)) - ((59 + 39) + (54 + 2)))) - ((((22 - 87) - (27 + 75)) + (44 + (39 + 73))) + 92),59,,,...
L2H2R4,depth5,((53 + ((19 - 52) + (46 + 68))) + (((54 + 35) + (31 - 73)) - ((61 - 82) + (52 - 63)))) - ((((25 + 3) + (30 - 6)) + ((5 + 95) - (70 - 29))) + (((94 + 85) - (36 + 21)) + (0 - (93 + 35)))),108,,,...
L2H2R4,depth5,79 - ((((18 + 85) + (97 - 16)) + (59 + (8 + 44))) - (((97 - 95) - (12 - 77)) - ((0 + 74) + 38))),-261,,,...
L2H2R4,depth5,((((52 - 72) + (21 - 34)) + ((36 + 2) + 34)) - 54) + ((((14 - 99) - (35 - 92)) - ((35 - 43) - (70 + 97))) - 33),99,,,...
L2H2R4,depth5,((((31 - 82) - (34 + 33)) + ((37 - 60) + (22 - 67))) - (((54 - 96) - 13) + ((27 - 71) - 50))) - ((((35 - 58) + (45 + 46)) + (1 + (3 - 31))) + (((31 + 37) + (66 - 85)) + ((35 - 1) + (35 - 72)))),-124,,,...
L2H2R4,depth5,((((74 - 48) - (83 + 97)) - ((48 + 49) + (53 + 48))) - ((56 + (76 - 24)) + ((87 + 79) + (59 - 2)))) + ((34 + ((17 + 72) - (31 - 48))) - 46),-589,,,...
L2H2R4,depth5,((96 + ((7 - 94) + 17)) + (75 - ((8 - 7) - (90 + 28)))) + 9,227,,,...
L2H2R4,depth5,((((67 + 73) + (52 - 38)) + ((65 - 96) + (88 - 85))) + (((75 - 13) + (56 + 66)) + ((96 - 77) + (76 + 90)))) + ((((1 + 6) - (43 + 81)) - ((60 + 7) + (11 - 83))) + (((37 + 62) - (12 - 26)) + ((77 + 4) + (16 - 93)))),500,,,...
L8H8R8,depth2,(32 - 64) - (76 - 7),-101,,,...
L8H8R8,depth2,(92 + 48) - 40,100,,,...
L8H8R8,depth2,(52 + 49) + (28 - 76),53,,,...
L8H8R8,depth2,(66 - 8) - (99 - 98),57,,,...
L8H8R8,depth2,(66 + 93) - (76 + 1),82,,,...
L8H8R8,depth2,(95 + 31) - (29 + 85),12,,,...
L8H8R8,depth2,(98 - 69) + (22 - 85),-34,,,...
L8H8R8,depth2,(16 + 6) - (13 - 89),98,,,...
L8H8R8,depth2,(33 + 27) - 51,9,,,...
L8H8R8,depth2,(96 + 17) - (36 + 42),35,,,...
L8H2R16,depth5,((((56 - 60) - (36 - 96)) + ((29 + 46) + (94 + 73))) - (((72 - 32) - (23 + 59)) + ((40 - 87) + (99 - 75)))) + 26,389,,,...
L8H2R16,depth5,((((40 + 98) + (90 + 90)) + (5 - (41 - 37))) + (((78 + 39) + (51 + 82)) + 44)) - ((80 + ((62 + 92) - 52)) + (43 - ((57 - 67) + (73 - 41)))),410,,,...
L8H2R16,depth5,((((94 - 6) - (53 + 74)) + (86 - (49 + 9))) - (7 + ((51 - 73) + (43 + 3)))) - ((((51 + 90) - (22 - 56)) - (51 - (34 - 21))) + ((9 - (11 + 57)) + (27 - (98 + 54)))),5,,,...
L8H2R16,depth5,((((19 - 92) - (13 + 82)) - 41) + (((75 - 35) + 23) - ((0 + 75) + (68 + 21)))) + ((((52 + 44) + (67 + 57)) - ((72 - 4) - (9 - 78))) - (((10 - 17) - (25 + 39)) - ((62 - 92) - (78 + 24)))),-288,,,...
L8H2R16,depth5,((((56 - 78) + (78 - 17)) + ((53 + 20) - (92 + 87))) - 58) + ((((3 - 56) - (93 - 78)) + ((94 + 82) - (36 - 22))) - (((48 + 3) - (27 + 11)) + ((35 + 76) - (82 + 67)))),-6,,,...
L8H2R16,depth5,((61 + ((4 + 23) + (71 + 63))) - (((58 - 67) - (91 - 72)) + ((25 - 99) - (71 + 24)))) + ((((0 + 82) + (57 - 5)) + 68) - (((43 - 38) - (75 + 63)) - ((97 + 24) + (85 - 4)))),956,,,...
L8H2R16,depth5,((((9 - 36) - 89) + ((54 + 69) + 68)) - (((56 + 13) - (98 + 35)) - 66)) - 41,164,,,...
L8H2R16,depth5,((((97 + 68) - (86 + 65)) + ((53 + 39) - (9 + 98))) + (((95 + 88) + (43 - 82)) - ((39 - 74) + (34 - 30)))) - ((((46 + 75) - (32 - 40)) + (42 - (89 - 10))) - 55),137,,,...
L8H2R16,depth5,(((14 - (96 - 20)) - ((13 - 9) - (87 + 86))) + (((40 + 18) + (70 - 1)) - ((79 + 20) + (7 - 62)))) - ((((85 - 31) + (59 + 64)) + 72) - (51 + ((65 + 73) - (23 - 74)))),181,,,...
L8H2R16,depth5,((((41 + 8) - (78 + 27)) - ((64 + 28) + (3 - 77))) - ((94 - (83 - 73)) - ((50 - 22) - (38 + 66)))) + ((17 + ((49 - 3) - (60 - 69))) + (((19 - 78) - (46 + 30)) + ((72 + 92) - (83 + 46)))),-262,,,...
L2H2R4,depth1,49 - 10,39,,,...
L2H2R4,depth1,48 - 38,10,,,...
L2H2R4,depth1,85 - 82,3,,,...
L2H2R4,depth1,86 + 97,183,,,...
L2H2R4,depth1,58 + 54,112,,,...
L2H2R4,depth1,26 + 89,115,,,...
L2H2R4,depth1,58 + 75,133,,,...
L2H2R4,depth1,76 + 96,172,,,...
L2H2R4,depth1,55 - 16,39,,,...
L2H2R4,depth1,42 + 96,138,,,...
L4H8R32,depth4,(((2 - 29) + (49 + 32)) + 45) - (43 + ((90 - 74) + (80 - 77))),37,,,...
L4H8R32,depth4,(((97 + 72) + 3) - ((78 - 68) - (9 - 6))) - 40,125,,,...
L4H8R32,depth4,(((52 + 41) - (95 + 35)) - ((98 - 66) - (72 - 15))) - 95,-107,,,...
L4H8R32,depth4,(((10 - 95) - (42 + 89)) + ((58 + 84) + (79 - 2))) + (((4 - 34) - (52 - 74)) + ((68 - 94) + (83 - 29))),23,,,...
L4H8R32,depth4,(((60 + 69) - (8 - 90)) + ((81 - 2) + (1 + 18))) + (((56 + 62) - (17 + 27)) - ((9 - 52) + (40 + 59))),327,,,...
L4H8R32,depth4,(((57 - 24) - (49 + 39)) - ((10 + 14) - (21 - 1))) - (((9 + 43) - (36 + 89)) - ((88 - 89) + (37 - 93))),-43,,,...
L4H8R32,depth4,(((76 - 37) - (76 - 18)) - ((1 + 81) - (5 - 60))) + (15 + ((51 + 94) + (66 + 9))),79,,,...
L4H8R32,depth4,(((67 - 96) + (79 - 21)) - (62 - (41 - 76))) + (((43 + 52) - 75) + 52),4,,,...
L4H8R32,depth4,(98 - ((68 + 9) - 89)) + (((59 - 65) + (6 - 74)) + ((17 + 69) - (36 - 10))),96,,,...
L4H8R32,depth4,(((50 - 64) + (65 + 78)) + ((76 - 96) - 27)) - ((23 + (75 - 77)) - ((82 + 0) + (54 - 38))),159,,,...
L6H2R16,depth4,(((49 + 11) + (60 + 15)) - ((27 - 15) - (60 + 44))) - (((9 + 90) - (96 + 22)) + ((22 + 71) + (98 - 59))),114,,,...
L6H2R16,depth4,(((68 - 36) - (61 - 3)) - ((49 - 15) - (43 - 58))) - (((9 - 84) + (66 - 39)) + ((9 + 19) + (92 + 32))),-179,,,...
L6H2R16,depth4,(61 + ((33 - 27) - (1 - 43))) - (((31 + 16) + (71 - 66)) + (53 - (97 + 84))),185,,,...
L6H2R16,depth4,(((62 - 35) + (17 + 49)) + 7) - (((92 + 0) + (25 - 38)) - ((39 - 55) - (36 + 49))),-80,,,...
L6H2R16,depth4,(56 - ((70 + 27) - (62 - 72))) + (((78 - 73) - (64 + 42)) + ((79 + 49) + (11 - 88))),-101,,,...
L6H2R16,depth4,(((55 - 5) - (21 + 24)) + 30) - ((83 + (53 - 87)) - (71 + (9 - 58))),8,,,...
L6H2R16,depth4,(((67 + 28) + (34 + 7)) - ((75 + 4) - (9 - 5))) - (((89 + 65) + (73 + 48)) + ((39 - 98) + (35 + 52))),-242,,,...
L6H2R16,depth4,(((37 + 35) + (30 + 68)) - ((98 + 38) + 77)) - (((35 - 8) - (94 + 91)) - (18 - (34 - 18))),117,,,...
L6H2R16,depth4,(77 + ((84 - 36) - (84 + 43))) - (((90 - 5) - (72 - 68)) + ((45 - 81) - (46 + 99))),98,,,...
L6H2R16,depth4,(((13 - 60) - (8 - 5)) - ((48 - 52) + (6 - 55))) - (((6 - 48) + (75 + 64)) + ((89 - 60) + 42)),-165,,,...
L8H2R8,depth4,(((0 + 40) + (73 - 5)) + 80) + (((47 + 91) - (78 - 47)) - ((67 + 6) + (64 + 42))),116,,,...
L8H2R8,depth4,(((71 + 76) - (96 + 40)) - ((23 - 99) + (4 + 14))) + 36,105,,,...
L8H2R8,depth4,(60 - ((35 - 64) + (72 + 82))) - (((33 + 22) + (17 + 92)) - ((31 + 70) - (36 - 34))),-130,,,...
L8H2R8,depth4,(((1 - 33) - (48 + 95)) + ((16 - 76) + (22 - 19))) - (((13 + 26) + (55 + 65)) - 97),-294,,,...
L8H2R8,depth4,62 - (((54 + 97) - (28 + 6)) + ((11 - 93) + (42 - 80))),65,,,...
L8H2R8,depth4,(((46 + 55) + 53) - ((83 + 39) - (36 + 88))) + 1,157,,,...
L8H2R8,depth4,(((26 - 43) + (83 + 91)) - (90 + (16 - 27))) + ((90 + (0 + 91)) + ((96 - 88) - (27 - 77))),317,,,...
L8H2R8,depth4,(((86 - 67) + (46 - 53)) + ((64 - 41) + (4 - 86))) + 57,10,,,...
L8H2R8,depth4,(((73 - 24) + 76) + 41) + (((95 - 73) + (21 - 13)) + ((46 - 11) + (52 - 6))),277,,,...
L8H2R8,depth4,((89 + (38 + 32)) - ((22 + 40) - (74 - 10))) + (((90 - 58) + (86 - 2)) - ((54 - 30) + (72 + 93))),88,,,...
L6H2R16,max,((((98 + 93) - 82) + 97) - 42) + 24,188,,,...
L6H2R16,max,(((60 + (68 - 52)) + 2) + 95) - 12,161,,,...
L6H2R16,max,((66 - ((72 + 73) - 90)) - 36) - ((((6 + 72) - (92 - 40)) + 49) - 22),-78,,,...
L6H2R16,max,86 + (87 - ((3 - (12 - 63)) - ((41 - 31) + (13 + 65)))),207,,,...
L6H2R16,max,10,10,,,...
L6H2R16,max,((((22 + 37) + 77) - (57 - (15 + 14))) + 64) + 7,179,,,...
L6H2R16,max,46 - 84,-38,,,...
L6H2R16,max,(21 - (30 + ((64 + 88) + (3 + 76)))) - (((43 + (16 + 67)) - (31 - 86)) - 71),-350,,,...
L6H2R16,max,(78 + 12) - 71,19,,,...
L6H2R16,max,76,76,,,...
L4H4R4,depth5,((((93 + 5) + (76 - 70)) + ((21 + 39) - (29 + 84))) + (((45 - 36) - (97 - 5)) - ((48 - 80) - (7 - 89)))) + ((((83 - 49) - 8) - 53) + (((63 - 41) - 30) + ((5 - 53) + (72 + 93)))),0,,,...
L4H4R4,depth5,((((54 + 19) - 98) + ((10 + 50) - (44 + 71))) + (((7 + 59) + (16 - 9)) - 47)) + ((((24 + 25) - (35 - 55)) + ((99 - 55) + (71 - 26))) + (((56 - 37) + (41 + 43)) - ((96 + 82) + (62 - 95)))),62,,,...
L4H4R4,depth5,((((72 + 42) + 55) + 26) - (((39 + 33) + (47 - 3)) - ((57 - 68) + (22 - 54)))) - ((((15 + 91) - (19 + 26)) - ((84 - 39) - (98 + 44))) - (((88 + 30) + (97 - 71)) + ((40 - 24) - 23))),15,,,...
L4H4R4,depth5,((((42 - 74) + (23 - 7)) - ((90 + 50) - (30 + 5))) - (((65 + 66) + (26 - 58)) - (42 + (74 + 64)))) + ((((7 + 35) + (85 - 86)) - ((57 - 41) - (21 + 56))) - (80 - ((1 + 31) + (20 - 12)))),22,,,...
L4H4R4,depth5,((((44 + 65) - (99 - 8)) + ((13 + 37) - (3 - 85))) + (((15 - 56) - 50) - ((92 + 85) - (5 + 26)))) - 18,-105,,,...
L4H4R4,depth5,((((53 - 67) - (33 - 33)) - ((21 + 95) + (70 + 64))) - (((44 + 59) - (99 + 94)) - ((20 - 84) + (58 + 22)))) - ((((40 + 0) - (68 - 60)) - 12) - (((38 - 12) - (73 + 56)) + (94 + (74 - 76)))),-189,,,...
L4H4R4,depth5,((82 + ((47 - 87) - (23 - 9))) + (((44 + 22) - 38) - ((98 - 61) + (76 + 71)))) + ((((98 + 74) + (89 - 31)) - ((70 - 34) - (67 - 81))) + (((1 + 26) + (79 + 34)) - ((58 - 76) - (60 - 34)))),236,,,...
L4H4R4,depth5,((((4 - 5) - (0 - 93)) - (56 - (22 - 88))) + (((61 + 45) + (44 - 38)) - ((13 - 69) - 97))) - (43 - (((93 - 87) + (52 + 42)) - ((14 + 46) - (51 + 17)))),300,,,...
L4H4R4,depth5,80 + ((((62 - 94) - (6 + 3)) - ((47 + 59) - (44 + 48))) + (((71 + 34) - (63 + 29)) - ((86 - 77) + (40 - 6)))),-5,,,...
L4H4R4,depth5,((((57 + 67) - (22 - 63)) - ((5 + 67) - (98 - 1))) + (((77 - 36) - (29 - 87)) - ((97 + 96) - (62 - 44)))) + ((57 - ((15 + 21) - (12 + 8))) - (((19 - 94) + (1 + 84)) - ((0 + 10) - (50 - 9)))),114,,,...
L4H2R16,depth4,(((78 + 43) - (7 + 20)) - ((75 - 74) - (2 + 30))) + (((16 - 26) - 30) + (78 + (52 - 4))),211,,,...
L4H2R16,depth4,(((57 - 7) + (76 + 3)) + ((69 - 69) + (77 + 27))) + (((71 - 83) + (32 - 27)) + 87),313,,,...
L4H2R16,depth4,(((59 + 92) + (49 - 2)) - ((81 - 91) - (95 + 87))) - 32,358,,,...
L4H2R16,depth4,(40 - ((93 + 6) + (2 + 9))) + (((3 + 83) + (65 + 9)) + 84),174,,,...
L4H2R16,depth4,(((72 - 59) + (41 + 41)) - ((54 - 97) - (22 + 51))) + (((13 - 70) - (57 + 74)) + (35 + (5 + 99))),162,,,...
L4H2R16,depth4,(((79 - 28) + (41 - 79)) - ((57 + 2) - (28 + 54))) - (((62 - 71) - (44 + 46)) + ((96 + 19) + (29 + 75))),-84,,,...
L4H2R16,depth4,(((71 + 44) + (87 + 41)) + ((82 + 97) + (35 + 7))) - (((88 - 11) - (62 + 26)) + ((66 + 24) - (76 + 19))),480,,,...
L4H2R16,depth4,((2 + (28 + 46)) + ((75 + 38) - (68 + 56))) + (((23 + 54) - (64 - 27)) - ((74 - 44) + (81 - 79))),73,,,...
L4H2R16,depth4,(((62 + 50) - (91 + 68)) - ((16 + 61) - (28 + 33))) - (((63 + 63) + (80 + 95)) - ((13 - 35) - (84 - 19))),-451,,,...
L4H2R16,depth4,((40 - (29 + 21)) - ((9 - 82) - 99)) + (((45 + 35) + (27 - 23)) + ((69 + 19) - (68 - 66))),332,,,...
L4H2R8,max,66 + ((24 + ((11 - 4) - (23 + 43))) - ((50 + 79) + ((38 + 73) + (91 + 54)))),-354,,,...
L4H2R8,max,((6 - 12) + (70 - (66 + 60))) + ((57 - ((82 - 5) + (18 + 67))) + 71),-96,,,...
L4H2R8,max,((12 + 1) + 97) + (45 + 19),174,,,...
L4H2R8,max,(90 - 6) - (5 - 62),141,,,...
L4H2R8,max,54,54,,,...
L4H2R8,max,(89 + (((35 - 96) - 50) + ((41 - 70) - (65 - 24)))) + 68,-24,,,...
L4H2R8,max,((((13 + 93) - 70) - 86) + (((98 - 51) + (10 - 89)) - 16)) - ((((4 + 18) - (86 - 74)) - 4) + 79),-183,,,...
L4H2R8,max,((((44 - 9) - (21 + 70)) + ((67 + 83) + (54 + 94))) - 84) - 19,139,,,...
L4H2R8,max,(11 + 51) + 90,152,,,...
L4H2R8,max,((((58 + 15) + 20) - ((18 + 23) + 57)) - (((30 - 1) - (22 - 67)) - ((30 - 11) + 59))) - ((((23 - 94) + 16) - ((93 + 89) - (22 - 35))) - (((86 - 85) + 52) - ((93 + 39) + 97))),73,,,...
L4H4R4,depth3,(41 - (51 - 0)) + ((98 - 15) + (17 - 85)),5,,,...
L4H4R4,depth3,((75 - 90) + (78 - 70)) + ((11 + 97) - (58 - 3)),46,,,...
L4H4R4,depth3,(31 + (47 + 20)) - ((40 + 49) - (21 + 45)),75,,,...
L4H4R4,depth3,((98 + 80) - (52 + 16)) - ((79 + 71) - (86 + 99)),145,,,...
L4H4R4,depth3,((68 + 72) - (72 + 47)) + ((11 + 14) + (55 - 72)),29,,,...
L4H4R4,depth3,((47 - 43) + (57 - 65)) - ((57 + 1) - (13 + 92)),43,,,...
L4H4R4,depth3,21 - ((85 - 51) + (12 + 3)),-28,,,...
L4H4R4,depth3,((2 - 29) - (73 + 96)) - ((39 - 96) + (33 - 50)),-122,,,...
L4H4R4,depth3,((43 + 18) + (58 + 31)) - ((47 - 75) + (41 + 26)),111,,,...
L4H4R4,depth3,((45 - 30) - (12 + 40)) - ((87 - 3) - (2 - 46)),-165,,,...
L2H2R4,depth3,((83 - 26) - (35 - 88)) + ((77 + 48) - (71 + 15)),149,,,...
L2H2R4,depth3,((86 - 40) + (75 - 13)) - ((2 - 91) + (87 - 6)),116,,,...
L2H2R4,depth3,((56 + 36) + 59) - 24,127,,,...
L2H2R4,depth3,((12 + 85) - (40 + 2)) + 97,152,,,...
L2H2R4,depth3,((84 - 5) + (70 + 18)) - ((58 - 73) + (9 + 10)),163,,,...
L2H2R4,depth3,((12 + 40) - 36) - 86,-70,,,...
L2H2R4,depth3,((0 + 14) - (41 + 50)) - (97 + (46 + 83)),-303,,,...
L2H2R4,depth3,((44 - 26) - (59 - 5)) - ((37 - 90) - (74 + 63)),154,,,...
L2H2R4,depth3,3 - ((80 - 1) - (52 - 15)),-39,,,...
L2H2R4,depth3,((42 - 18) - (68 + 54)) + (92 - (14 - 89)),69,,,...
L8H2R32,depth1,71 - 20,51,,,...
L8H2R32,depth1,67 - 44,23,,,...
L8H2R32,depth1,69 + 60,129,,,...
L8H2R32,depth1,61 - 53,8,,,...
L8H2R32,depth1,50 + 84,134,,,...
L8H2R32,depth1,84 - 86,-2,,,...
L8H2R32,depth1,90 + 4,94,,,...
L8H2R32,depth1,42 + 83,125,,,...
L8H2R32,depth1,21 - 1,20,,,...
L8H2R32,depth1,61 - 18,43,,,...
L8H4R32,depth5,((((99 - 7) - (78 - 63)) + ((36 + 50) + (48 + 0))) + (((22 - 66) - (33 + 40)) - ((65 - 18) + (34 + 74)))) + ((((4 - 82) + 50) + ((85 + 3) - (8 - 66))) - 17),40,,,...
L8H4R32,depth5,17 + ((38 + ((15 + 45) + (48 + 98))) + (((83 + 88) + (31 + 88)) - ((51 - 89) - (8 - 94)))),503,,,...
L8H4R32,depth5,(78 + (((36 - 32) - 80) - ((25 - 36) - 64))) - ((((29 - 72) - (11 - 47)) + ((53 + 5) - (10 + 89))) - (((86 + 7) - (40 - 83)) + 70)),331,,,...
L8H4R32,depth5,(99 - (((85 - 35) + (97 - 70)) - ((53 - 41) - (13 - 96)))) - (((36 - (64 + 4)) - ((73 + 4) + (7 + 74))) - (((90 - 89) + (82 - 88)) - ((69 - 64) + (32 - 74)))),339,,,...
L8H4R32,depth5,((((46 - 39) + (25 - 93)) - ((97 - 72) - (50 + 14))) + (((59 - 32) - (90 + 66)) + (22 + (0 - 42)))) + ((((3 + 79) - (16 + 73)) + ((37 + 4) - (34 + 14))) - (54 + ((49 - 44) + (18 - 91)))),-171,,,...
L8H4R32,depth5,((48 + ((53 + 82) + (25 + 92))) - ((84 + (7 + 69)) - (61 - (42 - 42)))) + 52,253,,,...
L8H4R32,depth5,((((4 - 62) + 19) - ((41 - 1) + (8 - 38))) + (((95 - 51) + (61 - 17)) + ((37 + 89) - (60 + 5)))) + ((((37 - 9) + (20 + 8)) - 20) - (((30 + 30) + (36 + 41)) - ((24 + 99) - (16 + 78)))),28,,,...
L8H4R32,depth5,((((28 - 16) - (73 + 5)) - ((93 - 56) - (82 + 12))) + (((28 + 66) - (74 - 16)) - ((40 - 31) - (85 + 1)))) - ((((41 + 11) - (73 - 77)) - ((99 - 65) + (69 + 58))) - (((97 - 83) + (5 + 70)) + (47 + (20 - 16)))),349,,,...
L8H4R32,depth5,((((13 + 69) - (45 + 87)) + (58 + (7 + 1))) - (((88 + 59) - (24 + 45)) + ((84 + 94) - (53 - 10)))) + ((((33 + 10) + (78 + 27)) + ((68 + 73) + (87 + 59))) - (((18 + 42) + 21) + ((90 - 52) - (26 - 38)))),107,,,...
L8H4R32,depth5,((((31 - 32) + (68 - 87)) - ((29 - 24) - (68 + 72))) - (((25 - 94) + (85 - 86)) + ((99 + 74) - (27 + 94)))) - (47 - (((93 - 9) - (82 - 33)) - ((72 - 36) - (89 + 46)))),220,,,...
L8H8R16,depth5,((((34 - 50) + (8 - 95)) - ((29 - 68) + (14 + 25))) + (((14 + 81) - (92 + 4)) + 59)) + ((((81 - 21) + (63 + 46)) + ((54 - 32) - (14 + 28))) + (((5 + 71) - (13 + 6)) - ((97 + 24) - (30 + 38)))),108,,,...
L8H8R16,depth5,((((53 + 65) + (68 + 85)) - ((71 + 86) + (25 - 97))) + (((58 - 22) - (68 - 57)) - ((93 - 20) - (98 - 74)))) + ((((53 - 15) + (11 + 12)) - 22) + (((62 + 61) - (60 + 89)) + ((92 + 69) - 9))),327,,,...
L8H8R16,depth5,((((58 + 33) + (22 - 17)) + 12) + (((64 + 38) - 33) - ((19 + 10) - (78 - 59)))) + ((((69 - 54) - (54 + 29)) + ((54 + 26) - (62 - 45))) - (((75 + 3) + (76 + 19)) + ((49 + 30) - (18 - 57)))),-129,,,...
L8H8R16,depth5,(9 + (((19 - 78) + (12 + 39)) + ((94 - 27) - (11 - 47)))) + ((((28 + 46) + (10 - 27)) - ((79 - 89) + (60 - 13))) + (((82 - 77) - (36 - 19)) - ((79 - 14) - 14))),61,,,...
L8H8R16,depth5,((77 + ((92 - 91) - 58)) + (((61 + 42) - 20) - (90 - (3 - 1)))) + ((((89 - 41) + (51 - 69)) - ((49 + 37) + (60 + 70))) + (((19 - 43) + (57 + 14)) + ((91 - 39) + (43 - 41)))),-70,,,...
L8H8R16,depth5,(75 - (((66 - 94) - (97 + 22)) - ((16 + 43) + (37 + 88)))) + ((95 - ((9 - 76) - (72 + 5))) + (((2 - 23) - (22 - 0)) - ((10 + 0) + 82))),510,,,...
L8H8R16,depth5,8 - ((((12 - 34) + 97) - ((37 - 19) + (77 - 52))) - (((64 + 48) + (3 - 75)) + ((21 + 58) - (41 - 93)))),147,,,...
L8H8R16,depth5,(((62 + (85 - 29)) - ((10 - 56) + (24 + 25))) - (((67 + 52) + (43 + 67)) + ((11 - 53) + 56))) + ((((24 + 47) + 55) - ((41 + 65) - (32 + 87))) - (((14 + 86) + (96 - 27)) - ((50 - 10) - (16 + 48)))),-182,,,...
L8H8R16,depth5,((((59 - 80) + (69 + 77)) - 72) + (((86 + 57) - (34 - 22)) + ((87 - 41) - (76 - 77)))) + ((((90 + 68) + (78 - 58)) + ((18 + 48) - (87 + 93))) - (61 + ((99 + 14) - (69 + 49)))),239,,,...
L8H8R16,depth5,(39 - (((65 + 31) - (64 + 13)) + ((2 - 69) - (91 + 66)))) - ((((58 + 48) + (70 - 75)) + ((25 - 17) + (52 + 63))) + (((86 + 82) - (93 - 0)) - ((16 - 75) + 83))),-31,,,...
L8H8R4,depth1,32 + 5,37,,,...
L8H8R4,depth1,86 + 72,158,,,...
L8H8R4,depth1,61 + 36,97,,,...
L8H8R4,depth1,30 - 16,14,,,...
L8H8R4,depth1,97 + 19,116,,,...
L8H8R4,depth1,19 - 76,-57,,,...
L8H8R4,depth1,27 + 7,34,,,...
L8H8R4,depth1,73 + 50,123,,,...
L8H8R4,depth1,57 - 55,2,,,...
L8H8R4,depth1,92 - 58,34,,,...
L2H8R8,max,71,71,,,...
L2H8R8,max,9,9,,,...
L2H8R8,max,75,75,,,...
L2H8R8,max,44 - ((((89 - 1) + 99) + (48 + (19 + 22))) - (49 + 98)),-85,,,...
L2H8R8,max,39,39,,,...
L2H8R8,max,25,25,,,...
L2H8R8,max,28 - ((((72 + 82) - (73 + 97)) - ((13 + 75) - 92)) + (((49 - 21) - (56 - 51)) - 10)),27,,,...
L2H8R8,max,(((37 + (93 - 24)) + 11) - (((66 + 83) + 92) + ((2 - 96) - (15 - 37)))) + 89,37,,,...
L2H8R8,max,((10 + 29) + 40) + 91,170,,,...
L2H8R8,max,((((79 + 93) + 22) - (44 - (61 - 47))) - 81) + 80,163,,,...
L6H2R4,depth2,(80 + 19) - (46 - 50),103,,,...
L6H2R4,depth2,(96 - 46) + (58 - 3),105,,,...
L6H2R4,depth2,(54 - 16) - 47,-9,,,...
L6H2R4,depth2,(34 + 68) + (32 - 51),83,,,...
L6H2R4,depth2,(99 - 40) + (47 + 98),204,,,...
L6H2R4,depth2,(38 - 16) - (59 + 79),-116,,,...
L6H2R4,depth2,(8 + 86) + (17 + 55),166,,,...
L6H2R4,depth2,(3 + 10) - (50 + 85),-122,,,...
L6H2R4,depth2,(73 + 97) + (44 + 76),290,,,...
L6H2R4,depth2,(15 - 82) - (89 - 21),-135,,,...
L2H4R4,depth3,((49 + 78) - (68 + 74)) - ((83 - 88) - 85),75,,,...
L2H4R4,depth3,((5 + 41) - (62 - 28)) + ((12 + 42) + (51 + 16)),133,,,...
L2H4R4,depth3,((0 - 88) - (56 - 89)) - ((76 + 2) + (13 - 80)),-66,,,...
L2H4R4,depth3,((94 + 60) + (26 + 19)) + ((5 - 23) + (48 - 93)),136,,,...
L2H4R4,depth3,((99 + 96) - 16) - ((52 + 68) + (55 - 91)),95,,,...
L2H4R4,depth3,((17 - 97) + (42 - 34)) - ((34 - 43) + (94 + 41)),-198,,,...
L2H4R4,depth3,((76 - 81) - (28 - 87)) - ((62 - 8) - (85 - 37)),48,,,...
L2H4R4,depth3,25 + ((64 + 79) + 54),222,,,...
L2H4R4,depth3,((41 - 28) + (67 + 67)) - ((11 + 63) - (88 + 20)),181,,,...
L2H4R4,depth3,((52 - 99) + (21 + 0)) - ((61 - 39) - (27 - 20)),-41,,,...
L8H16R4,depth5,61 + (45 + ((80 + (80 + 16)) + ((21 + 26) + (24 + 73)))),426,,,...
L8H16R4,depth5,90 + (6 - (((8 - 39) - (72 + 88)) - ((51 + 88) + (33 + 73)))),532,,,...
L8H16R4,depth5,((((5 - 8) + (45 - 49)) - ((35 + 85) + (75 - 39))) - (((68 - 25) - (67 - 62)) - ((74 + 24) - (11 + 21)))) - (((5 + (86 - 78)) + ((29 - 82) + (87 + 57))) + (((85 - 41) - 86) + ((19 - 81) + (50 + 61)))),-246,,,...
L8H16R4,depth5,((((83 - 36) + (82 + 7)) + ((87 - 47) + (98 - 7))) - (((63 + 35) - (82 + 10)) - (58 + (14 - 90)))) + ((((1 - 82) + (4 + 55)) - ((4 - 26) - (55 - 86))) + (36 + ((98 - 31) + (51 - 42)))),324,,,...
L8H16R4,depth5,(96 + (((7 - 57) + (89 + 99)) + ((73 + 96) + (41 + 92)))) - ((((63 - 59) - (67 - 70)) - ((80 - 83) - 30)) + (((99 - 74) - 50) + ((92 - 25) - (62 + 24)))),540,,,...
L8H16R4,depth5,80 + ((((43 + 32) + (16 + 69)) - ((89 - 77) - (16 - 7))) - (((58 - 40) + (11 - 70)) - ((82 - 30) - (55 - 84)))),359,,,...
L8H16R4,depth5,((((32 + 74) - (13 + 81)) - ((25 + 91) - (59 + 51))) + (((54 + 23) + (36 - 70)) - ((1 + 32) - (43 - 84)))) - (((65 + (6 - 17)) - ((97 + 10) + (55 + 28))) + (((0 - 90) - (93 + 67)) - ((14 + 27) + (76 + 9)))),487,,,...
L8H16R4,depth5,((((3 + 21) - (94 + 98)) + 43) + (((12 + 85) - (20 - 5)) - ((1 + 63) + (6 + 77)))) - ((((82 + 11) - (0 - 75)) - ((93 + 41) - (65 + 42))) + (((76 - 47) - (74 - 15)) + ((40 - 75) - (1 + 38)))),-227,,,...
L8H16R4,depth5,((((31 - 97) + (48 + 81)) - ((7 + 99) + 59)) - (((31 + 60) - (36 + 2)) + ((43 + 29) - (43 - 21)))) + ((((68 + 6) - (0 + 98)) + ((6 - 68) + 35)) - (((83 + 33) - (30 - 8)) - (94 - (90 - 98)))),-248,,,...
L8H16R4,depth5,((((33 - 80) + 21) - ((80 - 24) + (54 + 7))) - (((67 - 81) + (14 + 47)) + ((31 + 41) + (13 - 0)))) + ((((66 + 82) - (69 + 30)) - ((54 + 84) + (20 + 32))) + 97),-319,,,...
L6H16R8,max,((((9 - 65) + 99) - (60 - (92 - 67))) + (((93 - 25) - (23 + 30)) + ((78 + 79) + (39 + 21)))) + ((((49 + 5) + 54) - (56 + (2 - 91))) - 36),345,,,...
L6H16R8,max,51,51,,,...
L6H16R8,max,(80 + ((48 - 50) - 95)) - (30 + (7 - ((14 + 93) + 62))),115,,,...
L6H16R8,max,20,20,,,...
L6H16R8,max,((46 + 68) - 93) - (65 + (((39 - 83) - (55 + 90)) - (15 + (31 + 82)))),273,,,...
L6H16R8,max,61,61,,,...
L6H16R8,max,((((42 + 63) - (3 - 96)) + ((83 - 7) - (88 + 79))) - 9) - ((((21 + 60) - 91) + (1 + 85)) + 60),-38,,,...
L6H16R8,max,77 + ((((52 - 40) - (26 - 22)) - 6) - (((31 + 46) + (87 + 68)) + ((33 - 81) + (75 + 66)))),-246,,,...
L6H16R8,max,((((86 + 93) + 43) - 58) - ((94 + (88 - 46)) + 50)) + ((((6 + 13) + (0 - 88)) - ((99 - 82) + (65 - 24))) + ((74 - 72) + ((68 - 21) + 55))),-45,,,...
L6H16R8,max,64 - 71,-7,,,...
L2H16R8,depth3,((63 + 71) + (47 + 71)) + ((89 + 96) + (0 + 40)),477,,,...
L2H16R8,depth3,((60 - 8) + (65 - 43)) - ((41 + 99) - (85 - 73)),-54,,,...
L2H16R8,depth3,((93 - 73) + 88) + ((34 + 48) + (0 + 85)),275,,,...
L2H16R8,depth3,((9 - 93) + (18 + 20)) + ((29 - 56) - (85 - 24)),-134,,,...
L2H16R8,depth3,((31 - 91) + (9 + 96)) + ((48 + 17) - (83 - 48)),75,,,...
L2H16R8,depth3,((71 + 2) + (55 - 85)) + 48,91,,,...
L2H16R8,depth3,(27 + (98 - 66)) + ((41 + 64) - (4 + 61)),99,,,...
L2H16R8,depth3,((70 + 46) - (18 - 34)) - ((21 + 20) + (63 - 94)),122,,,...
L2H16R8,depth3,((56 + 20) - (68 - 28)) + ((99 - 91) + 74),118,,,...
L2H16R8,depth3,((22 + 84) + (37 + 41)) + ((22 - 16) - (16 + 16)),158,,,...
L8H4R16,depth1,72 + 46,118,,,...
L8H4R16,depth1,95 - 74,21,,,...
L8H4R16,depth1,89 + 49,138,,,...
L8H4R16,depth1,20 + 4,24,,,...
L8H4R16,depth1,35 - 33,2,,,...
L8H4R16,depth1,13 + 53,66,,,...
L8H4R16,depth1,99 + 91,190,,,...
L8H4R16,depth1,83 - 45,38,,,...
L8H4R16,depth1,99 - 53,46,,,...
L8H4R16,depth1,62 + 66,128,,,...
L8H2R16,depth2,(95 + 94) - (72 - 11),128,,,...
L8H2R16,depth2,(34 + 38) - (80 - 70),62,,,...
L8H2R16,depth2,(21 + 9) - (30 + 51),-51,,,...
L8H2R16,depth2,(57 + 21) + (27 - 79),26,,,...
L8H2R16,depth2,81 + (16 + 15),112,,,...
L8H2R16,depth2,(46 - 37) - (89 + 7),-87,,,...
L8H2R16,depth2,(28 + 41) - (82 - 78),65,,,...
L8H2R16,depth2,(10 - 55) + (9 + 51),15,,,...
L8H2R16,depth2,(91 - 99) + (81 + 57),130,,,...
L8H2R16,depth2,38 + (68 + 5),111,,,...
L4H2R4,depth5,97 + ((((28 + 49) + (54 + 67)) + ((0 + 36) + 98)) - (((94 + 82) - 25) + ((84 + 81) - (51 - 69)))),95,,,...
L4H2R4,depth5,((((40 - 73) - (79 - 26)) + ((85 + 66) + 23)) + (((20 + 38) + (82 + 62)) + ((78 - 45) - (36 + 79)))) - ((((30 - 24) - 25) + ((49 - 60) + (44 - 27))) + (((60 - 2) - (67 + 84)) + ((0 - 64) - (3 - 87)))),294,,,...
L4H2R4,depth5,((((92 - 43) - (45 + 32)) - ((98 + 70) - (17 + 89))) - (0 - ((52 - 65) + (91 + 83)))) - (74 - (((60 - 4) - (30 - 71)) + ((61 + 93) - (6 - 8)))),250,,,...
L4H2R4,depth5,((67 + ((39 - 95) - (37 - 24))) + (((45 + 87) + (65 + 14)) + ((14 + 28) - (13 + 80)))) + ((79 - ((71 + 52) + (72 - 83))) + ((7 - (72 + 89)) + ((2 + 13) + (42 + 9)))),37,,,...
L4H2R4,depth5,(78 - (((55 + 71) - (80 - 15)) + (42 - (43 + 67)))) + ((((6 - 54) + (54 + 80)) + ((9 + 66) + (96 - 30))) + (((16 + 57) + (38 - 65)) + ((70 + 62) - (93 - 43)))),440,,,...
L4H2R4,depth5,(((53 - (33 + 57)) - ((97 - 19) + (59 - 4))) - 90) + ((((0 + 55) - (18 - 15)) - ((76 + 17) + (65 + 40))) - (((87 + 13) + 26) + ((55 + 15) - (91 + 82)))),-429,,,...
L4H2R4,depth5,((((29 + 47) + (44 - 54)) - ((92 + 75) + (76 + 47))) - (((74 - 80) - (95 - 2)) + ((28 - 72) - (64 - 8)))) + ((((82 - 2) + (62 - 91)) - ((51 - 28) - (56 - 66))) + (((16 - 24) - (59 - 27)) + 2)),-45,,,...
L4H2R4,depth5,(((67 - (57 + 77)) + ((94 + 37) - 27)) + (((16 + 82) + (56 - 32)) - ((99 + 95) + (85 - 69)))) - ((((23 + 35) + (95 - 92)) + ((72 - 15) + (58 - 61))) + (((81 - 78) - (39 - 21)) + ((95 + 49) - (84 - 80)))),-291,,,...
L4H2R4,depth5,79 + ((((34 - 2) - (86 - 94)) - ((45 - 48) - (66 + 64))) + (((83 - 32) - (91 - 38)) + ((86 + 69) - (21 - 0)))),384,,,...
L4H2R4,depth5,12 + (((34 - (91 + 27)) - 44) + (((83 - 39) - (52 + 98)) - 5)),-227,,,...
L2H2R8,depth3,(22 - (38 - 85)) - ((98 - 18) + (33 - 13)),-31,,,...
L2H2R8,depth3,((33 + 24) - (63 - 45)) - ((42 + 6) - (67 - 33)),25,,,...
L2H2R8,depth3,((93 + 32) - 59) + ((11 + 7) + (61 + 63)),208,,,...
L2H2R8,depth3,((28 - 24) + (60 - 13)) + ((21 + 85) - (13 + 86)),58,,,...
L2H2R8,depth3,((53 - 21) - 92) + ((74 - 96) + (33 + 3)),-46,,,...
L2H2R8,depth3,((29 + 47) - (95 + 12)) + ((30 + 16) + (10 - 77)),-52,,,...
L2H2R8,depth3,((90 - 70) - (54 - 45)) + ((92 + 58) - (96 + 20)),45,,,...
L2H2R8,depth3,((13 + 0) + (72 - 36)) + ((60 - 84) + (69 - 27)),67,,,...
L2H2R8,depth3,((68 + 17) - (50 - 46)) + ((26 + 25) - (79 + 54)),-1,,,...
L2H2R8,depth3,((91 - 6) + 35) - ((69 - 96) - (46 + 85)),278,,,...
L6H8R32,depth1,44 - 66,-22,,,...
L6H8R32,depth1,70 - 89,-19,,,...
L6H8R32,depth1,88 - 41,47,,,...
L6H8R32,depth1,57 + 3,60,,,...
L6H8R32,depth1,50 - 53,-3,,,...
L6H8R32,depth1,31 - 54,-23,,,...
L6H8R32,depth1,79 + 43,122,,,...
L6H8R32,depth1,84 + 19,103,,,...
L6H8R32,depth1,87 - 28,59,,,...
L6H8R32,depth1,81 - 83,-2,,,...
L4H4R16,depth1,69 + 71,140,,,...
L4H4R16,depth1,25 - 64,-39,,,...
L4H4R16,depth1,87 - 50,37,,,...
L4H4R16,depth1,27 - 95,-68,,,...
L4H4R16,depth1,31 - 60,-29,,,...
L4H4R16,depth1,44 - 41,3,,,...
L4H4R16,depth1,53 - 31,22,,,...
L4H4R16,depth1,13 + 1,14,,,...
L4H4R16,depth1,4 + 7,11,,,...
L4H4R16,depth1,87 - 88,-1,,,...
L8H4R8,depth3,((60 - 32) + 20) - ((70 + 11) - (74 + 23)),64,,,...
L8H4R8,depth3,13 - ((90 - 35) - (28 + 38)),24,,,...
L8H4R8,depth3,5 - ((59 - 81) + (42 - 72)),57,,,...
L8H4R8,depth3,((16 + 11) - (17 + 40)) - ((30 - 5) + (83 - 66)),-72,,,...
L8H4R8,depth3,(3 - (53 + 48)) + ((99 - 3) + (57 + 28)),83,,,...
L8H4R8,depth3,7 - ((80 - 82) - (85 + 67)),161,,,...
L8H4R8,depth3,(68 + (21 - 52)) + ((32 + 7) - (65 - 53)),64,,,...
L8H4R8,depth3,(28 - (55 - 35)) + ((52 + 75) - (88 - 7)),54,,,...
L8H4R8,depth3,((90 + 56) + (31 + 71)) + ((23 - 21) - (84 - 38)),204,,,...
L8H4R8,depth3,((8 + 42) + (79 - 17)) + ((95 - 2) + 70),275,,,...
L8H4R16,max,93,93,,,...
L8H4R16,max,((14 + 57) + (((69 - 58) + (21 + 25)) + ((24 - 7) - (41 + 16)))) + 72,160,,,...
L8H4R16,max,((((31 + 34) + (13 - 72)) - 50) - ((18 - 57) + ((70 + 84) + 6))) - ((11 + ((93 - 11) - (58 - 90))) - (52 - 32)),-270,,,...
L8H4R16,max,25,25,,,...
L8H4R16,max,((50 + ((80 + 14) - (70 - 85))) - 44) - ((((56 + 44) + (83 + 88)) - (93 - 88)) - 14),-137,,,...
L8H4R16,max,84,84,,,...
L8H4R16,max,97,97,,,...
L8H4R16,max,4,4,,,...
L8H4R16,max,23 - (54 + (((67 + 51) + 16) - ((69 + 14) + (60 - 23)))),-45,,,...
L8H4R16,max,(43 + 41) - ((95 + (37 + (39 - 60))) - 35),8,,,...
L8H4R16,depth2,(66 - 88) + (57 - 63),-28,,,...
L8H4R16,depth2,(79 + 96) - 94,81,,,...
L8H4R16,depth2,68 - (26 - 92),134,,,...
L8H4R16,depth2,(75 - 66) - (34 + 82),-107,,,...
L8H4R16,depth2,(28 - 67) - (28 + 97),-164,,,...
L8H4R16,depth2,(18 + 95) - (82 + 84),-53,,,...
L8H4R16,depth2,(66 + 11) + (11 + 62),150,,,...
L8H4R16,depth2,(92 - 41) - (18 + 48),-15,,,...
L8H4R16,depth2,(19 + 50) + (95 - 65),99,,,...
L8H4R16,depth2,(37 - 42) + (45 + 44),84,,,...
L6H4R8,depth3,63 + ((29 - 57) - (10 - 82)),107,,,...
L6H4R8,depth3,((2 + 46) + (71 + 6)) + (17 + (58 + 81)),281,,,...
L6H4R8,depth3,((30 + 25) + (17 + 20)) + ((77 + 49) - (45 + 1)),172,,,...
L6H4R8,depth3,((24 + 56) + 71) - ((17 + 50) + 86),-2,,,...
L6H4R8,depth3,((34 - 3) - (77 - 98)) - ((8 + 8) + (92 + 69)),-125,,,...
L6H4R8,depth3,((97 + 55) + (82 - 66)) - ((1 - 36) - (92 - 96)),199,,,...
L6H4R8,depth3,((22 + 6) + (1 - 13)) + 56,72,,,...
L6H4R8,depth3,((12 + 17) + (86 - 64)) + ((34 + 87) - (53 + 16)),103,,,...
L6H4R8,depth3,((73 - 34) + 84) + ((3 - 42) + 44),128,,,...
L6H4R8,depth3,((70 + 64) + (86 + 0)) - 81,139,,,...
L6H8R4,depth1,14 - 2,12,,,...
L6H8R4,depth1,22 + 70,92,,,...
L6H8R4,depth1,95 + 97,192,,,...
L6H8R4,depth1,93 + 88,181,,,...
L6H8R4,depth1,27 + 49,76,,,...
L6H8R4,depth1,87 + 83,170,,,...
L6H8R4,depth1,48 + 90,138,,,...
L6H8R4,depth1,78 + 14,92,,,...
L6H8R4,depth1,8 + 22,30,,,...
L6H8R4,depth1,92 + 40,132,,,...
L2H16R8,max,87 - (((63 - 85) + 64) + 24),21,,,...
L2H16R8,max,(77 - 1) + 67,143,,,...
L2H16R8,max,((((85 - 20) - (9 - 37)) - (52 - (56 + 60))) - (((31 - 20) + (56 - 18)) - (68 + (91 + 6)))) - ((((63 - 0) + 32) - ((16 - 70) - 88)) + ((48 + (46 - 33)) + (32 + 0))),-57,,,...
L2H16R8,max,(((69 - (47 + 7)) - ((51 + 84) + (25 - 99))) - (66 + 56)) - (32 - (((11 + 16) + (57 - 63)) + 34)),-145,,,...
L2H16R8,max,31,31,,,...
L2H16R8,max,23 - ((26 + ((46 - 51) - (94 - 40))) - ((51 + (67 + 50)) + ((0 - 70) + (6 - 64)))),96,,,...
L2H16R8,max,85,85,,,...
L2H16R8,max,((((73 - 58) + 57) - (0 - (51 - 71))) + ((7 + (52 + 59)) - ((86 - 78) - (39 + 35)))) - ((((95 + 56) + (21 + 30)) + ((83 - 27) - (46 + 43))) + (((23 + 32) + 82) + ((9 - 12) - (75 + 12)))),20,,,...
L2H16R8,max,2 - 84,-82,,,...
L2H16R8,max,((((18 + 38) + (89 + 26)) - ((12 + 40) - 32)) + 22) + (8 + ((91 + (86 - 94)) - (17 - (61 - 55)))),253,,,...
L6H4R4,depth1,44 - 77,-33,,,...
L6H4R4,depth1,20 - 65,-45,,,...
L6H4R4,depth1,88 - 97,-9,,,...
L6H4R4,depth1,53 - 39,14,,,...
L6H4R4,depth1,43 - 48,-5,,,...
L6H4R4,depth1,74 + 23,97,,,...
L6H4R4,depth1,42 - 96,-54,,,...
L6H4R4,depth1,72 + 57,129,,,...
L6H4R4,depth1,94 - 55,39,,,...
L6H4R4,depth1,14 + 68,82,,,...
L4H4R16,max,57 - ((((8 - 88) - (56 + 12)) - 51) - (((44 + 72) + (19 + 75)) - 60)),406,,,...
L4H4R16,max,(84 - (10 - 74)) + (((27 - 60) - (74 - (67 - 83))) + 3),28,,,...
L4H4R16,max,((((86 - 51) + (21 - 35)) + ((72 + 32) + (53 - 13))) - 10) + ((57 + (64 - (21 + 6))) - ((62 + (6 - 15)) + (50 - (42 - 84)))),104,,,...
L4H4R16,max,((((10 - 21) - (12 + 8)) + ((0 - 82) - (52 + 43))) + (((29 + 27) + 53) + 15)) - ((64 + 24) + (((97 + 28) - (92 + 71)) + ((16 - 50) + 75))),-175,,,...
L4H4R16,max,(((95 + 51) - 29) - 8) - ((90 + ((5 - 98) + 32)) - ((36 + (16 + 69)) + ((57 + 14) + 34))),306,,,...
L4H4R16,max,24,24,,,...
L4H4R16,max,(86 + 92) - ((((55 - 43) - (73 + 64)) + (25 + (52 + 96))) + (((71 + 1) + (51 - 44)) - (83 + (81 - 76)))),139,,,...
L4H4R16,max,((76 - 62) + (71 - ((6 - 30) + (26 + 95)))) - (((42 + (54 - 63)) - 27) + ((82 - (27 + 83)) + 62)),-52,,,...
L4H4R16,max,66,66,,,...
L4H4R16,max,((((83 - 89) + 62) - ((85 + 72) + (23 - 99))) + (75 + ((5 - 60) - (82 + 7)))) + ((((61 - 56) + 15) - 33) + 41),-66,,,...
L8H8R8,depth4,(((2 + 83) - (78 - 42)) - ((28 + 13) + 13)) - (((2 - 7) - (90 + 13)) - ((44 + 40) - (62 - 19))),144,,,...
L8H8R8,depth4,(((53 + 16) + (65 + 16)) - ((0 - 27) - 10)) - (((14 + 98) - (14 - 5)) + ((68 + 95) - (30 + 27))),-22,,,...
L8H8R8,depth4,(((74 + 10) + 72) + ((94 + 16) - (61 + 6))) + (((89 - 12) - (16 + 29)) - ((70 - 36) - (39 + 29))),265,,,...
L8H8R8,depth4,52 - (((46 + 3) + 53) + ((5 + 81) - (83 + 69))),16,,,...
L8H8R8,depth4,(((43 + 90) + (15 - 91)) - ((84 - 13) + 84)) - (((25 - 38) - (8 - 10)) + (49 + (92 - 52))),-176,,,...
L8H8R8,depth4,(((90 + 30) + 3) + ((58 + 44) - (66 - 73))) - (((44 - 43) + (31 - 50)) - (39 + (74 + 62))),425,,,...
L8H8R8,depth4,(((82 - 19) - 15) + ((39 - 34) + (95 - 77))) - (((79 - 13) + (26 + 60)) - ((26 - 40) - (91 + 80))),-266,,,...
L8H8R8,depth4,(((17 + 44) - 26) + (90 + (69 - 38))) - 94,62,,,...
L8H8R8,depth4,(((72 - 28) + (70 - 63)) - ((56 + 32) - (92 + 8))) + (((80 - 50) + (55 - 57)) + ((9 + 94) - (42 + 55))),97,,,...
L8H8R8,depth4,(((21 + 16) - 3) + ((62 + 26) + (40 - 89))) + ((36 - (96 + 70)) + (94 - (15 + 30))),-8,,,...
L6H8R32,depth2,(59 - 87) - (16 + 1),-45,,,...
L6H8R32,depth2,(8 - 17) - (15 - 35),11,,,...
L6H8R32,depth2,(80 + 43) + (64 + 86),273,,,...
L6H8R32,depth2,(90 + 91) + (25 + 48),254,,,...
L6H8R32,depth2,23 - (9 + 96),-82,,,...
L6H8R32,depth2,47 + (25 + 37),109,,,...
L6H8R32,depth2,(59 + 23) - (32 + 24),26,,,...
L6H8R32,depth2,(76 + 72) + (75 - 90),133,,,...
L6H8R32,depth2,(97 + 51) + (44 + 60),252,,,...
L6H8R32,depth2,(17 + 91) + 3,111,,,...
L4H16R4,depth4,(((14 + 74) - (21 + 35)) + ((47 - 55) + 21)) - 56,-11,,,...
L4H16R4,depth4,(((81 + 81) + (37 + 79)) + ((36 - 27) + (73 + 96))) - (((91 + 46) - (19 - 93)) + ((41 - 25) + 37)),192,,,...
L4H16R4,depth4,(((81 + 7) + (76 + 32)) - ((35 + 40) - 81)) - (((58 - 34) + 6) + ((61 - 51) + (56 + 99))),7,,,...
L4H16R4,depth4,(44 + ((90 - 58) - (13 - 98))) + (((99 + 5) - (89 - 29)) - ((80 - 94) - (96 - 80))),235,,,...
L4H16R4,depth4,(((41 + 6) - (87 - 58)) - ((87 + 30) + (91 - 7))) + (((27 + 4) + (4 + 84)) - ((46 + 98) - (4 + 25))),-179,,,...
L4H16R4,depth4,(((15 + 77) - (93 - 31)) + ((31 - 97) - (11 - 81))) - (((3 - 47) - (28 - 60)) + 74),-28,,,...
L4H16R4,depth4,(((78 + 51) - (26 - 63)) + ((37 - 18) - (10 + 81))) + 38,132,,,...
L4H16R4,depth4,(((82 + 87) + (65 + 11)) + ((9 - 76) + (97 + 66))) - (24 - ((75 - 12) - (10 + 25))),345,,,...
L4H16R4,depth4,(((42 + 49) - (60 + 55)) - ((22 - 35) - (59 + 16))) + ((7 + (6 - 76)) + ((29 - 59) + 21)),-8,,,...
L4H16R4,depth4,(((52 - 6) + (72 + 30)) + (2 - (47 - 30))) - (((61 + 93) + (10 + 59)) - ((55 - 10) + (77 - 77))),-45,,,...
L4H16R4,depth5,(((89 + (15 - 83)) + ((59 + 94) - (33 - 4))) - (((29 + 19) + (38 + 92)) + ((82 - 1) + (63 + 56)))) - 42,-275,,,...
L4H16R4,depth5,(33 - (((33 + 67) - (32 + 30)) + ((40 + 10) + (53 + 67)))) - ((18 - ((70 + 68) - (60 - 63))) - (((85 - 0) - (86 - 88)) - ((49 - 50) + (3 + 7)))),26,,,...
L4H16R4,depth5,(91 + (((18 + 72) - (54 - 4)) - ((13 + 41) + (77 + 42)))) - (((6 - (98 - 21)) + ((63 - 14) - (79 - 33))) - ((59 - (57 - 57)) - ((41 - 14) + (82 + 25)))),-49,,,...
L4H16R4,depth5,((((51 + 14) - (82 - 46)) + ((43 - 37) + (1 + 24))) + (((30 + 7) + (23 + 10)) - ((42 + 24) - (42 - 29)))) - ((((92 - 28) + (39 + 0)) + ((88 + 19) + (31 + 45))) + (59 + ((35 + 58) + (2 + 70)))),-433,,,...
L4H16R4,depth5,((((78 - 55) - (69 - 27)) - ((65 - 92) - (78 + 60))) + (((69 - 6) - (64 + 55)) - ((21 + 49) + (39 - 61)))) + 20,62,,,...
L4H16R4,depth5,21 - (((12 + (5 + 28)) - ((28 + 9) + (31 - 39))) + (((16 - 85) - (70 - 0)) - 55)),199,,,...
L4H16R4,depth5,68 - ((((31 - 47) + (26 - 7)) + ((77 + 62) + 64)) + (65 + ((9 - 34) - (22 - 81)))),-237,,,...
L4H16R4,depth5,((((4 - 87) + (57 + 99)) + ((71 + 50) - (1 + 21))) - (((3 + 84) - (97 + 23)) + ((71 + 50) - (76 - 39)))) + (((76 + (52 - 99)) + ((58 - 81) - (92 + 47))) + (((48 - 31) + (85 - 14)) - 1)),75,,,...
L4H16R4,depth5,((((88 - 42) + (5 + 25)) + ((32 + 20) + (46 + 9))) + (((9 + 48) - (8 + 80)) - ((31 + 25) + 33))) + 38,101,,,...
L4H16R4,depth5,((((81 + 35) + (84 - 50)) + ((56 + 99) - (51 + 65))) + (((71 - 32) + (83 - 88)) + ((50 + 64) + (2 - 10)))) - ((((64 + 83) - (0 - 4)) + ((88 + 29) - (1 + 99))) - ((24 - (54 - 95)) - ((85 + 50) - (42 - 99)))),34,,,...
L8H8R16,max,((((46 + 44) - (38 - 60)) + ((74 + 38) - (78 - 79))) + (((31 + 82) + 27) - 60)) + 40,345,,,...
L8H8R16,max,55,55,,,...
L8H8R16,max,(13 - (58 + ((61 - 21) + (23 + 82)))) - 42,-232,,,...
L8H8R16,max,(((36 - (35 - 57)) - (94 + 36)) + (((37 + 31) - 77) - (67 + (16 + 39)))) - (1 + 80),-284,,,...
L8H8R16,max,72,72,,,...
L8H8R16,max,57 + ((((69 + 50) + (15 - 70)) - ((13 - 44) + (29 - 24))) - 65),82,,,...
L8H8R16,max,((35 + 54) + (((49 - 68) - (57 - 91)) + 19)) + 76,199,,,...
L8H8R16,max,38,38,,,...
L8H8R16,max,84,84,,,...
L8H8R16,max,93 + (92 - 27),158,,,...
L4H4R32,max,(88 + 37) - (47 + 91),-13,,,...
L4H4R32,max,16 + ((((19 + 56) + (67 - 82)) - ((32 - 9) + (35 + 48))) - (((84 + 82) + (51 - 80)) - ((50 + 80) - (47 - 0)))),-84,,,...
L4H4R32,max,64,64,,,...
L4H4R32,max,((((51 + 27) - (31 - 56)) - ((90 + 17) - 62)) - (((48 - 65) + (15 - 36)) + ((39 - 89) + (87 + 78)))) + 76,57,,,...
L4H4R32,max,((((77 - 46) - (88 - 35)) + 47) - (((71 - 24) - (22 - 50)) - ((94 - 83) + 87))) - (((45 - (73 + 34)) + 32) - 32),110,,,...
L4H4R32,max,32,32,,,...
L4H4R32,max,17,17,,,...
L4H4R32,max,((66 - ((0 + 19) + (5 - 59))) - 30) + ((((3 - 81) - (81 + 58)) + ((35 + 88) + (74 + 38))) + (38 + ((75 - 3) - (33 - 83)))),249,,,...
L4H4R32,max,2 + 51,53,,,...
L4H4R32,max,((((92 - 60) + (36 - 34)) + ((6 + 86) + (34 - 87))) + (((43 + 41) - 42) + ((29 + 80) + (45 + 6)))) + ((((74 - 19) + (18 + 81)) + (2 + (62 + 87))) - 41),539,,,...
L8H2R16,depth1,88 + 31,119,,,...
L8H2R16,depth1,75 - 24,51,,,...
L8H2R16,depth1,1 - 44,-43,,,...
L8H2R16,depth1,32 - 40,-8,,,...
L8H2R16,depth1,12 - 21,-9,,,...
L8H2R16,depth1,21 + 33,54,,,...
L8H2R16,depth1,73 - 1,72,,,...
L8H2R16,depth1,39 - 84,-45,,,...
L8H2R16,depth1,71 - 57,14,,,...
L8H2R16,depth1,8 + 90,98,,,...
L4H8R32,depth2,(82 + 64) + (24 - 24),146,,,...
L4H8R32,depth2,(21 - 81) - (68 - 54),-74,,,...
L4H8R32,depth2,(33 - 14) + (7 + 35),61,,,...
L4H8R32,depth2,(2 - 41) - (47 + 7),-93,,,...
L4H8R32,depth2,(86 + 5) - (7 + 68),16,,,...
L4H8R32,depth2,(47 - 32) + (4 + 86),105,,,...
L4H8R32,depth2,(47 - 84) - (57 + 94),-188,,,...
L4H8R32,depth2,(42 + 85) - (30 - 81),178,,,...
L4H8R32,depth2,(31 + 68) - (72 + 37),-10,,,...
L4H8R32,depth2,(45 - 7) - (75 - 80),43,,,...
L8H16R16,max,(88 - (((39 + 87) + (76 + 93)) + 1)) - ((((9 - 66) - 38) + 66) + (43 - ((6 + 76) + (19 + 75)))),-46,,,...
L8H16R16,max,38 - 15,23,,,...
L8H16R16,max,76 + (91 - (26 + 93)),48,,,...
L8H16R16,max,41 + (((6 - (46 - 58)) + (42 - 98)) - (70 + ((38 - 22) + 68))),-151,,,...
L8H16R16,max,54 + (74 - (64 - 72)),136,,,...
L8H16R16,max,((16 - ((30 + 92) + 19)) - 45) + (88 - 78),-160,,,...
L8H16R16,max,91 - (44 + (((92 - 90) - (97 + 8)) + ((21 - 76) - (48 + 25)))),278,,,...
L8H16R16,max,24 + ((((84 - 82) + (36 + 29)) - ((15 - 18) + 58)) - 14),22,,,...
L8H16R16,max,((68 + ((61 + 60) - (9 + 76))) + (((1 + 60) - 66) + ((8 - 37) + (41 - 60)))) + ((87 - ((7 + 92) + (36 + 89))) + ((42 + 38) + 51)),45,,,...
L8H16R16,max,58 + 38,96,,,...
L8H4R8,depth2,(53 - 14) - (99 - 68),8,,,...
L8H4R8,depth2,(47 - 16) + (46 + 64),141,,,...
L8H4R8,depth2,65 - (66 + 27),-28,,,...
L8H4R8,depth2,(7 - 67) - (90 + 36),-186,,,...
L8H4R8,depth2,94 + (90 - 48),136,,,...
L8H4R8,depth2,81 - (94 + 99),-112,,,...
L8H4R8,depth2,(50 - 51) + (27 + 44),70,,,...
L8H4R8,depth2,(74 - 30) + (33 + 59),136,,,...
L8H4R8,depth2,(26 - 36) - 34,-44,,,...
L8H4R8,depth2,(18 + 43) - (40 - 74),95,,,...
L2H8R32,depth2,(77 + 39) + (42 + 68),226,,,...
L2H8R32,depth2,(67 + 85) + (93 + 90),335,,,...
L2H8R32,depth2,(10 + 62) + 16,88,,,...
L2H8R32,depth2,(73 - 95) + (17 + 65),60,,,...
L2H8R32,depth2,(98 - 19) - (9 - 64),134,,,...
L2H8R32,depth2,(99 + 80) + (76 + 44),299,,,...
L2H8R32,depth2,(87 - 23) + (98 - 23),139,,,...
L2H8R32,depth2,(74 + 62) - (95 + 64),-23,,,...
L2H8R32,depth2,(43 + 74) - (73 + 70),-26,,,...
L2H8R32,depth2,(28 + 91) - (40 + 51),28,,,...
L2H8R8,depth4,(((15 - 84) + (9 - 50)) - ((61 + 47) + (13 - 85))) - (((94 - 19) + (32 + 56)) + (49 - (69 - 60))),-349,,,...
L2H8R8,depth4,(((50 - 56) + (88 + 3)) + ((22 - 18) - (26 - 55))) - (((37 + 60) - (42 - 62)) - ((58 - 94) - (63 + 83))),-181,,,...
L2H8R8,depth4,(((22 + 68) + (77 - 88)) - ((23 + 13) - (3 + 25))) + 27,98,,,...
L2H8R8,depth4,(((61 - 61) - (16 + 86)) - ((62 + 24) - (99 + 38))) - (((30 + 80) + (88 - 43)) - ((78 + 42) - (9 - 58))),-37,,,...
L2H8R8,depth4,(((31 - 23) - (24 - 75)) - ((21 - 69) + 43)) - (((43 + 96) - 26) - ((55 - 37) + (57 + 52))),78,,,...
L2H8R8,depth4,(((32 + 52) + (11 + 2)) - ((65 + 56) + (9 + 76))) + (((22 + 77) - (23 + 0)) - ((31 - 37) + (56 - 39))),-44,,,...
L2H8R8,depth4,(((42 + 82) - (50 + 6)) - ((71 - 75) - (68 - 32))) - (((76 + 2) + 31) - ((64 - 87) - (11 - 72))),37,,,...
L2H8R8,depth4,(((83 + 72) + (84 - 4)) + ((68 + 79) - (2 + 19))) + (((65 + 85) - 2) + 10),519,,,...
L2H8R8,depth4,(((89 - 80) - (7 + 41)) - ((10 - 51) - 67)) + (((66 - 66) + (93 - 56)) - 92),14,,,...
L2H8R8,depth4,(((54 - 30) + 26) + ((8 - 96) - (98 - 66))) - (((68 - 28) + (6 + 48)) + ((54 - 14) - 71)),-133,,,...
L8H8R32,max,19,19,,,...
L8H8R32,max,69,69,,,...
L8H8R32,max,((((44 - 8) - (44 + 3)) + ((8 + 5) + (94 - 90))) + (((94 + 68) + (63 + 26)) - ((37 - 26) - (70 - 55)))) - ((((66 + 26) - (17 + 48)) + 77) - 82),239,,,...
L8H8R32,max,(94 - (((65 + 22) - 56) + 96)) - (64 - 29),-68,,,...
L8H8R32,max,((76 - ((47 + 23) - (46 - 59))) - (((11 + 58) + (0 + 61)) + (42 - (12 + 78)))) + ((((18 + 91) - (53 + 74)) + ((79 - 85) - 35)) - 80),-228,,,...
L8H8R32,max,((((71 + 17) - (51 + 25)) + (84 + 66)) + (((76 + 47) - 11) - 0)) - 91,183,,,...
L8H8R32,max,((((55 + 8) - (72 - 58)) - 13) - ((65 + (24 - 82)) + ((74 - 82) + 19))) - (79 - (((31 + 86) + (98 + 84)) + 56)),294,,,...
L8H8R32,max,79,79,,,...
L8H8R32,max,4 - ((84 + 1) - (((7 + 3) + 25) - ((58 - 84) - 78))),58,,,...
L8H8R32,max,83,83,,,...
L6H8R32,max,(32 + (40 + (47 + (87 + 77)))) + (87 - (((79 + 61) - 61) - 43)),334,,,...
L6H8R32,max,36,36,,,...
L6H8R32,max,(62 + (46 - ((27 - 23) - (49 - 41)))) - (38 + (((74 + 11) + (38 + 67)) - ((86 - 81) - 63))),-174,,,...
L6H8R32,max,73 + 75,148,,,...
L6H8R32,max,14,14,,,...
L6H8R32,max,83,83,,,...
L6H8R32,max,((((91 - 9) - (58 + 37)) + 29) - 57) + ((((16 - 40) - (35 - 88)) - 41) + (((57 + 0) + (93 + 85)) - 79)),103,,,...
L6H8R32,max,((94 + ((18 - 35) + (55 + 41))) - (((64 + 15) + 64) + 90)) + 63,3,,,...
L6H8R32,max,84,84,,,...
L6H8R32,max,0,0,,,...
L8H16R32,depth3,((54 - 87) + (93 - 1)) - ((86 - 93) - (74 - 14)),126,,,...
L8H16R32,depth3,9 - ((46 - 30) - (61 + 78)),132,,,...
L8H16R32,depth3,((47 - 4) - 93) + 80,30,,,...
L8H16R32,depth3,25 + (40 - (1 + 16)),48,,,...
L8H16R32,depth3,((19 - 43) - (99 + 27)) - ((1 + 29) + (37 + 79)),-296,,,...
L8H16R32,depth3,(21 - (47 - 67)) - ((19 + 17) + (90 - 83)),-2,,,...
L8H16R32,depth3,((95 - 94) - (58 - 23)) + ((22 + 79) + (25 + 89)),181,,,...
L8H16R32,depth3,((92 - 28) + (21 - 69)) + ((96 - 32) - 93),-13,,,...
L8H16R32,depth3,((46 + 53) + (0 + 35)) + ((63 + 94) - 49),242,,,...
L8H16R32,depth3,65 + ((97 + 33) + (37 - 4)),228,,,...
L6H16R32,max,((((85 - 79) + (25 + 65)) - 75) + (((53 - 97) + (59 + 34)) - 36)) + (30 - (35 - ((93 - 55) + 77))),144,,,...
L6H16R32,max,(35 - ((83 + (64 - 30)) - ((56 - 43) + (79 - 44)))) + ((27 + ((43 + 38) + 33)) + (((86 + 83) + (79 + 90)) - ((58 - 92) + (56 - 4)))),427,,,...
L6H16R32,max,90,90,,,...
L6H16R32,max,(98 + (((59 + 71) + (57 - 60)) + ((53 - 0) + (26 - 49)))) + 92,347,,,...
L6H16R32,max,(41 + 21) - (59 - 64),67,,,...
L6H16R32,max,(81 + (8 - ((20 - 21) - (82 + 22)))) + (85 + ((26 + (3 + 8)) - (96 + (85 + 75)))),60,,,...
L6H16R32,max,(46 + (((92 - 37) - (64 - 85)) + (8 + (3 - 20)))) - (44 - (((45 - 67) + (29 + 72)) - 41)),107,,,...
L6H16R32,max,97,97,,,...
L6H16R32,max,((80 + 33) + (((46 - 30) + (21 - 78)) - 33)) - 35,4,,,...
L6H16R32,max,(1 - (((45 - 22) + (39 + 17)) + 6)) + ((((33 + 81) + (34 + 67)) + ((68 - 11) - 70)) + (((87 + 41) + 41) - ((7 + 69) - (28 + 1)))),240,,,...
L4H8R4,depth2,(8 + 36) - (83 - 76),37,,,...
L4H8R4,depth2,(84 + 45) + (9 + 58),196,,,...
L4H8R4,depth2,(75 + 29) - (56 - 27),75,,,...
L4H8R4,depth2,(44 - 38) + 23,29,,,...
L4H8R4,depth2,(42 + 61) + (62 + 60),225,,,...
L4H8R4,depth2,(96 - 49) + 1,48,,,...
L4H8R4,depth2,(39 - 11) - (74 + 62),-108,,,...
L4H8R4,depth2,(90 - 11) - (8 - 94),165,,,...
L4H8R4,depth2,(24 + 23) - 74,-27,,,...
L4H8R4,depth2,(91 + 16) + 66,173,,,...
L8H16R8,depth4,(((30 - 11) + (3 + 58)) + ((47 - 33) + (52 - 93))) + (((0 + 86) - (78 + 87)) + ((35 + 22) - (31 + 66))),-66,,,...
L8H16R8,depth4,(((89 + 80) - (23 + 81)) - ((34 + 99) + (92 - 76))) + (((45 - 19) - (8 - 83)) + ((18 + 92) + (46 - 99))),74,,,...
L8H16R8,depth4,76 - (((86 + 28) + (22 - 77)) - ((5 - 53) + (86 + 85))),140,,,...
L8H16R8,depth4,(((43 - 95) - (31 + 57)) + ((97 + 66) - (14 + 51))) - (((11 - 42) - (97 + 65)) + ((20 + 25) - 16)),122,,,...
L8H16R8,depth4,21 - (((8 - 15) + (2 + 11)) + ((40 - 26) - (17 + 20))),38,,,...
L8H16R8,depth4,(((65 - 43) - (0 + 57)) - ((45 + 53) + (5 + 77))) - ((60 + (57 - 72)) - 17),-243,,,...
L8H16R8,depth4,37 - (((85 - 45) - (47 + 96)) + 8),132,,,...
L8H16R8,depth4,((5 - (51 + 36)) - ((29 + 45) - (25 - 66))) + ((14 - (77 + 59)) - ((91 + 62) - (95 + 14))),-363,,,...
L8H16R8,depth4,(((71 + 57) + (97 - 59)) - ((82 + 79) - (73 + 24))) + (((39 - 47) + (88 - 92)) - ((19 + 54) - 73)),90,,,...
L8H16R8,depth4,(((25 + 99) - 44) + ((24 + 65) - 21)) - 52,96,,,...
L2H8R32,depth3,((76 - 32) + (4 + 68)) + ((15 - 39) + (26 + 96)),214,,,...
L2H8R32,depth3,65 - ((37 + 64) + (75 - 16)),-95,,,...
L2H8R32,depth3,((13 + 0) + (98 + 63)) + ((83 - 41) - 48),168,,,...
L2H8R32,depth3,29 - ((31 - 43) - (10 - 13)),38,,,...
L2H8R32,depth3,((86 - 56) + (46 + 16)) + ((96 + 67) + (86 - 43)),298,,,...
L2H8R32,depth3,((90 - 87) - (87 - 36)) - (76 + (91 + 13)),-228,,,...
L2H8R32,depth3,((61 - 96) - (2 + 53)) - ((7 - 62) + 38),-73,,,...
L2H8R32,depth3,73 - ((70 + 71) - 75),7,,,...
L2H8R32,depth3,(7 - (44 - 15)) + ((32 + 75) + (58 + 69)),212,,,...
L2H8R32,depth3,((95 - 92) - (91 - 20)) + ((60 + 22) + (52 + 3)),69,,,...
L6H2R16,depth1,1 - 37,-36,,,...
L6H2R16,depth1,51 - 66,-15,,,...
L6H2R16,depth1,28 + 60,88,,,...
L6H2R16,depth1,53 - 64,-11,,,...
L6H2R16,depth1,60 + 43,103,,,...
L6H2R16,depth1,63 + 68,131,,,...
L6H2R16,depth1,9 + 76,85,,,...
L6H2R16,depth1,12 - 92,-80,,,...
L6H2R16,depth1,31 - 17,14,,,...
L6H2R16,depth1,70 + 21,91,,,...
L6H8R8,depth1,65 + 65,130,,,...
L6H8R8,depth1,35 + 2,37,,,...
L6H8R8,depth1,94 - 98,-4,,,...
L6H8R8,depth1,0 - 65,-65,,,...
L6H8R8,depth1,17 - 3,14,,,...
L6H8R8,depth1,54 + 42,96,,,...
L6H8R8,depth1,43 - 82,-39,,,...
L6H8R8,depth1,36 + 82,118,,,...
L6H8R8,depth1,41 - 98,-57,,,...
L6H8R8,depth1,46 - 54,-8,,,...
L6H8R8,depth3,((17 + 53) + (6 - 85)) - ((69 - 72) + 25),-31,,,...
L6H8R8,depth3,(16 + (17 - 92)) + 11,-48,,,...
L6H8R8,depth3,((91 - 64) - (72 + 28)) - ((38 + 69) + (51 - 96)),-135,,,...
L6H8R8,depth3,((37 - 1) + 47) + ((39 + 36) - (1 + 49)),108,,,...
L6H8R8,depth3,((51 - 74) + (67 - 57)) + ((81 - 91) + (81 - 62)),-4,,,...
L6H8R8,depth3,((99 - 8) + (60 + 82)) + ((68 + 43) + (55 - 82)),317,,,...
L6H8R8,depth3,((56 - 69) + (60 + 99)) + ((16 - 78) - (66 - 40)),58,,,...
L6H8R8,depth3,73 - ((40 + 79) - (14 + 65)),33,,,...
L6H8R8,depth3,((72 - 62) - (64 + 22)) + ((32 - 89) + 41),-92,,,...
L6H8R8,depth3,((95 + 36) + (22 + 94)) + ((62 + 9) + (96 - 15)),399,,,...
L4H8R4,depth4,(((75 + 6) + (68 - 54)) + ((38 - 11) - (95 - 48))) - (((99 - 43) - 0) + ((38 + 49) + (79 - 92))),-55,,,...
L4H8R4,depth4,(((73 + 79) + 29) - ((52 + 56) - (36 + 62))) + (99 - ((70 + 57) + 94)),49,,,...
L4H8R4,depth4,(((95 + 75) + (69 + 57)) - (40 - (67 - 23))) + (((65 + 74) - (3 + 27)) - ((49 + 5) + 46)),309,,,...
L4H8R4,depth4,(((82 + 83) - (23 + 95)) + ((38 + 6) - (9 - 39))) + (((13 - 96) + 32) - ((77 + 3) + 61)),-71,,,...
L4H8R4,depth4,(((49 - 93) + (70 + 6)) + (28 - (51 - 49))) + (((27 - 1) + (31 + 10)) + 81),206,,,...
L4H8R4,depth4,16 + (((58 - 91) + (99 - 91)) - ((18 + 39) - (91 - 45))),-20,,,...
L4H8R4,depth4,(((10 + 74) + (60 + 12)) - ((93 + 31) + (15 + 16))) + (((24 + 64) + (38 + 12)) - ((66 - 20) + (0 + 4))),89,,,...
L4H8R4,depth4,(((30 + 41) + (64 - 35)) + ((62 - 3) - (85 - 40))) - (16 - ((62 + 3) + (87 + 31))),281,,,...
L4H8R4,depth4,(74 + ((61 + 53) - (84 + 86))) + (((88 - 1) + (93 - 79)) - ((69 + 72) - (60 - 84))),-46,,,...
L4H8R4,depth4,(((26 - 18) + (4 + 93)) - ((80 - 95) + (72 - 12))) - (((37 - 44) + (56 - 87)) - ((55 + 47) + (96 - 22))),274,,,...
L4H4R8,depth4,(((59 - 2) - (6 - 24)) + 86) + (((60 + 68) + (16 + 66)) - ((5 - 25) - (24 - 54))),361,,,...
L4H4R8,depth4,42 + (((38 - 15) - (95 - 75)) - ((32 + 90) + (33 + 49))),-159,,,...
L4H4R8,depth4,(((74 + 30) + (74 + 76)) + ((53 - 40) - (36 - 93))) + (((90 - 69) + (34 + 10)) - ((76 - 97) + (20 + 51))),339,,,...
L4H4R8,depth4,46 - (26 + ((25 + 59) + (64 - 39))),-89,,,...
L4H4R8,depth4,(29 + ((13 + 58) + (13 - 48))) - (((40 + 54) - (4 - 72)) - ((85 - 17) + 74)),45,,,...
L4H4R8,depth4,(((90 - 41) - (9 + 39)) - ((85 - 20) - (6 + 80))) - (((7 - 3) - (93 + 90)) - ((85 - 7) + 47)),326,,,...
L4H4R8,depth4,(((51 - 3) - (86 - 69)) - ((92 - 11) - (63 + 3))) + (((86 - 43) + (52 - 28)) - ((94 - 24) + (41 - 15))),-13,,,...
L4H4R8,depth4,(((21 - 1) + (64 + 5)) + ((57 + 38) + (39 + 87))) + (29 - ((2 + 64) - (69 + 17))),359,,,...
L4H4R8,depth4,(((74 - 40) + (67 - 81)) - ((72 - 21) + (23 + 22))) + (((8 - 76) + (77 + 15)) - ((2 - 10) + (96 + 62))),-202,,,...
L4H4R8,depth4,(((64 - 58) - (50 - 85)) - ((96 + 89) + (15 - 51))) - (((21 - 31) + (66 - 86)) + ((51 + 80) - 58)),-151,,,...
L6H4R8,depth5,((((60 - 80) - (69 + 65)) - ((72 - 51) - 36)) - (((10 - 37) - (90 - 39)) - ((57 - 88) - (0 - 46)))) - ((((10 + 91) - 98) - ((60 + 38) + (59 - 73))) + 69),-34,,,...
L6H4R8,depth5,((((12 + 23) + (51 + 29)) - ((41 - 8) - 61)) - (55 - ((51 + 49) - (56 + 77)))) - 69,-14,,,...
L6H4R8,depth5,((((56 - 34) - (78 + 80)) - ((25 + 33) + (80 + 11))) + (((52 - 50) + (13 + 94)) - ((25 - 12) + (11 + 76)))) + (28 - (((45 - 11) + (63 + 90)) + ((2 + 28) + (44 - 34)))),-475,,,...
L6H4R8,depth5,((((82 - 16) + (9 + 33)) + ((11 - 45) + (62 + 2))) - (((45 - 70) + (52 - 70)) - ((23 - 21) - (19 + 14)))) - ((((90 - 11) - (32 + 16)) - ((65 + 79) - (11 - 21))) + (((3 - 48) - (73 - 30)) + ((23 + 46) + (80 - 92)))),304,,,...
L6H4R8,depth5,((((54 + 13) + (78 + 10)) + ((20 + 79) - (46 - 48))) - (((58 + 18) + (65 - 44)) + ((64 - 61) - (98 + 89)))) - (((44 + (73 - 44)) + ((76 - 18) + (47 + 99))) + (55 + ((53 - 4) - (90 + 3)))),55,,,...
L6H4R8,depth5,(((54 + (16 + 28)) + ((62 + 50) + (41 + 51))) + (((49 - 5) - (44 - 43)) + ((61 - 66) - (13 + 69)))) + 95,353,,,...
L6H4R8,depth5,((45 + ((42 - 63) + (63 - 38))) + 5) - ((81 - ((57 + 40) - (84 + 4))) + ((74 + (77 + 14)) - (71 + (3 - 38)))),-147,,,...
L6H4R8,depth5,83 + ((((94 + 54) + (82 + 82)) + ((59 + 85) + (24 + 34))) - (((4 - 23) + (32 + 30)) + ((76 + 85) + (60 - 39)))),372,,,...
L6H4R8,depth5,((((83 - 9) + (21 + 60)) - ((64 - 34) + 32)) - (((91 + 16) + (45 - 63)) - 34)) + ((((32 - 65) + (32 + 32)) + ((25 + 59) + (39 + 97))) + (((94 - 56) - (69 + 10)) + ((28 + 70) + (52 - 67)))),331,,,...
L6H4R8,depth5,((((83 + 51) - (20 - 20)) + ((20 - 89) + (17 - 2))) + (((15 - 50) - (62 - 27)) + (68 + (68 + 51)))) + 97,294,,,...
L2H4R8,depth1,11 + 20,31,,,...
L2H4R8,depth1,17 + 58,75,,,...
L2H4R8,depth1,14 - 29,-15,,,...
L2H4R8,depth1,50 + 94,144,,,...
L2H4R8,depth1,88 + 82,170,,,...
L2H4R8,depth1,15 + 61,76,,,...
L2H4R8,depth1,65 + 55,120,,,...
L2H4R8,depth1,25 + 38,63,,,...
L2H4R8,depth1,97 - 79,18,,,...
L2H4R8,depth1,54 - 40,14,,,...
L6H8R4,depth2,(70 - 67) - (1 - 30),32,,,...
L6H8R4,depth2,(23 + 66) - (34 + 85),-30,,,...
L6H8R4,depth2,(50 + 5) + (48 - 77),26,,,...
L6H8R4,depth2,(10 - 11) - (42 - 93),50,,,...
L6H8R4,depth2,55 - (21 + 91),-57,,,...
L6H8R4,depth2,(85 + 84) + 30,199,,,...
L6H8R4,depth2,(36 + 43) - (30 - 20),69,,,...
L6H8R4,depth2,(19 - 54) + (76 - 5),36,,,...
L6H8R4,depth2,(14 - 34) + (56 + 22),58,,,...
L6H8R4,depth2,(26 - 0) - 51,-25,,,...
L6H16R16,depth4,(((43 + 67) - (33 - 12)) - ((51 - 82) + (44 + 11))) - (((11 + 41) + (84 - 88)) + ((13 + 40) + (43 - 75))),-4,,,...
L6H16R16,depth4,(((1 + 44) + (34 + 50)) - ((10 + 78) - (4 - 38))) - (((80 - 24) + 83) + ((46 + 54) + (59 + 20))),-311,,,...
L6H16R16,depth4,65 - (24 + ((52 - 75) + 66)),-2,,,...
L6H16R16,depth4,(((56 - 76) - (70 - 28)) - ((83 + 99) + (49 + 3))) + (((0 - 68) + (28 + 51)) - ((45 + 66) + (33 + 36))),-465,,,...
L6H16R16,depth4,(((44 - 23) + 24) - ((77 + 51) + (8 + 77))) - (((89 + 7) - (3 - 90)) - ((50 - 46) - (47 + 68))),-462,,,...
L6H16R16,depth4,(((29 + 30) + (70 + 95)) + ((74 - 82) - (92 + 39))) - (((14 - 93) - (94 - 15)) - ((58 - 59) - (97 - 25))),170,,,...
L6H16R16,depth4,(((65 + 9) - (22 + 95)) + ((24 + 63) + (84 + 97))) - (((94 - 12) - (24 - 78)) - ((37 + 59) + (60 - 66))),179,,,...
L6H16R16,depth4,(((6 + 71) + (9 - 13)) + ((33 + 44) - (51 + 91))) - (((56 - 91) + (5 + 30)) - ((77 + 65) + 86)),236,,,...
L6H16R16,depth4,(((26 - 15) - (57 - 98)) + ((77 - 67) - (76 + 72))) + ((14 + (8 - 8)) - ((15 + 53) - (61 + 17))),-62,,,...
L6H16R16,depth4,(((61 - 60) - (0 + 62)) + ((33 - 56) - (16 + 91))) - (((1 + 97) - (63 - 69)) + ((89 - 36) - (25 - 85))),-408,,,...
L4H16R4,depth3,((23 + 88) + (22 + 61)) + 61,255,,,...
L4H16R4,depth3,((64 + 75) + (0 - 9)) + ((84 + 53) - 4),263,,,...
L4H16R4,depth3,((58 - 88) + 9) + ((91 - 17) - (76 - 14)),-9,,,...
L4H16R4,depth3,((78 + 68) - (14 + 58)) + ((22 - 8) + (50 + 59)),197,,,...
L4H16R4,depth3,((82 - 80) + (93 - 54)) + ((39 - 61) - (56 - 28)),-9,,,...
L4H16R4,depth3,((53 - 63) - (10 - 61)) + (82 + (83 - 87)),119,,,...
L4H16R4,depth3,((40 - 96) + (29 - 22)) - 93,-142,,,...
L4H16R4,depth3,((49 + 20) - (16 + 52)) + 20,21,,,...
L4H16R4,depth3,((32 + 32) - (20 - 96)) - 21,119,,,...
L4H16R4,depth3,(52 + (99 - 19)) - ((67 + 82) - (30 + 85)),98,,,...
L6H4R16,depth5,((((7 + 12) - (64 - 88)) - ((16 - 16) + (85 + 42))) - (((66 + 77) + (86 - 97)) + ((67 - 61) - (64 + 23)))) + ((((18 - 99) + (60 + 48)) - ((31 - 14) + (79 - 89))) + (((61 + 20) - (51 + 64)) + ((4 + 82) - (7 - 54)))),-16,,,...
L6H4R16,depth5,((((5 + 76) + (66 + 80)) - ((85 - 8) - 13)) + (((40 + 79) - (43 + 60)) - ((43 - 90) + (49 + 97)))) + ((((66 - 60) + (94 - 17)) - ((78 - 62) - (49 - 43))) - (((45 - 52) + (85 + 52)) + ((32 + 58) + (52 - 11)))),-108,,,...
L6H4R16,depth5,((((36 - 44) - (73 - 16)) - 49) + (((85 + 38) - (59 + 81)) + ((36 + 46) - (79 + 35)))) - 74,-237,,,...
L6H4R16,depth5,((((88 + 74) - (89 + 90)) - ((74 + 69) - (22 - 79))) + 40) - ((((82 + 69) - (72 + 30)) - ((54 + 57) - (27 + 73))) + (((40 - 95) + (87 + 34)) - ((24 - 58) - (22 + 87)))),-424,,,...
L6H4R16,depth5,84 + ((((1 + 1) + (15 + 72)) + ((67 - 70) - (25 - 32))) + (((7 + 89) + 47) - ((11 - 97) - 42))),448,,,...
L6H4R16,depth5,((((46 + 99) - (65 + 94)) - ((63 + 97) - (23 + 61))) - (((24 + 39) + (3 - 19)) - ((69 + 48) - (31 - 95)))) - (39 + (((97 - 97) + (40 + 65)) - ((15 - 33) + (79 + 49)))),10,,,...
L6H4R16,depth5,((((37 - 37) + (44 + 36)) - ((75 + 81) + (50 - 91))) - (((57 - 92) - (99 + 33)) + ((24 - 38) + (71 - 48)))) - ((((97 - 84) + 19) - ((90 + 11) + (4 - 11))) - (((59 - 3) + (42 - 58)) - ((41 - 55) - (83 + 6)))),328,,,...
L6H4R16,depth5,((95 + ((52 + 79) + (92 + 93))) + (((45 - 37) + (13 + 34)) - ((13 - 62) - (60 + 73)))) + ((((24 + 27) + (88 + 35)) + ((25 + 30) + (67 - 83))) + (((13 + 0) + (77 - 79)) - ((71 - 47) + (82 + 38)))),728,,,...
L6H4R16,depth5,((((86 - 59) - 37) + ((28 + 75) - 16)) + (((25 - 87) - (64 + 22)) + ((44 - 32) - (63 - 23)))) - ((((90 - 16) - (5 + 75)) - 90) - 96),93,,,...
L6H4R16,depth5,((70 - ((68 - 15) - (36 - 48))) - (((3 + 19) + (95 + 77)) - ((99 - 34) - (98 - 80)))) - ((((91 + 19) + (79 + 21)) - ((71 + 90) - (50 - 68))) - (((85 + 47) + (84 - 11)) - (85 + (93 - 27)))),-119,,,...
L2H8R32,max,((8 - ((33 - 42) - (21 - 4))) - (((13 + 24) + (90 - 62)) + ((91 - 57) + (66 - 4)))) + 29,-98,,,...
L2H8R32,max,(21 + (((29 - 83) + (63 + 67)) - ((77 + 61) + (4 + 56)))) - 5,-106,,,...
L2H8R32,max,((((12 + 54) - (72 - 78)) + ((77 + 57) + (90 - 12))) - (39 + (88 + (69 - 24)))) - (((98 + (94 + 56)) + ((5 + 65) - (24 + 45))) + (((9 + 84) + 53) - ((70 + 55) - (64 - 43)))),-179,,,...
L2H8R32,max,42,42,,,...
L2H8R32,max,86,86,,,...
L2H8R32,max,2,2,,,...
L2H8R32,max,3,3,,,...
L2H8R32,max,((76 - (32 + 12)) - 27) - ((5 - ((75 - 27) - (28 + 68))) + (24 + ((53 + 7) - (10 - 96)))),-218,,,...
L2H8R32,max,94,94,,,...
L2H8R32,max,(38 + 95) - 58,75,,,...
L6H8R4,depth5,(78 + (((28 + 61) - (82 + 91)) + ((59 - 52) + (77 - 68)))) - ((53 - ((62 + 53) - (63 + 36))) - (((46 + 61) - (41 + 2)) + ((81 + 14) - 73))),59,,,...
L6H8R4,depth5,((((11 + 19) - (70 - 71)) + 5) - (((37 - 18) + (96 - 77)) - ((83 - 73) - (34 - 76)))) - 68,-18,,,...
L6H8R4,depth5,((((26 + 44) - (29 + 79)) + ((45 - 85) + (98 + 31))) - 85) - ((((99 - 38) - (75 - 42)) - ((99 + 73) + (97 - 82))) + (((24 - 6) - (15 - 48)) + ((91 - 36) + (69 + 50)))),-100,,,...
L6H8R4,depth5,(((59 + (37 - 28)) - ((23 + 75) + (87 - 49))) - 88) + ((((1 - 8) + (52 - 87)) + ((63 + 97) + (80 + 77))) + (((39 + 53) + (66 + 37)) + ((93 + 61) + (77 - 73)))),472,,,...
L6H8R4,depth5,((((43 - 17) + (34 + 43)) - ((98 - 33) + (64 - 44))) + (((53 - 78) - (90 - 16)) + ((33 + 61) + (45 + 69)))) + ((((43 - 72) - (74 - 78)) - ((89 - 41) - (2 + 8))) - (63 - ((58 + 5) - (7 + 10)))),47,,,...
L6H8R4,depth5,((((23 - 53) - (66 - 36)) + ((22 + 28) + (64 + 65))) + (((19 - 46) - (4 - 65)) + (14 + (2 + 30)))) + ((((97 - 64) - (5 + 67)) - ((34 - 54) + (2 + 86))) - ((40 - (86 + 22)) - 95)),255,,,...
L6H8R4,depth5,((((69 - 20) + (73 + 65)) + ((32 + 81) - (49 + 71))) - 30) - ((((38 - 56) + (75 - 30)) + ((46 + 13) - (4 - 13))) - (((68 - 87) - (51 - 47)) + ((48 + 26) + (81 + 85)))),272,,,...
L6H8R4,depth5,((((7 - 88) - 33) + 91) + (((43 - 23) - (5 - 7)) + (41 - (90 - 63)))) + ((((92 + 97) - (83 + 45)) + ((77 - 19) + (84 + 19))) - (((59 + 79) + (46 + 50)) + ((30 + 13) + (70 - 20)))),-92,,,...
L6H8R4,depth5,((((38 + 96) + (4 - 62)) + ((40 + 11) + (31 + 15))) - 66) - ((((64 + 3) - (39 + 64)) + ((26 - 70) - (31 - 86))) + ((88 - (66 - 88)) - ((76 + 98) - (71 - 0)))),125,,,...
L6H8R4,depth5,((((39 - 78) + (25 + 80)) - ((84 + 76) - (97 - 10))) - (((60 + 96) + (67 + 66)) + ((19 - 27) + (71 + 7)))) + ((((19 - 52) + (78 + 8)) - ((2 + 57) + (18 - 44))) - 33),-379,,,...
L8H4R8,depth4,(((42 - 44) - (77 + 52)) - 50) + ((36 - (23 - 89)) - ((76 - 36) - (25 + 57))),-37,,,...
L8H4R8,depth4,(((86 - 56) - (47 - 46)) + ((25 - 74) - (70 + 54))) - 2,-146,,,...
L8H4R8,depth4,((1 + (46 + 81)) - (55 - (77 - 2))) + (((38 + 64) + 3) - ((41 - 62) - (86 + 21))),381,,,...
L8H4R8,depth4,((42 - (89 - 88)) - 9) + (((98 + 71) + (83 - 24)) - (23 - (95 + 34))),366,,,...
L8H4R8,depth4,(((91 + 11) + (15 + 84)) - ((94 - 0) + (70 - 59))) + (((35 + 38) + (18 + 20)) - (21 - (33 + 91))),310,,,...
L8H4R8,depth4,90 + (((89 - 8) - (31 - 93)) - ((72 + 97) + (47 - 43))),60,,,...
L8H4R8,depth4,17 + (((34 - 96) - (94 - 6)) - ((92 + 39) + 49)),-313,,,...
L8H4R8,depth4,(((80 - 97) + (89 - 62)) - ((19 - 13) + 58)) + (((75 + 89) + (78 - 36)) + ((36 + 71) + 62)),321,,,...
L8H4R8,depth4,(((10 - 63) - (65 + 39)) + ((94 - 79) + (41 + 68))) + (((82 - 74) - (2 + 73)) - ((25 + 89) + (36 - 64))),-186,,,...
L8H4R8,depth4,(((62 + 60) + (88 - 96)) + ((13 - 8) + (28 - 25))) + (((62 + 37) + (90 + 95)) - ((60 - 52) - 45)),443,,,...
L4H4R32,depth4,(((18 - 45) + (7 + 6)) - (54 - (23 + 65))) + (((3 - 53) - (39 + 41)) - ((43 + 69) + (89 - 86))),-225,,,...
L4H4R32,depth4,((83 + (92 - 22)) + ((63 - 63) + (25 + 8))) - 71,115,,,...
L4H4R32,depth4,(((87 + 38) - (96 + 83)) - (44 + (54 + 76))) - (((94 - 83) + (89 - 39)) - (24 + (95 - 63))),-233,,,...
L4H4R32,depth4,(((34 + 77) - (39 - 1)) + ((18 + 96) + (22 - 75))) - (((64 + 79) - (31 + 84)) + (56 + (11 + 26))),13,,,...
L4H4R32,depth4,(70 + ((16 + 98) - 75)) + (((83 + 92) + (90 + 75)) - (54 + (48 - 28))),375,,,...
L4H4R32,depth4,(((84 + 41) - (18 + 8)) - ((75 + 95) + 47)) + (((68 + 95) - (38 + 15)) + ((66 + 68) + (61 + 34))),221,,,...
L4H4R32,depth4,(((75 + 21) - (21 - 60)) - ((38 + 57) + (52 + 99))) + (((52 + 21) + 90) - ((41 + 23) + (59 - 30))),-41,,,...
L4H4R32,depth4,(((98 - 43) - (38 + 31)) - ((39 - 36) - (19 - 54))) - (((37 - 27) + (54 + 11)) + ((87 + 67) - (23 - 78))),-336,,,...
L4H4R32,depth4,(((34 - 77) + (60 - 4)) + ((16 - 88) - (65 - 54))) + (((94 - 36) - (72 + 34)) + ((62 + 75) - 7)),12,,,...
L4H4R32,depth4,((70 + (82 - 14)) - ((70 + 66) - (43 + 53))) + (((99 + 91) - (12 - 54)) + ((18 - 17) - (39 + 47))),245,,,...
L4H8R8,depth1,34 - 21,13,,,...
L4H8R8,depth1,70 + 3,73,,,...
L4H8R8,depth1,56 + 19,75,,,...
L4H8R8,depth1,0 - 33,-33,,,...
L4H8R8,depth1,59 - 37,22,,,...
L4H8R8,depth1,7 - 47,-40,,,...
L4H8R8,depth1,28 - 77,-49,,,...
L4H8R8,depth1,24 + 69,93,,,...
L4H8R8,depth1,43 + 46,89,,,...
L4H8R8,depth1,9 + 5,14,,,...
L6H16R16,depth5,((((72 + 0) + (38 + 82)) + ((74 + 32) + 37)) - (((74 - 97) + (41 - 40)) + ((77 - 5) - (27 - 82)))) + ((((84 + 91) - (19 - 23)) + ((18 - 67) - (52 + 94))) + (((60 - 26) - (7 + 23)) - (42 + (97 + 49)))),30,,,...
L6H16R16,depth5,((((97 - 16) + (53 + 18)) - (77 - (12 - 16))) - 24) - ((78 + ((72 + 99) + 6)) - (((23 + 77) + 40) - ((68 + 5) - (6 + 23)))),-112,,,...
L6H16R16,depth5,((2 - ((3 + 80) - (4 + 50))) + (((34 - 15) - 44) - ((89 - 41) + (37 - 57)))) + 25,-55,,,...
L6H16R16,depth5,(((21 + (4 - 85)) + ((78 - 97) + (56 + 39))) + (((82 - 12) + 83) + ((7 + 25) + (55 + 47)))) + ((((58 + 15) - (56 + 71)) + ((80 + 20) + (46 + 35))) + (((96 - 74) - (26 - 75)) - 95)),406,,,...
L6H16R16,depth5,((((3 + 77) - (46 - 32)) + ((70 - 6) - (87 + 17))) + (((3 - 97) - (48 - 61)) - ((79 - 64) + (77 - 38)))) - ((((75 + 68) + (81 - 5)) + ((13 - 0) + 31)) - ((42 - (67 + 30)) - ((94 + 38) - (45 - 29)))),-543,,,...
L6H16R16,depth5,((((64 - 0) + (20 + 38)) + 71) - (((61 + 89) + (81 + 48)) - ((39 - 99) - (75 - 98)))) + (11 + (((87 - 54) - (15 - 24)) + ((25 - 20) - 20))),-85,,,...
L6H16R16,depth5,((73 + ((47 + 42) + (96 - 68))) + (((39 - 37) - 8) + ((69 - 14) - (63 - 72)))) - ((78 + ((62 - 20) + (42 + 82))) + 16),-12,,,...
L6H16R16,depth5,((((43 - 62) - (92 + 32)) + (54 - (29 + 40))) + (((66 - 80) - (32 + 43)) - ((84 + 94) + (25 - 87)))) - ((((46 - 73) - (78 - 57)) - ((91 + 14) + (23 - 95))) - ((82 + (95 + 57)) + ((66 - 39) - (78 + 48)))),-147,,,...
L6H16R16,depth5,13 + ((((72 - 1) - (50 + 8)) + ((94 + 33) - (38 - 61))) - (((17 - 38) - (11 + 25)) + 43)),190,,,...
L6H16R16,depth5,((((23 + 57) - (49 - 92)) - (32 + (63 - 13))) - (((91 - 49) + (22 + 99)) - ((18 + 23) + (77 - 2)))) - ((((82 + 65) + (13 - 22)) + ((18 - 56) + (40 + 43))) + 16),-205,,,...
L2H4R8,depth3,((77 + 53) - (54 - 87)) - ((50 - 3) + (30 - 6)),92,,,...
L2H4R8,depth3,((62 - 61) + (65 - 43)) + ((90 - 32) + (39 + 94)),214,,,...
L2H4R8,depth3,((50 + 57) + (95 + 73)) + 17,292,,,...
L2H4R8,depth3,((99 - 62) + (2 - 86)) + ((30 - 27) - (16 - 30)),-30,,,...
L2H4R8,depth3,((62 - 15) - (97 - 69)) - ((24 - 88) - (9 - 40)),52,,,...
L2H4R8,depth3,((54 - 42) + 86) + (72 - (18 - 82)),234,,,...
L2H4R8,depth3,((56 - 24) - (59 + 52)) + ((85 + 95) - (76 + 46)),-21,,,...
L2H4R8,depth3,((2 - 20) + (54 - 75)) - ((41 - 15) - (17 + 7)),-41,,,...
L2H4R8,depth3,((59 - 22) + (19 + 81)) - ((20 - 86) - (90 - 93)),200,,,...
L2H4R8,depth3,((17 - 92) - (36 + 65)) - ((85 - 12) - (75 + 26)),-148,,,...
L4H4R32,depth5,((46 + ((63 + 2) + (11 + 52))) - 0) - ((((54 - 57) + (66 + 42)) + ((46 + 36) + (83 - 37))) + ((27 + (80 + 24)) + 9)),-199,,,...
L4H4R32,depth5,((((37 + 9) - (7 - 49)) + ((4 + 29) - 9)) - 73) - ((((36 - 80) - (76 - 92)) - ((29 - 19) - (47 - 73))) - (((24 - 73) - (61 - 77)) + (92 + (69 - 97)))),134,,,...
L4H4R32,depth5,((((0 - 95) - (75 + 93)) + ((3 - 18) - (85 - 4))) - (((89 - 68) + (42 - 13)) - ((10 - 86) - (36 + 90)))) - 41,-652,,,...
L4H4R32,depth5,((((6 - 17) + (49 + 84)) - ((28 + 59) + (34 - 83))) - (((33 + 42) + (18 - 83)) - ((13 - 37) + (58 + 93)))) - ((((6 - 40) - (36 - 77)) - ((56 - 72) - 53)) + (80 - ((36 + 38) - (76 + 32)))),11,,,...
L4H4R32,depth5,(((69 + (14 - 4)) + ((10 + 90) - (35 - 9))) + (((95 - 6) - (51 - 40)) + ((41 - 22) + (15 - 65)))) - (63 + (((90 + 27) + (56 - 31)) - ((4 + 79) - (49 - 99)))),128,,,...
L4H4R32,depth5,((((72 - 87) + (80 - 1)) + ((87 + 86) - (42 - 69))) + 71) - ((((32 + 58) - 16) + 53) + (((70 + 49) + (86 - 61)) - ((46 + 32) + 98))),240,,,...
L4H4R32,depth5,((((70 - 90) + (87 + 34)) - ((5 + 85) + (53 - 81))) - (((62 - 79) + (80 + 55)) + ((4 + 40) + (62 - 30)))) + ((((89 + 50) - (15 - 41)) + ((46 + 5) - (8 - 84))) - (((19 - 59) + 70) + ((99 + 83) - (67 + 11)))),3,,,...
L4H4R32,depth5,((((81 + 18) - (21 + 95)) + ((94 - 85) + (76 + 57))) - (((71 + 90) + (82 - 98)) + ((3 + 57) + (56 + 26)))) + ((((3 + 25) - (17 + 20)) + ((88 - 53) + (74 - 93))) - (((72 - 71) - (66 + 20)) + ((21 - 55) - (76 + 99)))),139,,,...
L4H4R32,depth5,(34 - (((22 - 43) + 18) + 32)) + ((((51 - 27) - (25 + 30)) - ((41 - 58) - (52 - 17))) - (((18 - 65) + (62 - 14)) + ((26 + 59) - (81 + 76)))),97,,,...
L4H4R32,depth5,((((80 - 22) - (46 - 76)) - ((15 - 96) - 80)) + (((69 + 95) + (57 + 70)) + 11)) + (41 - (((74 - 36) + (95 - 65)) + ((8 + 4) - (48 - 79)))),481,,,...
L4H8R16,depth4,(((36 - 43) + (40 - 51)) - ((79 - 7) + (1 + 68))) + (((32 + 85) - (84 - 8)) - ((61 + 84) + (56 + 42))),-361,,,...
L4H8R16,depth4,76 + (((15 - 63) - 26) + ((63 + 7) + (82 - 88))),66,,,...
L4H8R16,depth4,(66 - ((34 + 96) + (52 + 90))) + (((94 - 9) + (17 - 28)) - 92),-224,,,...
L4H8R16,depth4,(((70 - 19) - (3 + 94)) + ((38 - 86) - (8 + 59))) - (21 - ((34 + 94) + (77 - 0))),23,,,...
L4H8R16,depth4,(((96 - 91) + (44 - 17)) - 64) + 23,-9,,,...
L4H8R16,depth4,(18 - ((83 + 1) - (27 + 48))) - (((8 + 26) + (9 - 83)) - ((73 - 47) + (37 + 25))),137,,,...
L4H8R16,depth4,(((72 - 1) - (0 - 40)) + ((57 + 42) - (43 - 95))) - (((1 - 63) - (13 - 27)) + ((63 + 20) - 55)),282,,,...
L4H8R16,depth4,(((63 - 92) - (50 - 82)) + ((70 - 11) - 8)) + (((79 + 36) + (70 + 49)) - ((17 + 55) + (48 + 20))),148,,,...
L4H8R16,depth4,(((4 - 6) - (45 + 33)) + ((6 - 3) - (54 - 77))) + (11 - ((47 + 53) + 35)),-178,,,...
L4H8R16,depth4,(((1 + 97) + (4 - 14)) + ((69 + 53) + (35 + 12))) - (((77 - 88) + (71 + 93)) + ((73 - 75) - 4)),110,,,...
L8H2R32,depth3,((42 + 23) + (59 - 97)) + (94 - (18 - 42)),145,,,...
L8H2R32,depth3,(11 - (87 - 36)) + ((78 + 38) - (77 + 15)),-16,,,...
L8H2R32,depth3,((84 - 79) + (1 - 37)) + (37 + (28 - 55)),-21,,,...
L8H2R32,depth3,((73 - 99) - (73 - 30)) + ((76 + 49) + (98 + 93)),247,,,...
L8H2R32,depth3,((63 + 48) - (44 + 51)) - ((95 + 71) + (81 + 21)),-252,,,...
L8H2R32,depth3,((72 + 76) - (27 - 62)) + ((72 - 61) - 4),190,,,...
L8H2R32,depth3,((50 + 50) - 61) - ((60 + 57) + (22 + 42)),-142,,,...
L8H2R32,depth3,((56 - 51) + (94 - 3)) + ((96 - 6) + (32 - 12)),206,,,...
L8H2R32,depth3,19 - ((55 + 2) - (20 - 78)),-96,,,...
L8H2R32,depth3,((53 + 85) - (63 - 76)) + (50 - (31 + 19)),151,,,...
L2H4R32,max,72 - (((2 - (39 - 86)) - (57 - 50)) + ((59 + (4 - 93)) - (23 + (25 + 10)))),118,,,...
L2H4R32,max,70 - 16,54,,,...
L2H4R32,max,3,3,,,...
L2H4R32,max,45,45,,,...
L2H4R32,max,(48 - (((71 - 41) - (95 + 48)) - (34 - (97 + 38)))) + (45 + 43),148,,,...
L2H4R32,max,42,42,,,...
L2H4R32,max,9,9,,,...
L2H4R32,max,18,18,,,...
L2H4R32,max,32,32,,,...
L2H4R32,max,30,30,,,...
L8H8R4,depth4,(((6 + 17) - (78 - 83)) - ((14 - 51) + (51 - 22))) + (((79 + 36) + (72 + 24)) - (89 - (56 - 66))),148,,,...
L8H8R4,depth4,(46 - ((76 - 15) + (24 - 26))) + (((25 + 69) - (7 - 48)) + ((65 - 45) - (39 + 17))),86,,,...
L8H8R4,depth4,(((89 - 76) - 19) + ((27 - 93) - (89 + 12))) - (((13 - 66) + (93 - 18)) - 4),-191,,,...
L8H8R4,depth4,((66 + (0 + 80)) - (76 - (15 + 32))) - (96 + ((1 + 56) - (85 - 14))),35,,,...
L8H8R4,depth4,(((27 - 19) + (92 - 95)) + ((99 - 85) - (81 - 13))) + (((48 - 21) - (30 - 84)) + ((87 - 84) - (26 + 55))),-46,,,...
L8H8R4,depth4,(((90 + 52) + (4 + 15)) + ((71 - 4) - (42 + 36))) + (((98 - 8) - (35 + 25)) + ((57 + 99) - (69 - 98))),365,,,...
L8H8R4,depth4,((93 + (55 + 63)) - 33) - (((47 + 61) - (8 - 74)) - ((2 - 63) + (98 + 44))),85,,,...
L8H8R4,depth4,(((86 - 48) + (14 - 43)) + 66) - (((97 + 98) + 64) - 23),-161,,,...
L8H8R4,depth4,(((73 - 41) - (70 + 75)) - 24) - (((72 - 60) + (88 + 24)) + ((42 - 82) + (68 - 91))),-198,,,...
L8H8R4,depth4,(((5 - 72) + (13 + 41)) + ((46 - 87) - (39 - 34))) + (((10 + 89) - (81 + 69)) + 39),-71,,,...
L6H2R8,depth3,((29 - 64) + (75 + 67)) - ((11 + 39) + (75 - 35)),17,,,...
L6H2R8,depth3,((9 - 98) + (56 - 93)) + 95,-31,,,...
L6H2R8,depth3,(24 + (52 - 10)) + ((56 + 52) + (57 + 6)),237,,,...
L6H2R8,depth3,((33 - 34) + (97 + 99)) + ((19 + 92) + (79 - 3)),382,,,...
L6H2R8,depth3,((10 - 78) + (10 + 59)) + ((32 - 86) + (36 - 30)),-47,,,...
L6H2R8,depth3,((85 + 20) - (24 - 35)) + ((43 - 97) - (33 - 83)),112,,,...
L6H2R8,depth3,((56 + 41) - (17 - 25)) + ((60 + 73) + (68 + 51)),357,,,...
L6H2R8,depth3,((68 - 75) + 74) + ((24 + 59) - (92 + 49)),9,,,...
L6H2R8,depth3,((89 + 36) - (44 + 6)) - ((35 + 60) + (20 - 95)),55,,,...
L6H2R8,depth3,((22 - 96) + (35 - 93)) + ((71 - 32) - (25 + 23)),-141,,,...
L8H2R4,depth1,86 + 7,93,,,...
L8H2R4,depth1,48 + 62,110,,,...
L8H2R4,depth1,70 + 82,152,,,...
L8H2R4,depth1,92 - 70,22,,,...
L8H2R4,depth1,49 + 45,94,,,...
L8H2R4,depth1,29 + 2,31,,,...
L8H2R4,depth1,33 - 49,-16,,,...
L8H2R4,depth1,73 + 93,166,,,...
L8H2R4,depth1,24 + 2,26,,,...
L8H2R4,depth1,6 - 34,-28,,,...
L6H4R8,depth1,27 + 84,111,,,...
L6H4R8,depth1,10 + 64,74,,,...
L6H4R8,depth1,48 - 17,31,,,...
L6H4R8,depth1,11 + 87,98,,,...
L6H4R8,depth1,62 + 64,126,,,...
L6H4R8,depth1,33 + 70,103,,,...
L6H4R8,depth1,10 + 66,76,,,...
L6H4R8,depth1,98 - 66,32,,,...
L6H4R8,depth1,0 - 99,-99,,,...
L6H4R8,depth1,62 + 56,118,,,...
L6H4R32,max,77,77,,,...
L6H4R32,max,49 - ((((94 - 94) - 45) + ((12 - 81) - (73 + 12))) + (50 - 70)),268,,,...
L6H4R32,max,25,25,,,...
L6H4R32,max,62,62,,,...
L6H4R32,max,(37 + (23 - 30)) - ((((91 - 38) + (2 + 9)) + ((19 - 38) + (97 + 57))) - (((4 - 55) + (38 - 18)) - 79)),-279,,,...
L6H4R32,max,(50 + (((15 + 96) - 11) + 7)) - ((((22 + 61) - (32 + 50)) + 88) - ((59 + (48 + 11)) + 29)),215,,,...
L6H4R32,max,51 - (7 - ((93 + (39 - 61)) + ((8 + 39) + 69))),231,,,...
L6H4R32,max,92,92,,,...
L6H4R32,max,45,45,,,...
L6H4R32,max,((((31 - 80) - (16 + 13)) - ((40 + 53) - (8 - 22))) - 62) + ((((37 + 58) - (70 + 15)) - ((76 + 89) - (2 + 63))) - ((13 - 86) + ((74 + 4) + (99 - 99)))),-342,,,...
L8H4R4,depth2,(83 + 71) - (8 + 76),70,,,...
L8H4R4,depth2,(88 + 92) - (63 + 62),55,,,...
L8H4R4,depth2,(63 + 26) + (65 + 50),204,,,...
L8H4R4,depth2,(0 + 45) - (61 + 82),-98,,,...
L8H4R4,depth2,(97 + 9) - (47 - 69),128,,,...
L8H4R4,depth2,64 + (91 - 55),100,,,...
L8H4R4,depth2,(69 + 5) - 71,3,,,...
L8H4R4,depth2,(57 - 76) - (63 - 18),-64,,,...
L8H4R4,depth2,(44 + 52) - (73 + 85),-62,,,...
L8H4R4,depth2,(39 + 45) - (23 + 11),50,,,...
L6H4R4,depth3,((72 - 6) + (37 + 16)) - (60 - (5 + 68)),132,,,...
L6H4R4,depth3,((68 + 56) + (36 + 0)) - ((88 + 51) - (97 + 23)),141,,,...
L6H4R4,depth3,((56 + 70) + (96 - 10)) + (79 + (3 - 2)),292,,,...
L6H4R4,depth3,((88 - 77) + (2 - 24)) - ((12 - 29) - (23 + 21)),50,,,...
L6H4R4,depth3,((44 + 18) + (23 - 92)) - 18,-25,,,...
L6H4R4,depth3,((82 - 76) + (37 - 45)) + ((44 + 0) - (75 + 14)),-47,,,...
L6H4R4,depth3,((34 - 17) - (65 - 39)) + ((88 + 62) + (86 - 68)),159,,,...
L6H4R4,depth3,((62 - 93) + (95 - 35)) + ((2 - 4) - (66 - 20)),-19,,,...
L6H4R4,depth3,((20 + 57) + (92 + 66)) + 20,255,,,...
L6H4R4,depth3,((31 - 47) + (33 + 9)) - ((7 - 31) + 94),-44,,,...
L2H4R16,max,14,14,,,...
L2H4R16,max,((98 - (97 - (70 - 15))) - 36) + 8,28,,,...
L2H4R16,max,16,16,,,...
L2H4R16,max,((((86 + 95) + 88) - ((44 + 17) - 70)) - (((53 + 31) - (82 - 82)) + (23 + (65 + 21)))) - ((((3 + 85) - (84 - 63)) + ((93 + 49) + (35 - 90))) + (((22 + 17) - 75) - (82 - (24 - 91)))),116,,,...
L2H4R16,max,(47 + (80 + ((66 + 23) - 44))) + ((((60 - 27) + 75) + (5 - (2 - 93))) - 51),325,,,...
L2H4R16,max,(16 - ((49 - 86) - 30)) - ((85 - 98) + ((82 - (25 + 6)) + ((74 - 80) + 91))),-40,,,...
L2H4R16,max,52,52,,,...
L2H4R16,max,((43 + 25) + (((9 - 23) + 12) - ((69 + 98) + 88))) + (94 + (((45 + 68) + 92) + ((70 - 21) + 96))),255,,,...
L2H4R16,max,((((48 - 20) + (90 - 64)) + ((54 - 25) + 76)) - (22 + ((85 + 38) + (27 + 54)))) - 2,-69,,,...
L2H4R16,max,19,19,,,...
L4H8R16,depth2,(75 - 86) + (22 + 15),26,,,...
L4H8R16,depth2,(15 - 79) + (59 + 78),73,,,...
L4H8R16,depth2,(54 - 3) - (76 - 98),73,,,...
L4H8R16,depth2,(36 - 64) + 27,-1,,,...
L4H8R16,depth2,(2 - 68) + (34 + 13),-19,,,...
L4H8R16,depth2,(56 - 8) + (71 + 35),154,,,...
L4H8R16,depth2,71 - (21 - 42),92,,,...
L4H8R16,depth2,(41 + 78) - (93 - 11),37,,,...
L4H8R16,depth2,(1 - 43) + (37 + 82),77,,,...
L4H8R16,depth2,(26 - 90) - 37,-101,,,...
L4H2R8,depth2,51 + (24 + 41),116,,,...
L4H2R8,depth2,79 + (49 + 39),167,,,...
L4H2R8,depth2,(93 - 55) - (5 - 0),33,,,...
L4H2R8,depth2,(50 - 61) - (41 - 10),-42,,,...
L4H2R8,depth2,(23 + 84) - (25 - 41),123,,,...
L4H2R8,depth2,26 + (53 + 10),89,,,...
L4H2R8,depth2,(87 + 10) - (64 - 29),62,,,...
L4H2R8,depth2,(15 - 53) + 10,-28,,,...
L4H2R8,depth2,(89 - 67) + (27 - 66),-17,,,...
L4H2R8,depth2,(88 + 45) + (11 - 69),75,,,...
L6H8R16,depth2,(61 - 52) + (3 + 29),41,,,...
L6H8R16,depth2,(33 - 43) - (88 + 33),-131,,,...
L6H8R16,depth2,(49 - 68) + 6,-13,,,...
L6H8R16,depth2,(6 - 72) + 95,29,,,...
L6H8R16,depth2,(41 - 0) + (39 - 4),76,,,...
L6H8R16,depth2,(69 + 32) + (83 + 21),205,,,...
L6H8R16,depth2,(73 + 39) + 30,142,,,...
L6H8R16,depth2,(70 - 60) - (70 - 85),25,,,...
L6H8R16,depth2,(66 - 76) - (25 + 29),-64,,,...
L6H8R16,depth2,(30 - 16) - (4 + 21),-11,,,...
L8H4R32,max,(69 + (((26 + 78) - 21) - 93)) - ((65 + (50 - (79 + 57))) + (((31 + 11) + (98 + 49)) - ((85 - 51) + (12 + 39)))),-24,,,...
L8H4R32,max,((((88 + 93) + (85 - 89)) + ((54 + 44) - 43)) - (8 + ((3 - 78) + 55))) - ((32 - ((13 - 23) - (78 - 93))) - (83 - 15)),285,,,...
L8H4R32,max,((42 + (79 - (12 + 78))) + (23 + 31)) - ((35 - ((86 + 55) - 4)) + ((93 + (85 + 59)) - (87 + 64))),101,,,...
L8H4R32,max,(7 + (32 + 10)) - ((7 - (58 + (95 - 55))) + (((9 - 68) + (43 - 55)) + 19)),192,,,...
L8H4R32,max,81,81,,,...
L8H4R32,max,(((6 + (67 + 94)) - ((98 + 44) + 94)) + (74 - 74)) + ((38 + ((96 - 84) - (75 - 79))) - 16),-31,,,...
L8H4R32,max,98 + ((((71 + 53) - (6 - 24)) + 11) - 68),183,,,...
L8H4R32,max,94,94,,,...
L8H4R32,max,14,14,,,...
L8H4R32,max,72,72,,,...
L4H16R32,depth2,(99 + 81) + (17 + 62),259,,,...
L4H16R32,depth2,(29 + 44) - (75 - 62),60,,,...
L4H16R32,depth2,(30 - 8) - (52 - 11),-19,,,...
L4H16R32,depth2,(58 - 93) - (49 - 42),-42,,,...
L4H16R32,depth2,(99 - 62) + (13 - 13),37,,,...
L4H16R32,depth2,(27 + 41) - (10 - 70),128,,,...
L4H16R32,depth2,(10 + 57) + 79,146,,,...
L4H16R32,depth2,(45 - 48) - (81 - 78),-6,,,...
L4H16R32,depth2,(79 + 94) + (42 + 31),246,,,...
L4H16R32,depth2,(88 - 48) - (39 + 67),-66,,,...
L2H2R16,depth1,40 + 91,131,,,...
L2H2R16,depth1,92 - 47,45,,,...
L2H2R16,depth1,68 - 73,-5,,,...
L2H2R16,depth1,83 - 89,-6,,,...
L2H2R16,depth1,91 + 19,110,,,...
L2H2R16,depth1,82 - 96,-14,,,...
L2H2R16,depth1,60 + 44,104,,,...
L2H2R16,depth1,81 - 39,42,,,...
L2H2R16,depth1,14 + 31,45,,,...
L2H2R16,depth1,43 - 11,32,,,...
L2H2R16,depth4,(((21 - 19) + (68 + 26)) - ((45 - 45) + (61 + 35))) + ((13 - (14 - 20)) - ((61 + 53) + (81 - 89))),-87,,,...
L2H2R16,depth4,(((67 - 20) + (24 - 65)) - 68) + 84,22,,,...
L2H2R16,depth4,(((80 + 24) - (73 + 88)) - ((74 - 74) + (7 + 88))) - (((26 + 35) - (63 - 71)) + ((40 + 21) - (25 + 54))),-203,,,...
L2H2R16,depth4,90 - (35 - ((49 + 75) + (40 - 91))),128,,,...
L2H2R16,depth4,(((23 - 56) + (78 - 44)) + ((81 - 76) - (50 + 15))) - (((9 + 53) - 70) - ((41 - 70) + (23 - 57))),-114,,,...
L2H2R16,depth4,(((82 + 18) - (54 - 17)) + ((80 - 51) - (8 + 37))) - (((95 + 88) - (52 - 89)) + ((12 + 79) + (89 - 69))),-284,,,...
L2H2R16,depth4,(((39 - 20) - 63) - ((60 - 28) + (98 + 40))) + 25,-189,,,...
L2H2R16,depth4,0 - (((96 + 72) - (86 + 59)) + (48 - (63 + 42))),34,,,...
L2H2R16,depth4,(((2 + 75) - 20) - ((2 - 17) - (69 - 46))) + (((78 + 14) - (12 - 3)) - ((91 + 76) - (93 + 26))),130,,,...
L2H2R16,depth4,(((88 - 97) + (55 + 70)) - ((17 + 15) - (88 - 48))) - (((58 + 25) + (12 + 12)) + ((17 - 55) - (40 + 91))),186,,,...
L8H16R4,depth4,(((66 + 39) + (37 + 48)) - ((32 + 2) - (43 - 28))) + ((4 - (74 - 67)) + ((22 + 96) + (89 + 70))),445,,,...
L8H16R4,depth4,(((30 + 67) + 58) - ((60 + 93) + (34 + 13))) - (52 + ((11 - 22) + (38 - 57))),-67,,,...
L8H16R4,depth4,(((15 + 98) - (9 + 68)) - (89 + (6 - 82))) - (((41 - 55) - (63 - 71)) + ((89 + 24) + (89 + 40))),-213,,,...
L8H16R4,depth4,(((78 - 57) - (40 + 50)) + (52 + (98 - 10))) + (((13 + 25) + (72 + 82)) + ((31 - 98) + (66 + 29))),291,,,...
L8H16R4,depth4,95 - (((66 - 63) - (35 - 91)) - ((27 + 50) + (31 + 18))),162,,,...
L8H16R4,depth4,(((16 - 54) + (30 + 94)) + ((14 - 92) + (86 + 25))) + (((12 - 1) + (47 - 21)) - ((98 + 45) + (94 + 50))),-131,,,...
L8H16R4,depth4,(((59 + 75) - (82 + 28)) - ((58 - 58) + (52 - 16))) + (((11 + 73) - (3 - 75)) - ((50 + 0) - (88 - 38))),144,,,...
L8H16R4,depth4,24 + (((72 + 71) + (67 + 44)) - ((16 + 64) - (63 + 20))),281,,,...
L8H16R4,depth4,(((12 - 2) - (65 + 70)) - ((14 + 31) - 7)) - (((4 - 99) + (89 - 89)) + ((61 - 32) + (35 - 24))),-108,,,...
L8H16R4,depth4,(((80 + 4) + (77 + 68)) + ((71 - 86) + (27 - 1))) + (((16 + 79) + (95 + 2)) + (66 - (61 - 84))),521,,,...
L6H16R16,depth2,(60 + 78) - (6 - 41),173,,,...
L6H16R16,depth2,(91 - 98) - (63 - 29),-41,,,...
L6H16R16,depth2,(90 - 60) + (61 + 55),146,,,...
L6H16R16,depth2,(0 + 72) + 11,83,,,...
L6H16R16,depth2,(90 + 45) + (3 - 47),91,,,...
L6H16R16,depth2,(33 - 86) + (84 - 65),-34,,,...
L6H16R16,depth2,(87 + 56) + (73 - 36),180,,,...
L6H16R16,depth2,(74 + 56) - (18 - 12),124,,,...
L6H16R16,depth2,(88 - 24) + (90 + 36),190,,,...
L6H16R16,depth2,(24 + 72) + (46 - 61),81,,,...
L6H16R8,depth4,(((51 + 93) - (42 + 25)) - ((33 - 91) - (80 - 22))) - (((23 - 47) + (50 + 89)) + ((5 + 14) + (31 - 90))),118,,,...
L6H16R8,depth4,94 - (((3 + 11) + 84) + ((31 + 58) - (56 - 96))),-133,,,...
L6H16R8,depth4,(((56 - 28) - (7 + 92)) - ((86 - 50) - (52 - 69))) + ((54 + (17 + 67)) + ((65 + 77) + (81 - 72))),165,,,...
L6H16R8,depth4,(75 - ((93 - 16) - (75 + 13))) + (((66 - 74) + (79 + 64)) - ((54 + 28) - (87 - 88))),138,,,...
L6H16R8,depth4,58 - (((0 + 6) + (35 + 32)) + ((5 + 2) - (60 + 24))),62,,,...
L6H16R8,depth4,((43 - (30 - 16)) + ((93 + 27) - 68)) + ((97 - (57 - 96)) - ((27 - 84) - (66 - 97))),243,,,...
L6H16R8,depth4,(((80 + 47) - (58 + 34)) + ((69 + 97) - (49 + 87))) - (((73 - 46) + (20 - 3)) - ((84 + 99) - (62 + 33))),109,,,...
L6H16R8,depth4,(((66 - 60) + (60 - 19)) + 91) - ((27 - (87 - 47)) - ((33 - 59) - (83 - 25))),67,,,...
L6H16R8,depth4,(((85 - 99) + (81 + 45)) + ((90 - 85) - 56)) - ((98 + (7 - 93)) - ((54 + 96) + (57 + 11))),267,,,...
L6H16R8,depth4,(((2 + 87) + (25 + 84)) - ((13 + 20) + (18 + 87))) + (((46 - 48) - (35 + 7)) + ((44 - 18) + (73 - 62))),53,,,...
L6H4R32,depth2,(77 + 71) - (27 - 72),193,,,...
L6H4R32,depth2,(41 + 36) + (15 - 82),10,,,...
L6H4R32,depth2,(80 + 49) + (11 - 42),98,,,...
L6H4R32,depth2,(79 - 16) - (71 + 46),-54,,,...
L6H4R32,depth2,(47 + 1) - (91 + 85),-128,,,...
L6H4R32,depth2,(83 + 21) - (39 + 55),10,,,...
L6H4R32,depth2,(15 - 90) - (33 + 52),-160,,,...
L6H4R32,depth2,(92 - 51) + 43,84,,,...
L6H4R32,depth2,(12 + 3) + (63 - 41),37,,,...
L6H4R32,depth2,(35 - 86) - (77 + 50),-178,,,...
L2H8R4,depth5,84 + ((((26 + 38) - (89 + 51)) - 40) - (((62 - 5) - (71 - 85)) - (80 - (65 - 81)))),-7,,,...
L2H8R4,depth5,((((38 - 27) + (98 + 75)) - ((20 + 68) + (7 + 51))) - (((25 + 73) - (97 + 15)) + ((53 - 88) + (75 - 36)))) - (43 + (((86 + 71) - (18 + 64)) - ((74 + 1) + (99 + 40)))),144,,,...
L2H8R4,depth5,((((94 - 3) + (72 + 73)) - 90) - (64 + ((5 + 66) + (18 - 40)))) - (32 + (((60 - 25) + (39 - 58)) - ((88 - 82) + (94 - 44)))),41,,,...
L2H8R4,depth5,((((47 - 71) - (30 + 56)) - ((32 - 10) - (16 - 27))) + 27) - ((((4 - 19) + (42 - 57)) - ((90 - 8) + (17 + 57))) - (((40 - 62) - (43 - 31)) - ((45 + 74) - (36 + 75)))),28,,,...
L2H8R4,depth5,((((72 - 13) + (53 + 53)) + ((7 + 21) + (39 - 42))) - (((50 - 56) + (8 + 37)) + ((37 + 26) + (62 + 21)))) + ((((0 + 85) + (75 - 97)) + 11) + (((27 + 72) - (23 - 93)) - 39)),209,,,...
L2H8R4,depth5,((43 + ((15 - 31) - (2 - 34))) + (((75 + 5) - (71 + 60)) - (27 - (84 + 73)))) + ((((6 - 33) + (26 - 29)) - ((10 - 96) - 48)) - (((96 - 66) + (60 + 24)) - ((23 + 76) + (86 + 31)))),344,,,...
L2H8R4,depth5,((((67 - 15) - (3 - 11)) + ((34 + 32) - (10 - 85))) + (((43 + 28) + (41 + 49)) - ((26 + 31) + (86 - 11)))) + ((((34 + 65) + (76 - 67)) - 48) + (((31 + 7) + (54 + 67)) + ((41 + 53) - (24 - 72)))),591,,,...
L2H8R4,depth5,((((18 - 48) - (3 + 80)) + ((1 + 62) + (79 - 9))) + (((28 + 18) + 73) + (4 - (53 - 30)))) - ((((1 - 17) + (23 - 97)) + 98) + 92),20,,,...
L2H8R4,depth5,((((91 + 94) + (85 - 63)) - ((93 - 44) - (70 + 76))) + (42 + ((30 - 13) + (29 + 20)))) + ((((35 + 66) - (17 + 51)) - ((76 - 28) + 46)) + (((66 - 95) + (26 - 33)) + ((51 + 2) + (39 + 81)))),488,,,...
L2H8R4,depth5,((((4 - 54) - 70) + 66) + (((9 + 84) + 99) - ((86 + 15) - (70 + 97)))) + ((((98 - 58) + (36 + 70)) + ((92 - 78) + (37 - 46))) + (((34 - 47) - (44 - 70)) + ((22 - 10) - (60 + 12)))),308,,,...
L4H4R8,depth3,((58 - 79) + (10 + 15)) - ((97 + 65) + (65 + 6)),-229,,,...
L4H4R8,depth3,((93 + 54) - (5 + 87)) - ((69 - 38) + 0),24,,,...
L4H4R8,depth3,((16 + 87) - (2 - 56)) - (37 + (29 + 17)),74,,,...
L4H4R8,depth3,((15 - 0) + (18 - 7)) - ((35 - 33) + (24 - 53)),53,,,...
L4H4R8,depth3,((70 + 7) + (85 + 93)) + ((95 - 34) - (55 - 31)),292,,,...
L4H4R8,depth3,((82 + 72) + (30 - 6)) - ((39 - 56) - (20 + 54)),269,,,...
L4H4R8,depth3,((34 + 51) + (95 + 81)) + ((31 + 12) - (25 + 18)),261,,,...
L4H4R8,depth3,(53 + (31 + 84)) - ((27 + 15) + (8 - 37)),155,,,...
L4H4R8,depth3,((19 - 74) - (4 - 32)) - ((66 + 5) - (92 - 21)),-27,,,...
L4H4R8,depth3,((25 - 66) - (7 + 83)) - ((58 - 52) + 87),-224,,,...
L2H16R8,depth4,63 - (((30 + 79) + (61 + 80)) - 39),-148,,,...
L2H16R8,depth4,(((67 - 57) + (78 + 50)) - (90 - (78 - 81))) + 50,95,,,...
L2H16R8,depth4,41 + (((91 - 41) - (8 - 90)) - ((1 - 45) + (49 + 97))),71,,,...
L2H16R8,depth4,(((56 - 83) - (14 + 47)) - ((21 + 33) - (89 - 19))) + (((32 + 74) - 75) + ((88 - 58) + (5 - 36))),-42,,,...
L2H16R8,depth4,((65 - (44 + 28)) + ((59 + 50) + (99 + 49))) - (((98 - 28) + (9 - 76)) + ((30 + 28) - (1 + 80))),270,,,...
L2H16R8,depth4,(((45 - 28) - (35 + 25)) - 27) + (((8 + 49) - (54 - 65)) - ((24 + 37) + (88 - 31))),-120,,,...
L2H16R8,depth4,(21 - ((7 + 42) - (89 + 18))) - (((73 - 65) - (17 + 36)) + (28 - (99 + 12))),207,,,...
L2H16R8,depth4,(((9 + 89) - (38 - 89)) + 90) - (((65 + 62) - (68 + 27)) - ((74 + 52) - (22 - 57))),368,,,...
L2H16R8,depth4,(((43 + 92) + (68 + 49)) + ((3 - 31) - (41 + 27))) + (((58 + 90) - (86 - 49)) - ((90 - 25) + (6 + 10))),186,,,...
L2H16R8,depth4,(((82 - 22) + (54 - 71)) - ((34 + 83) + (3 - 94))) - 20,-3,,,...
L6H8R16,depth3,((80 + 69) + 39) - ((34 + 86) + (52 - 11)),27,,,...
L6H8R16,depth3,((3 - 17) - (44 + 61)) + ((2 + 45) - (45 - 76)),-41,,,...
L6H8R16,depth3,((1 - 58) - (69 - 29)) + ((81 + 82) + (22 + 79)),167,,,...
L6H8R16,depth3,((86 + 28) - (3 + 59)) + ((50 - 12) - (14 - 65)),141,,,...
L6H8R16,depth3,((96 + 22) + (77 - 56)) + ((93 - 64) + (63 + 32)),263,,,...
L6H8R16,depth3,((1 - 87) - (50 - 41)) - ((6 + 18) + (3 - 6)),-116,,,...
L6H8R16,depth3,96 - ((40 + 21) - (73 - 79)),29,,,...
L6H8R16,depth3,((7 + 41) - 46) - ((56 - 12) + 32),-74,,,...
L6H8R16,depth3,((87 + 98) + (85 - 40)) + ((91 - 37) + (86 + 40)),410,,,...
L6H8R16,depth3,((8 - 65) + (64 + 43)) - ((97 + 96) + (75 - 40)),-178,,,...
L4H4R4,depth4,9 - (((54 + 52) + (56 + 34)) + ((56 + 60) - (7 + 88))),-208,,,...
L4H4R4,depth4,(((76 + 92) + (65 - 30)) + ((60 - 3) + (23 - 81))) - (((10 - 24) + (86 + 42)) + ((56 + 11) + (95 - 43))),-31,,,...
L4H4R4,depth4,(((85 - 63) - (55 + 97)) - (76 + (17 - 87))) - (((67 + 22) - (61 - 98)) + ((81 - 74) - (25 + 15))),-229,,,...
L4H4R4,depth4,(((29 - 22) + (81 - 23)) + 78) - (((62 + 34) - (99 + 22)) + ((56 + 45) + (67 - 22))),22,,,...
L4H4R4,depth4,52 + ((9 - (84 + 70)) + 45),-48,,,...
L4H4R4,depth4,(((25 + 44) - 31) - ((99 - 88) + (64 - 15))) + (((68 - 56) - (14 - 16)) + ((1 + 84) + 3)),80,,,...
L4H4R4,depth4,(((46 - 86) - (20 - 92)) - ((66 + 17) + (29 - 74))) + 88,82,,,...
L4H4R4,depth4,30 + (((68 - 44) + (88 + 91)) - ((84 - 92) - (52 - 97))),196,,,...
L4H4R4,depth4,(72 + ((44 + 50) - (45 + 58))) - (((54 - 5) - (45 + 38)) + (51 + (4 + 76))),-34,,,...
L4H4R4,depth4,(25 - ((14 + 67) + (1 - 89))) + (92 + ((68 - 17) + (15 + 32))),222,,,...
L4H8R8,depth4,(60 + (47 - (7 + 83))) + 15,32,,,...
L4H8R8,depth4,(((60 - 49) - (53 - 99)) + ((86 + 6) - 61)) - (((63 + 97) + 89) - ((86 + 59) - (20 + 82))),-118,,,...
L4H8R8,depth4,(((11 + 88) + (2 - 3)) + ((42 + 97) - (88 - 18))) - (((56 - 74) + (97 + 45)) + ((39 + 24) - (28 - 34))),-26,,,...
L4H8R8,depth4,(((8 - 68) + (30 + 34)) + ((51 - 4) - (14 - 35))) - (77 + ((21 + 28) + (15 + 32))),-101,,,...
L4H8R8,depth4,(((52 + 95) - (21 - 63)) - ((33 + 0) + (50 - 46))) + ((4 - (75 - 36)) + ((54 - 8) - (24 + 99))),40,,,...
L4H8R8,depth4,(((3 + 77) - (16 - 56)) + ((36 + 78) + (28 + 14))) - (((64 + 87) + (55 - 71)) + ((41 - 67) + (89 - 37))),115,,,...
L4H8R8,depth4,(((87 + 40) - 77) + ((3 - 64) - (16 - 63))) - (((79 + 22) + (30 - 60)) + ((56 - 55) + (73 + 53))),-162,,,...
L4H8R8,depth4,(((44 - 32) - (86 - 60)) - ((33 - 84) + (13 - 77))) - (((90 - 42) + (29 - 86)) + ((64 + 59) + (84 + 36))),-133,,,...
L4H8R8,depth4,(((19 - 22) - (84 - 92)) - 6) + (((18 - 15) + (14 + 11)) - 25),2,,,...
L4H8R8,depth4,(((14 + 41) - (20 + 66)) + ((39 + 53) + 43)) - (((99 - 59) + (49 + 21)) + ((32 + 57) + (65 - 77))),-83,,,...
L6H4R8,max,34 - ((((57 - 38) + 42) + ((1 + 4) - (32 + 43))) + 70),-27,,,...
L6H4R8,max,12 - (84 + 32),-104,,,...
L6H4R8,max,89,89,,,...
L6H4R8,max,29,29,,,...
L6H4R8,max,36 + 40,76,,,...
L6H4R8,max,26 - (33 - (51 + (11 + (84 + 14)))),153,,,...
L6H4R8,max,(((78 - (14 + 93)) + ((89 - 33) - 44)) - (92 - ((69 - 20) + (64 + 71)))) - (82 + 43),-50,,,...
L6H4R8,max,27,27,,,...
L6H4R8,max,((((53 + 17) - (98 - 55)) + ((12 - 39) - (99 + 40))) - (68 + ((29 + 18) - 89))) + 92,-73,,,...
L6H4R8,max,78,78,,,...
L2H4R8,depth2,(12 - 97) + (99 + 74),88,,,...
L2H4R8,depth2,(50 + 35) + (55 + 49),189,,,...
L2H4R8,depth2,(40 - 27) - (95 + 29),-111,,,...
L2H4R8,depth2,(44 - 25) + 10,29,,,...
L2H4R8,depth2,(10 - 56) + (36 - 59),-69,,,...
L2H4R8,depth2,(98 + 90) + (30 - 81),137,,,...
L2H4R8,depth2,(59 + 58) - (30 - 47),134,,,...
L2H4R8,depth2,(71 - 60) - (23 + 47),-59,,,...
L2H4R8,depth2,35 - (58 - 3),-20,,,...
L2H4R8,depth2,(75 - 95) + (55 + 23),58,,,...
L8H4R4,depth5,((38 - ((32 - 35) - (75 - 48))) + 97) - 33,132,,,...
L8H4R4,depth5,44 - (61 + (((75 - 47) + (53 + 15)) + ((98 + 68) + (46 + 27)))),-352,,,...
L8H4R4,depth5,((((31 - 74) - (62 + 71)) - ((81 - 47) + (94 + 4))) + (((88 + 71) + (83 + 96)) + ((65 - 64) + (49 + 95)))) + ((((85 + 2) - (82 + 56)) + ((56 + 93) + (96 + 65))) - (((53 + 48) + (55 - 64)) + ((94 + 17) + (11 + 32)))),188,,,...
L8H4R4,depth5,44 + ((((42 - 34) + (14 + 90)) + ((63 - 57) - (3 + 14))) - (((46 - 5) - (19 + 60)) + 83)),100,,,...
L8H4R4,depth5,((((17 - 27) - (58 - 8)) - 19) - (((1 - 14) - (23 - 33)) - 32)) - (60 - (((2 + 77) + (30 - 78)) - 74)),-147,,,...
L8H4R4,depth5,(59 - (((65 + 31) + 36) - ((59 - 68) - (63 + 74)))) - ((((71 - 67) + 45) - ((16 - 40) - (94 - 82))) - (((42 + 51) + (0 - 52)) + ((18 + 6) + (74 + 98)))),-67,,,...
L8H4R4,depth5,((((18 - 5) - (91 - 45)) - ((74 - 42) - (28 - 19))) - (((33 - 14) + (34 - 98)) - 80)) + ((((41 + 88) - (20 + 24)) - (47 + (20 + 68))) + 8),27,,,...
L8H4R4,depth5,((((98 - 28) - (88 + 55)) + 62) + 25) - ((((31 - 13) - (12 - 47)) - 77) - (((89 - 25) - (75 + 7)) + 58)),78,,,...
L8H4R4,depth5,((((29 + 31) - (28 - 51)) + ((77 - 39) + (35 + 36))) + (((14 + 86) + (87 + 52)) + ((2 + 4) - (78 + 61)))) - ((((9 + 64) + (83 - 58)) - ((42 - 66) - (18 + 59))) + (((25 + 87) + 18) - ((43 + 71) + (86 + 25)))),194,,,...
L8H4R4,depth5,((((77 + 48) - (48 + 83)) + ((31 - 91) + (34 - 79))) - (((79 - 50) - (64 - 28)) - ((41 - 4) - 43))) + ((((88 + 30) + (32 - 37)) - ((76 + 78) + (79 - 15))) + (((92 + 94) + (92 + 94)) - ((69 + 84) - (79 - 57)))),26,,,...
L4H16R16,depth2,(12 + 64) - 12,64,,,...
L4H16R16,depth2,(22 + 13) - (59 + 60),-84,,,...
L4H16R16,depth2,(31 + 14) - (17 + 42),-14,,,...
L4H16R16,depth2,(13 + 65) - (27 - 42),93,,,...
L4H16R16,depth2,(30 - 87) + (11 + 13),-33,,,...
L4H16R16,depth2,(62 - 11) + 94,145,,,...
L4H16R16,depth2,26 + (67 + 99),192,,,...
L4H16R16,depth2,(48 - 61) - (69 - 74),-8,,,...
L4H16R16,depth2,(14 - 20) - (32 - 14),-24,,,...
L4H16R16,depth2,(23 - 75) + (24 + 98),70,,,...
L4H8R32,depth1,67 - 58,9,,,...
L4H8R32,depth1,45 - 61,-16,,,...
L4H8R32,depth1,62 - 24,38,,,...
L4H8R32,depth1,3 - 19,-16,,,...
L4H8R32,depth1,53 + 25,78,,,...
L4H8R32,depth1,11 + 13,24,,,...
L4H8R32,depth1,35 + 61,96,,,...
L4H8R32,depth1,88 + 24,112,,,...
L4H8R32,depth1,16 - 37,-21,,,...
L4H8R32,depth1,28 - 70,-42,,,...
L4H8R4,depth3,(24 + (92 + 61)) - (42 + (50 - 6)),91,,,...
L4H8R4,depth3,((23 - 71) + (55 - 72)) - ((7 - 42) + (61 - 49)),-42,,,...
L4H8R4,depth3,((90 + 34) + 94) - ((78 - 39) - (9 + 96)),284,,,...
L4H8R4,depth3,((67 + 40) - (48 + 34)) - ((97 - 59) - (57 - 74)),-30,,,...
L4H8R4,depth3,((23 - 65) + (75 + 67)) + ((65 + 20) - (65 + 47)),73,,,...
L4H8R4,depth3,((80 - 38) - (63 - 22)) - (93 + (17 - 15)),-94,,,...
L4H8R4,depth3,((13 + 44) + (16 + 74)) - 35,112,,,...
L4H8R4,depth3,((90 + 53) - (41 - 15)) - ((91 - 18) + (40 + 45)),-41,,,...
L4H8R4,depth3,((50 + 60) + (23 + 82)) + ((89 - 79) - (95 - 89)),219,,,...
L4H8R4,depth3,(44 + (46 + 17)) + ((55 + 25) - (65 - 46)),168,,,...
L4H8R4,depth5,((((65 + 75) - (28 - 29)) - 57) + (((36 + 74) - (6 - 73)) - ((25 + 28) - (77 + 7)))) - ((((84 + 62) - (25 - 84)) + 8) + (((8 - 42) + (21 - 72)) - ((29 - 95) + (26 - 71)))),53,,,...
L4H8R4,depth5,(27 - (((92 - 97) + (87 + 57)) - 45)) + ((((45 - 37) - (34 - 49)) + ((79 + 71) - (61 - 79))) - (((29 + 47) + (3 - 98)) + (87 + (32 - 54)))),78,,,...
L4H8R4,depth5,((((86 + 59) - (16 - 23)) + 72) + (((57 + 58) + (4 - 18)) - ((69 - 36) + (71 + 69)))) + ((((73 + 6) - (85 - 48)) + ((94 + 5) - (17 - 15))) + (((34 - 78) + (43 - 8)) + 84)),366,,,...
L4H8R4,depth5,((((53 + 9) + (83 + 27)) - 79) - (((11 - 27) + (30 + 23)) + 32)) - ((((86 - 32) - (49 - 52)) + ((52 + 85) - (57 - 64))) - 81),-96,,,...
L4H8R4,depth5,((((91 + 93) - 2) + ((95 + 97) - (62 - 54))) + (((41 + 6) - (94 - 67)) + ((94 + 77) + (92 + 32)))) - 67,614,,,...
L4H8R4,depth5,(((72 + (20 + 4)) - ((77 + 14) + 77)) - (((17 - 71) + (4 + 66)) - 20)) + ((((4 - 29) + (31 - 84)) - ((72 - 58) - (61 + 83))) - (((5 + 72) + (19 - 61)) - (52 - (87 - 16)))),-70,,,...
L4H8R4,depth5,((((23 - 74) + (65 + 19)) - ((22 + 36) - (70 - 59))) - 90) + (96 + (((20 - 50) + (79 + 98)) + ((10 - 53) + (86 - 44)))),138,,,...
L4H8R4,depth5,((((69 + 29) + (5 - 82)) + ((56 - 21) - (87 - 23))) - (((5 - 42) + (87 - 70)) - (47 + (95 - 51)))) + ((((22 - 37) - (51 - 96)) + ((38 + 76) - 89)) - (((37 + 38) - (99 + 38)) - ((19 + 94) + (60 + 68)))),461,,,...
L4H8R4,depth5,((((33 - 70) + (78 + 10)) + ((66 - 41) - (57 + 2))) - (((77 - 80) - 41) - ((52 - 23) - (77 - 70)))) - ((((64 - 97) + (74 + 14)) - 56) + (((16 - 91) + (24 + 53)) - 50)),132,,,...
L4H8R4,depth5,((4 + ((63 - 26) - (95 + 22))) - (((89 - 67) - (9 - 18)) + ((86 - 8) - (43 - 62)))) - (((40 - (36 + 53)) - ((99 - 17) + (89 + 69))) + (((45 + 24) + (44 - 28)) + 68)),-68,,,...
L2H2R32,depth5,((((91 + 61) - (95 - 81)) + ((64 - 81) - (88 + 14))) - 65) + ((((49 + 58) - (17 - 55)) + ((40 - 60) - (3 - 88))) - (((46 - 53) - (22 - 39)) - (61 - (35 + 65)))),115,,,...
L2H2R32,depth5,15 - ((((61 + 5) + (19 + 82)) - ((15 + 13) - (13 - 57))) - (((65 + 57) - (31 - 55)) + ((18 + 27) - (42 + 12)))),57,,,...
L2H2R32,depth5,((((81 - 84) + (42 - 66)) - 4) - (((35 - 30) + (37 - 81)) + ((68 + 6) + (28 + 47)))) + ((((76 - 31) + (4 + 51)) - (67 + (57 - 41))) - (((34 + 68) + (55 - 27)) - ((80 + 33) - (32 - 74)))),-99,,,...
L2H2R32,depth5,((((2 - 37) + (81 - 54)) + (17 - (5 - 35))) - (((58 - 9) + (52 + 90)) - ((2 - 92) + (90 + 30)))) + 78,-44,,,...
L2H2R32,depth5,((((25 + 37) + (80 - 18)) + ((61 + 44) - (77 + 30))) + (((92 - 98) + (35 - 12)) + ((87 - 47) - (87 + 67)))) - ((((27 + 76) + 67) + ((34 - 49) + (30 + 76))) + 31),-267,,,...
L2H2R32,depth5,(84 + (((82 - 7) - (82 - 8)) - (62 + (15 - 49)))) + (((22 - (27 - 29)) + ((8 - 58) - (68 + 79))) - (((49 - 59) - (19 - 24)) - ((78 + 51) - (88 - 29)))),-41,,,...
L2H2R32,depth5,((((13 - 35) + (41 + 32)) + ((10 + 30) + (80 + 31))) + (((60 - 66) - (90 - 38)) + ((29 - 22) - 24))) + ((((33 - 23) - (56 + 82)) + 98) - ((16 - (90 - 56)) - ((10 + 13) + (73 - 98)))),113,,,...
L2H2R32,depth5,((((40 - 14) + (99 - 48)) + (34 + (37 + 57))) + (((19 + 9) - (85 + 73)) + 17)) + ((((46 - 70) + (80 + 88)) - ((61 + 20) + (56 + 97))) + (((67 - 88) - (42 + 20)) - ((83 - 4) - (45 + 91)))),-24,,,...
L2H2R32,depth5,((((94 - 93) - (71 - 74)) - (45 + (1 + 3))) - (((55 + 20) - (57 - 72)) - ((12 - 0) + (76 - 43)))) - (((32 - (47 - 87)) + ((36 - 11) + (4 + 1))) - (((98 - 84) - (80 - 88)) - ((81 + 35) + (80 + 79)))),-445,,,...
L2H2R32,depth5,((((24 + 89) - (5 + 23)) - ((71 + 16) + (14 - 95))) + (((87 - 63) + (2 + 3)) - ((90 - 57) + (51 - 56)))) - ((((57 - 43) - (64 + 73)) - ((66 + 92) + (56 + 29))) + (((32 + 43) - (25 - 94)) + ((76 + 65) - (89 - 81)))),169,,,...
L6H16R4,depth5,(98 - (((45 - 54) - (24 + 63)) + ((64 - 58) + (29 - 7)))) - (((3 - (40 + 90)) + ((26 + 6) + (75 - 59))) + (((34 - 31) + (49 - 99)) + ((46 - 91) - (41 - 38)))),340,,,...
L6H16R4,depth5,((((15 - 52) + (66 - 8)) + ((40 - 75) - 34)) + (((94 + 79) + (28 - 55)) + 10)) + ((((92 + 2) + (54 - 58)) - ((30 + 38) - (78 - 25))) - (((84 - 92) - (78 + 33)) + ((80 - 52) + (30 - 61)))),305,,,...
L6H16R4,depth5,((((29 + 76) - (26 - 44)) + ((3 - 92) - (95 - 17))) + (((18 - 86) + (44 + 38)) + ((97 + 33) - (72 - 72)))) - ((((32 - 71) - (52 - 65)) + ((80 - 2) + (15 + 22))) + 34),-23,,,...
L6H16R4,depth5,19 - ((((49 + 65) - 85) + ((8 + 76) + (20 - 8))) - (((55 - 62) + (25 - 27)) + 64)),-51,,,...
L6H16R4,depth5,((((25 + 64) - 63) - ((32 + 23) - (20 - 63))) + 9) + ((((21 - 11) + (23 + 23)) - ((26 - 3) - (66 - 30))) + 33),39,,,...
L6H16R4,depth5,12 - (((83 - (31 + 95)) + (77 + (77 + 56))) - (((18 - 3) - (2 - 92)) + ((27 + 96) - (34 - 87)))),126,,,...
L6H16R4,depth5,((((80 - 25) - (44 - 26)) + ((52 - 19) - (98 - 85))) + (18 - ((84 - 20) + (17 - 51)))) - (((76 - (58 + 91)) - ((29 + 28) - (26 + 85))) + (((11 + 61) + 59) + (90 - (8 - 29)))),-178,,,...
L6H16R4,depth5,((((32 + 46) - (36 + 1)) - ((9 - 51) + (28 + 70))) - (((7 + 33) - (22 - 33)) + ((30 - 74) + (47 - 31)))) + 9,-29,,,...
L6H16R4,depth5,((((26 + 83) - (44 - 84)) - (90 - (62 - 21))) - (((1 + 50) - (39 - 29)) + ((80 - 27) + (75 + 4)))) + ((((27 + 63) - (42 + 85)) + 14) + (((83 + 46) + (4 - 88)) - ((65 + 44) + (54 + 88)))),-302,,,...
L6H16R4,depth5,(63 + (((21 + 7) - (97 + 3)) - ((11 + 71) - (10 + 21)))) - ((((22 - 60) + (84 + 95)) + (26 + (15 - 72))) - (((60 + 58) + (12 - 83)) + ((44 - 49) - (99 - 7)))),-220,,,...
L8H4R4,depth3,41 + ((96 - 56) + (47 + 93)),221,,,...
L8H4R4,depth3,((30 + 61) + (46 - 51)) + ((87 + 87) + 33),293,,,...
L8H4R4,depth3,((99 - 39) - (70 + 14)) - ((0 + 2) - (50 + 24)),48,,,...
L8H4R4,depth3,((40 - 62) - (84 + 23)) + ((19 - 46) + (14 - 96)),-238,,,...
L8H4R4,depth3,((91 - 56) + (74 - 33)) + (7 - (0 + 52)),31,,,...
L8H4R4,depth3,95 - ((34 + 22) + (96 + 54)),-111,,,...
L8H4R4,depth3,((88 - 66) + 69) + ((43 - 38) - (84 + 31)),-19,,,...
L8H4R4,depth3,((0 + 35) - (68 - 92)) + ((42 + 69) + (87 + 49)),306,,,...
L8H4R4,depth3,((83 + 96) + (25 - 55)) - ((63 + 34) - 72),124,,,...
L8H4R4,depth3,((2 - 16) + (86 - 74)) - ((27 - 29) + 25),-25,,,...
L8H8R16,depth2,(98 - 40) - (55 + 86),-83,,,...
L8H8R16,depth2,(69 + 51) + (61 - 14),167,,,...
L8H8R16,depth2,(39 - 84) - (46 + 99),-190,,,...
L8H8R16,depth2,99 - (15 - 76),160,,,...
L8H8R16,depth2,(62 - 26) - (89 - 18),-35,,,...
L8H8R16,depth2,(4 + 68) - 9,63,,,...
L8H8R16,depth2,(86 + 14) + 81,181,,,...
L8H8R16,depth2,(71 - 11) - (59 + 42),-41,,,...
L8H8R16,depth2,(71 - 43) + (77 + 56),161,,,...
L8H8R16,depth2,(59 - 21) - (70 - 35),3,,,...
L2H16R16,depth4,(((94 - 15) - (70 + 54)) + ((19 + 88) - 44)) + (((85 + 43) - 82) + ((57 - 27) + (63 - 31))),126,,,...
L2H16R16,depth4,(((36 + 59) - (83 + 56)) + ((58 - 66) - (69 + 42))) - (((39 + 50) + (69 - 50)) - 78),-193,,,...
L2H16R16,depth4,44 - (((59 + 14) + (18 + 94)) + ((38 - 21) + (13 + 94))),-265,,,...
L2H16R16,depth4,(80 - ((61 + 58) + (74 - 73))) - (((34 - 30) + (61 - 40)) + ((15 - 12) - 9)),-59,,,...
L2H16R16,depth4,(((32 - 14) - (24 - 20)) - 14) - (((81 - 54) - (14 - 75)) - (3 + (25 - 60))),-120,,,...
L2H16R16,depth4,(((19 - 14) + (48 + 39)) + ((59 + 76) - (5 - 23))) + 66,311,,,...
L2H16R16,depth4,(((28 + 6) + (89 - 24)) - ((77 + 43) + (61 + 48))) - (67 - ((47 - 2) + (30 + 90))),-32,,,...
L2H16R16,depth4,(((13 + 33) - (44 + 98)) + ((17 + 75) - (55 + 51))) + (((87 - 29) - (85 + 26)) + ((91 + 70) - (34 - 28))),-8,,,...
L2H16R16,depth4,(((87 + 20) - (55 + 56)) - ((37 - 96) + (87 + 36))) + (((88 - 60) + (43 - 42)) - 77),-116,,,...
L2H16R16,depth4,(((32 + 81) + (39 - 15)) - ((99 + 78) - (52 - 65))) + (((93 - 13) + (5 - 66)) + 31),-3,,,...
L6H16R4,depth3,((31 - 67) - (49 + 27)) - 32,-144,,,...
L6H16R4,depth3,((1 - 73) - (73 + 41)) - ((38 - 22) + (43 - 51)),-194,,,...
L6H16R4,depth3,(55 + (1 - 61)) - ((62 - 30) + (46 - 88)),5,,,...
L6H16R4,depth3,((85 + 64) - 55) + ((61 + 63) + (15 + 98)),331,,,...
L6H16R4,depth3,((0 + 70) + 17) + (98 - (16 + 89)),80,,,...
L6H16R4,depth3,((50 + 92) - (42 - 56)) - ((78 + 94) - (23 + 76)),83,,,...
L6H16R4,depth3,(28 - (96 - 20)) - 41,-89,,,...
L6H16R4,depth3,((40 - 80) + (48 + 64)) + ((73 - 48) + (81 - 28)),150,,,...
L6H16R4,depth3,((7 + 15) - (77 + 20)) + ((48 - 61) - (69 + 43)),-200,,,...
L6H16R4,depth3,((62 + 29) + 10) + ((9 - 50) - (10 + 7)),43,,,...
L2H16R8,depth5,((((10 + 92) + (93 + 22)) - ((48 - 32) + 77)) + (3 - ((98 - 71) + (25 - 50)))) - (37 - (((89 - 34) - (55 - 82)) + (38 + (67 - 71)))),204,,,...
L2H16R8,depth5,((((27 - 82) - (86 - 32)) - ((54 + 98) + (7 + 53))) + (((47 - 86) + (54 - 33)) - (3 - (52 - 34)))) - ((((36 - 76) - (52 - 24)) + ((91 + 62) + (4 - 19))) + 35),-429,,,...
L2H16R8,depth5,((((67 - 60) + (51 + 88)) + (40 - (15 + 96))) - (((94 - 42) - (31 + 7)) + ((55 - 17) - (21 + 65)))) - 35,74,,,...
L2H16R8,depth5,((((65 + 27) + (80 - 62)) + ((12 - 47) + (38 - 43))) + (((48 - 17) - 96) + ((53 + 85) - (50 - 17)))) - ((((16 + 67) - (58 - 82)) - ((85 + 26) - (36 - 19))) - (((54 + 96) + (82 + 12)) - ((18 - 18) + (25 - 66)))),382,,,...
L2H16R8,depth5,((((6 - 64) + 56) - ((86 - 86) + 17)) - 60) + ((34 - ((36 + 85) - (0 - 71))) - (((4 + 95) + (3 - 48)) - ((98 + 80) - (19 - 91)))),-41,,,...
L2H16R8,depth5,((((32 + 32) + (76 - 98)) + ((99 - 47) + (64 - 55))) - (((89 - 31) + (23 - 25)) - (15 + (78 - 69)))) + ((((66 + 84) + (67 - 44)) - ((90 - 61) + (29 - 1))) + (((78 - 67) - (93 + 90)) + ((14 + 52) - (25 + 34)))),22,,,...
L2H16R8,depth5,((((74 + 54) - (42 - 28)) - 15) - (((85 - 12) - 52) + 86)) - ((((3 - 40) + (43 - 30)) + ((70 - 43) - (82 - 88))) - (50 + ((75 + 30) - (62 + 5)))),71,,,...
L2H16R8,depth5,((((6 + 73) + (64 - 85)) - ((78 - 13) - (75 + 30))) + (((79 - 74) - (3 - 23)) - ((16 - 29) + (85 - 69)))) + (40 - (((20 + 83) - (75 + 63)) + (17 - (98 - 1)))),275,,,...
L2H16R8,depth5,(((91 + (87 - 17)) + ((1 - 28) + (39 + 97))) - (((97 - 23) - (45 + 63)) + ((59 + 91) - (29 + 29)))) + ((((51 - 16) + (82 - 82)) - ((45 + 76) + 38)) + ((37 + (22 + 56)) - ((23 - 55) + (94 - 68)))),209,,,...
L2H16R8,depth5,(((95 - (50 - 43)) - (59 - (77 - 45))) + (((17 + 75) + (68 + 26)) + 11)) + ((((54 + 93) - (7 + 83)) + ((98 - 16) - (9 - 54))) + (4 + ((37 + 27) - (92 + 75)))),343,,,...
L4H16R16,max,61 + 5,66,,,...
L4H16R16,max,((((26 + 40) + (72 + 10)) - 83) - ((77 - (88 + 82)) - 22)) + (((2 + (74 + 90)) - ((40 - 21) - 16)) - 33),310,,,...
L4H16R16,max,99,99,,,...
L4H16R16,max,((((5 + 11) - 12) - 34) + ((97 + 82) - ((29 - 32) - (72 - 43)))) + ((((49 - 44) - 96) - ((86 - 3) + (42 + 92))) - (10 + ((0 + 12) + (62 + 72)))),-283,,,...
L4H16R16,max,75 + ((((44 - 20) + 99) - ((86 - 47) - (81 - 69))) + 87),258,,,...
L4H16R16,max,59 + 52,111,,,...
L4H16R16,max,(((75 + (65 - 85)) - 46) - 43) - (50 + 52),-136,,,...
L4H16R16,max,46 - 34,12,,,...
L4H16R16,max,81 + (((55 - (58 - 28)) - ((51 + 55) - (90 - 6))) + (((21 + 63) - (50 + 88)) - ((11 + 15) + (74 + 6)))),-76,,,...
L4H16R16,max,46,46,,,...
L4H4R16,depth5,((((7 - 46) - (3 - 34)) - ((98 - 37) + (57 + 50))) - (((47 + 49) + (39 + 8)) + ((61 + 40) - 39))) + 29,-352,,,...
L4H4R16,depth5,((((5 + 1) + (51 - 75)) + ((31 + 85) + (31 - 41))) - (((35 - 73) - (45 + 53)) - ((52 - 42) - 69))) - ((95 - ((99 - 22) - (96 - 9))) + (((72 - 33) + (80 + 80)) - ((40 - 9) - 1))),-109,,,...
L4H4R16,depth5,((((44 - 8) - (52 + 88)) + 91) - (((14 + 19) - (76 - 45)) + ((65 - 19) + 27))) + ((17 - ((22 + 67) + (48 - 43))) + (((71 - 21) + 90) + ((20 - 65) - (82 + 40)))),-192,,,...
L4H4R16,depth5,((((97 - 38) - (38 + 97)) + ((87 + 91) + (46 + 11))) - (((89 - 82) + (20 + 37)) - ((50 + 90) - (33 + 30)))) + ((((99 + 95) + 53) - ((23 - 55) + (43 + 5))) + (((37 + 53) - (95 - 96)) - ((93 - 29) + (83 - 32)))),379,,,...
L4H4R16,depth5,((88 + ((67 - 5) + (3 + 66))) - ((61 + (41 + 41)) + ((40 + 42) + (43 + 24)))) - ((((32 + 31) + 50) - ((94 - 92) + (75 + 78))) - (((71 - 47) + (9 + 24)) + ((95 + 69) + (71 + 52)))),313,,,...
L4H4R16,depth5,((((99 + 84) + (13 + 49)) + ((41 - 12) + (45 + 18))) + 31) + 13,381,,,...
L4H4R16,depth5,((((28 - 12) + (41 + 41)) - (88 - (11 - 48))) - (((0 + 84) + (42 + 71)) - ((98 + 33) + (5 - 8)))) - ((((75 + 97) + (91 + 43)) + ((57 - 40) - (53 + 60))) + (((60 + 6) + (52 - 8)) + ((6 + 14) - (14 - 0)))),-422,,,...
L4H4R16,depth5,((42 + ((81 + 44) - (8 - 84))) + (((64 - 49) + (35 - 22)) - 71)) + ((((11 - 51) - (20 + 30)) - ((83 - 48) - (77 + 59))) - (((55 - 51) + (35 - 66)) - ((77 + 39) - (9 - 4)))),349,,,...
L4H4R16,depth5,(35 - (((91 + 97) + (41 - 4)) - 71)) + (46 - (((74 + 88) - (26 - 4)) - (69 - (37 + 41)))),-222,,,...
L4H4R16,depth5,(71 - (((10 + 56) + 65) - (83 + (93 + 11)))) + ((((15 - 16) - (26 - 77)) + ((89 - 4) - (97 + 91))) - 96),-22,,,...
L2H16R4,depth2,(2 + 74) - (41 + 89),-54,,,...
L2H16R4,depth2,69 + (23 + 51),143,,,...
L2H16R4,depth2,(97 - 87) - (17 + 36),-43,,,...
L2H16R4,depth2,(48 + 33) - (48 + 64),-31,,,...
L2H16R4,depth2,(31 - 55) + (73 + 34),83,,,...
L2H16R4,depth2,(40 - 95) - 1,-56,,,...
L2H16R4,depth2,(43 + 63) - 19,87,,,...
L2H16R4,depth2,49 - (33 + 5),11,,,...
L2H16R4,depth2,(39 + 5) - (83 + 97),-136,,,...
L2H16R4,depth2,28 - (94 - 95),29,,,...
L2H4R32,depth3,((17 - 64) - (84 + 92)) - ((67 - 84) - (40 + 83)),-83,,,...
L2H4R32,depth3,(27 - (82 - 29)) - (15 + (49 + 60)),-150,,,...
L2H4R32,depth3,((50 - 82) - (84 - 45)) + ((41 - 85) - (90 + 82)),-287,,,...
L2H4R32,depth3,((80 - 25) - (1 - 2)) + ((28 + 69) + (54 + 26)),233,,,...
L2H4R32,depth3,((59 + 21) - (68 - 91)) + ((76 + 69) - (34 + 93)),121,,,...
L2H4R32,depth3,((64 - 42) + (92 - 58)) + 82,138,,,...
L2H4R32,depth3,((25 - 3) - (87 - 61)) - ((73 - 98) + (10 + 15)),-4,,,...
L2H4R32,depth3,((85 - 60) - (46 - 10)) - (7 + (33 + 45)),-96,,,...
L2H4R32,depth3,((74 - 74) - (70 - 95)) - ((68 - 52) + 50),-41,,,...
L2H4R32,depth3,38 - ((75 + 63) - (59 + 35)),-6,,,...
L2H16R8,depth1,92 + 77,169,,,...
L2H16R8,depth1,19 + 45,64,,,...
L2H16R8,depth1,46 - 29,17,,,...
L2H16R8,depth1,3 + 48,51,,,...
L2H16R8,depth1,76 - 94,-18,,,...
L2H16R8,depth1,8 + 57,65,,,...
L2H16R8,depth1,25 + 14,39,,,...
L2H16R8,depth1,9 + 88,97,,,...
L2H16R8,depth1,75 - 0,75,,,...
L2H16R8,depth1,87 + 79,166,,,...
L4H2R4,depth1,94 - 37,57,,,...
L4H2R4,depth1,83 + 83,166,,,...
L4H2R4,depth1,45 + 70,115,,,...
L4H2R4,depth1,88 - 55,33,,,...
L4H2R4,depth1,10 + 6,16,,,...
L4H2R4,depth1,84 - 86,-2,,,...
L4H2R4,depth1,36 - 0,36,,,...
L4H2R4,depth1,0 + 28,28,,,...
L4H2R4,depth1,87 + 15,102,,,...
L4H2R4,depth1,90 + 54,144,,,...
L2H2R8,depth2,(1 - 56) - 24,-79,,,...
L2H2R8,depth2,56 - (34 + 92),-70,,,...
L2H2R8,depth2,(57 + 56) + (33 + 14),160,,,...
L2H2R8,depth2,(2 - 34) - (67 + 78),-177,,,...
L2H2R8,depth2,(72 + 83) - (23 - 52),184,,,...
L2H2R8,depth2,(8 - 77) - (77 + 90),-236,,,...
L2H2R8,depth2,(59 + 86) - (77 + 83),-15,,,...
L2H2R8,depth2,(45 - 59) + (1 - 79),-92,,,...
L2H2R8,depth2,(12 + 71) + (62 - 95),50,,,...
L2H2R8,depth2,(91 + 3) + (38 + 71),203,,,...
L6H16R16,depth1,6 - 81,-75,,,...
L6H16R16,depth1,30 - 70,-40,,,...
L6H16R16,depth1,54 + 93,147,,,...
L6H16R16,depth1,23 - 17,6,,,...
L6H16R16,depth1,63 + 38,101,,,...
L6H16R16,depth1,23 - 50,-27,,,...
L6H16R16,depth1,19 - 84,-65,,,...
L6H16R16,depth1,73 - 22,51,,,...
L6H16R16,depth1,67 - 70,-3,,,...
L6H16R16,depth1,84 + 58,142,,,...
L6H2R8,depth1,71 + 20,91,,,...
L6H2R8,depth1,80 - 96,-16,,,...
L6H2R8,depth1,90 - 21,69,,,...
L6H2R8,depth1,62 - 2,60,,,...
L6H2R8,depth1,10 + 97,107,,,...
L6H2R8,depth1,4 - 1,3,,,...
L6H2R8,depth1,77 - 32,45,,,...
L6H2R8,depth1,63 - 0,63,,,...
L6H2R8,depth1,47 - 12,35,,,...
L6H2R8,depth1,2 - 33,-31,,,...
L8H16R32,depth1,97 + 57,154,,,...
L8H16R32,depth1,19 - 61,-42,,,...
L8H16R32,depth1,59 + 43,102,,,...
L8H16R32,depth1,51 + 23,74,,,...
L8H16R32,depth1,78 - 60,18,,,...
L8H16R32,depth1,37 + 99,136,,,...
L8H16R32,depth1,48 + 99,147,,,...
L8H16R32,depth1,12 - 95,-83,,,...
L8H16R32,depth1,53 + 91,144,,,...
L8H16R32,depth1,76 - 22,54,,,...
L4H8R4,depth1,57 + 71,128,,,...
L4H8R4,depth1,43 - 88,-45,,,...
L4H8R4,depth1,65 - 64,1,,,...
L4H8R4,depth1,29 - 53,-24,,,...
L4H8R4,depth1,18 - 46,-28,,,...
L4H8R4,depth1,98 + 95,193,,,...
L4H8R4,depth1,14 + 79,93,,,...
L4H8R4,depth1,24 + 21,45,,,...
L4H8R4,depth1,78 + 71,149,,,...
L4H8R4,depth1,87 - 41,46,,,...
L6H8R16,max,69 + 82,151,,,...
L6H8R16,max,((73 - ((24 + 6) - 84)) - (((1 - 24) + 89) + ((13 - 56) + (64 + 85)))) - 46,-91,,,...
L6H8R16,max,53 - (56 + (((59 - 26) + (81 + 0)) - 56)),-61,,,...
L6H8R16,max,46 - ((((34 + 87) + (48 - 49)) - 8) - 34),-32,,,...
L6H8R16,max,83,83,,,...
L6H8R16,max,53 + 81,134,,,...
L6H8R16,max,61 - ((91 - ((97 + 87) - (90 - 88))) - 24),176,,,...
L6H8R16,max,((((20 + 72) + (39 - 52)) - ((61 + 68) - (12 - 33))) + 93) + ((((43 + 32) + (32 - 32)) - 20) + (((25 + 46) - 42) - ((27 - 14) - (21 - 2)))),112,,,...
L6H8R16,max,81 + 80,161,,,...
L6H8R16,max,41,41,,,...
L4H2R16,depth2,(73 - 42) + (37 + 26),94,,,...
L4H2R16,depth2,34 - (0 - 6),40,,,...
L4H2R16,depth2,32 - (94 - 53),-9,,,...
L4H2R16,depth2,(22 - 1) - 13,8,,,...
L4H2R16,depth2,(62 + 66) - 74,54,,,...
L4H2R16,depth2,(65 + 30) + 4,99,,,...
L4H2R16,depth2,(55 + 41) + (71 - 8),159,,,...
L4H2R16,depth2,(0 + 11) + (76 - 8),79,,,...
L4H2R16,depth2,(52 - 89) + 83,46,,,...
L4H2R16,depth2,(0 - 38) - (31 - 84),15,,,...
L2H8R16,depth5,((((18 + 87) + (93 - 22)) - 62) - (((85 - 69) - (69 - 92)) + ((0 - 38) + (81 + 12)))) + ((((93 + 38) + (69 - 55)) + ((92 + 39) + (66 - 2))) + (95 - ((66 - 50) + 40))),399,,,...
L2H8R16,depth5,((((77 - 87) + (48 + 80)) - ((52 - 42) - (45 - 48))) + (((38 + 70) + (10 + 51)) + ((41 + 3) - (22 + 26)))) - ((((68 - 46) + (0 + 18)) - ((93 - 94) + 73)) - (((16 + 12) - (25 + 16)) - 33)),256,,,...
L2H8R16,depth5,((((71 + 31) - (56 + 55)) - ((26 + 35) - (34 + 65))) + (((1 + 18) + (6 - 68)) + ((98 - 5) + (83 + 19)))) - ((((88 - 8) - (46 - 5)) + ((1 + 42) - (48 - 7))) + (((25 + 75) + (87 - 40)) + ((13 - 7) + 93))),-106,,,...
L2H8R16,depth5,35 - ((((58 - 66) - (34 + 87)) - ((61 + 90) + (8 + 82))) + ((21 - (7 - 82)) - ((79 - 8) - (7 - 88)))),461,,,...
L2H8R16,depth5,((((7 + 70) + (88 - 87)) - (76 + (93 + 67))) + (((90 + 48) + (29 + 53)) + ((25 - 96) - (80 + 3)))) + (81 + (46 + ((34 + 77) + 45))),191,,,...
L2H8R16,depth5,((96 - ((60 + 21) - (87 + 54))) - (((41 + 19) - (87 - 79)) - ((42 + 58) + (15 - 68)))) - ((((0 - 97) - (28 - 31)) - 18) - (((6 - 57) - 81) - ((49 + 52) + (50 + 1)))),-21,,,...
L2H8R16,depth5,((21 - ((45 + 18) - 69)) - (((1 - 42) - (1 - 65)) - ((68 - 42) - (40 - 27)))) + ((((91 + 70) + (90 + 11)) - ((48 + 52) - (49 + 80))) - (((42 - 48) + (99 - 9)) + ((16 - 22) - (77 + 97)))),404,,,...
L2H8R16,depth5,((44 + ((90 - 27) - (59 + 58))) + (((97 - 64) - 17) + ((90 - 93) - (22 - 56)))) - (((71 + (51 + 19)) + ((78 + 97) - (34 - 13))) + (((26 - 68) - (72 - 84)) - ((12 + 26) - (43 - 87)))),-146,,,...
L2H8R16,depth5,((((14 + 81) + (4 + 55)) + ((99 + 91) + (29 - 68))) - (((59 - 22) + (26 - 88)) + 84)) - (86 - (38 + ((39 + 40) - (71 + 49)))),157,,,...
L2H8R16,depth5,((41 - ((96 - 8) + (65 + 45))) + (((98 + 50) - (95 - 93)) - 50)) - ((((56 - 37) + (4 + 49)) + 9) - (((80 + 40) + (92 - 57)) - ((91 - 73) + (65 - 54)))),-16,,,...
L4H16R8,depth1,83 - 3,80,,,...
L4H16R8,depth1,8 - 69,-61,,,...
L4H16R8,depth1,43 - 31,12,,,...
L4H16R8,depth1,45 + 47,92,,,...
L4H16R8,depth1,54 + 90,144,,,...
L4H16R8,depth1,44 + 88,132,,,...
L4H16R8,depth1,87 - 94,-7,,,...
L4H16R8,depth1,67 - 93,-26,,,...
L4H16R8,depth1,17 - 52,-35,,,...
L4H16R8,depth1,91 - 41,50,,,...
L8H8R16,depth4,(((19 - 16) - (1 - 89)) + ((45 - 64) + (47 + 25))) + (((70 + 23) + (73 - 11)) - ((51 - 77) - (12 - 27))),310,,,...
L8H8R16,depth4,(((24 - 27) + (26 + 61)) - ((72 + 13) - 9)) + (33 - ((12 - 32) - (33 + 89))),183,,,...
L8H8R16,depth4,(((89 - 12) + (37 - 35)) + (57 - (14 - 87))) + ((85 - (79 + 5)) - ((94 - 5) + (20 + 28))),73,,,...
L8H8R16,depth4,(((31 - 37) + (98 - 73)) + ((76 + 92) - (47 + 69))) + 20,91,,,...
L8H8R16,depth4,(5 + ((85 - 62) + (65 - 30))) - (((47 - 84) - (69 + 90)) + 72),187,,,...
L8H8R16,depth4,(((73 + 12) + (88 + 87)) - ((4 - 3) - (71 + 92))) + (((78 - 76) - (89 + 64)) - ((58 - 41) - (2 - 45))),211,,,...
L8H8R16,depth4,(((83 + 37) - (84 - 7)) - (30 + (98 - 21))) - ((48 + (37 - 35)) - ((79 + 39) + (20 + 66))),90,,,...
L8H8R16,depth4,(((42 + 99) - (35 + 50)) + ((97 + 97) - (3 + 61))) - 2,184,,,...
L8H8R16,depth4,(((33 - 64) + (55 + 67)) + ((79 + 13) - (66 + 39))) + 38,116,,,...
L8H8R16,depth4,(((77 + 77) + (46 + 76)) - ((54 - 70) + (73 - 75))) + 26,320,,,...
L8H8R16,depth3,((95 - 91) + (19 + 50)) - 30,43,,,...
L8H8R16,depth3,((34 + 80) - (26 + 39)) + ((13 + 80) - (48 - 55)),149,,,...
L8H8R16,depth3,((42 + 60) - (65 + 90)) - ((60 - 6) - (21 + 23)),-63,,,...
L8H8R16,depth3,((97 - 77) + (69 + 68)) + ((81 - 57) + (76 + 68)),325,,,...
L8H8R16,depth3,((23 + 47) - (69 - 0)) + ((99 + 89) - (89 + 20)),80,,,...
L8H8R16,depth3,((44 - 50) - (17 - 71)) - ((94 + 39) + (82 + 15)),-182,,,...
L8H8R16,depth3,((96 + 87) - (55 - 71)) - ((17 + 39) + 73),70,,,...
L8H8R16,depth3,((97 + 9) + (34 + 24)) + ((80 - 99) + (60 - 24)),181,,,...
L8H8R16,depth3,((54 + 32) + (42 - 24)) - ((85 + 71) + (1 - 0)),-53,,,...
L8H8R16,depth3,((84 + 36) - (40 + 71)) + ((46 - 13) - (34 + 79)),-71,,,...
L4H4R32,depth2,(44 - 92) - (88 - 63),-73,,,...
L4H4R32,depth2,(41 - 22) - (24 + 45),-50,,,...
L4H4R32,depth2,(65 - 85) - 82,-102,,,...
L4H4R32,depth2,(94 + 13) - (0 + 27),80,,,...
L4H4R32,depth2,13 + (12 + 79),104,,,...
L4H4R32,depth2,(81 + 59) - (18 - 96),218,,,...
L4H4R32,depth2,(86 + 64) + (69 - 29),190,,,...
L4H4R32,depth2,(97 - 89) + (64 - 26),46,,,...
L4H4R32,depth2,(34 + 27) - (10 + 8),43,,,...
L4H4R32,depth2,(30 + 49) - (45 + 92),-58,,,...
L8H16R16,depth1,4 + 8,12,,,...
L8H16R16,depth1,54 - 71,-17,,,...
L8H16R16,depth1,40 - 96,-56,,,...
L8H16R16,depth1,65 + 98,163,,,...
L8H16R16,depth1,6 - 51,-45,,,...
L8H16R16,depth1,10 + 31,41,,,...
L8H16R16,depth1,5 - 76,-71,,,...
L8H16R16,depth1,44 + 22,66,,,...
L8H16R16,depth1,28 + 43,71,,,...
L8H16R16,depth1,43 - 44,-1,,,...
L4H8R8,depth3,((10 - 55) - (82 + 58)) + ((23 + 47) - (9 - 61)),-63,,,...
L4H8R8,depth3,(23 + (35 - 46)) - ((60 - 60) - (12 - 6)),18,,,...
L4H8R8,depth3,((19 - 84) - (53 - 46)) - ((56 + 63) + 91),-282,,,...
L4H8R8,depth3,((85 + 85) - (2 + 42)) + (84 + (97 - 47)),260,,,...
L4H8R8,depth3,((6 + 49) - (14 - 60)) + ((46 + 72) - (0 - 95)),314,,,...
L4H8R8,depth3,((12 + 40) - (33 + 46)) - ((94 + 29) - (71 + 11)),-68,,,...
L4H8R8,depth3,((64 - 5) + (96 + 12)) - 16,151,,,...
L4H8R8,depth3,((43 + 29) - (98 - 12)) - ((40 - 75) + (26 - 85)),80,,,...
L4H8R8,depth3,((6 + 47) - 18) - ((37 - 77) + (22 + 11)),42,,,...
L4H8R8,depth3,((99 + 16) - (62 - 99)) + ((9 - 32) + (10 - 22)),117,,,...
L2H16R16,depth5,((((63 + 9) + (77 + 70)) + ((21 + 15) + 68)) - (((60 + 64) + (51 + 82)) - ((61 - 60) + (53 - 68)))) + ((((87 + 12) + (89 + 35)) + ((56 + 89) + (1 - 86))) - (((79 - 19) + 34) - ((32 - 23) + (83 + 11)))),344,,,...
L2H16R16,depth5,(9 + (((78 + 72) - (66 + 60)) + ((99 - 22) + (83 - 57)))) - ((((89 - 91) + (40 + 20)) - ((80 + 60) + (94 + 46))) - (((38 - 26) - (53 + 44)) - ((33 - 73) + (68 - 51)))),296,,,...
L2H16R16,depth5,((((41 + 78) + (65 - 19)) - ((47 - 5) - (2 - 86))) - 18) - ((((66 - 54) - (97 + 56)) + (78 + (51 - 58))) + (4 + ((19 - 39) + (75 + 94)))),-62,,,...
L2H16R16,depth5,(((73 - (37 + 73)) - ((27 - 27) - 52)) + 11) + ((((73 - 77) - (82 - 79)) + ((7 + 12) + (22 - 43))) - (((79 - 26) - (8 + 62)) - ((40 + 14) + (23 - 85)))),26,,,...
L2H16R16,depth5,((55 + ((2 + 58) + (58 + 87))) - (((84 + 26) - (70 + 81)) - ((91 + 34) - (74 - 89)))) - ((((94 + 91) - 19) + 62) - (((78 + 81) + 90) - 29)),433,,,...
L2H16R16,depth5,(77 - (((58 + 94) + (3 - 20)) + ((66 - 12) - (30 + 71)))) + ((((98 - 57) - (46 + 6)) - ((23 - 70) - (45 - 29))) - (((29 - 82) - (88 + 61)) - (71 + (4 + 65)))),383,,,...
L2H16R16,depth5,((((17 - 79) + (85 + 43)) + ((47 - 78) + (43 + 8))) + (((63 - 61) + (40 - 36)) - ((19 - 63) + (52 - 65)))) - ((44 + ((85 - 7) + 0)) + (((56 - 61) + (84 + 35)) - ((46 - 74) + (77 + 58)))),20,,,...
L2H16R16,depth5,((((76 + 31) + (2 + 9)) + ((53 - 22) - (46 - 67))) - (((98 - 59) - (10 + 70)) - ((51 - 47) + (17 - 94)))) - (((88 + (49 - 93)) + ((8 - 82) - (87 - 42))) + (((66 - 64) - (28 - 35)) - ((8 + 88) + (13 + 3)))),316,,,...
L2H16R16,depth5,(55 + (((62 + 25) + (88 - 67)) - ((62 + 94) + (8 - 70)))) - ((((8 + 23) - (50 + 24)) + ((3 + 68) - (90 - 11))) + (((94 + 63) + 26) + ((16 - 1) - (20 - 57)))),-115,,,...
L2H16R16,depth5,((((74 + 20) - (12 + 85)) - ((53 - 9) - (29 - 39))) - (30 - ((64 - 67) - (67 + 41)))) + ((((70 - 54) - (27 + 17)) - ((40 + 78) - 4)) + (((98 + 26) - (65 + 81)) + ((46 - 86) - (63 - 41)))),-424,,,...
L2H2R4,max,86 - 70,16,,,...
L2H2R4,max,9,9,,,...
L2H2R4,max,14,14,,,...
L2H2R4,max,43 - (((18 + (38 + 45)) + (93 + (52 - 1))) - (((42 + 59) + 71) - 50)),-80,,,...
L2H2R4,max,(44 - (92 - 14)) + ((((40 + 17) - 34) + ((56 + 73) + (1 + 47))) - ((4 + (12 - 10)) - 89)),249,,,...
L2H2R4,max,81 + ((76 + 12) - (((62 + 72) - (46 + 6)) + ((23 + 25) - (53 + 51)))),143,,,...
L2H2R4,max,(32 - 13) - 40,-21,,,...
L2H2R4,max,93,93,,,...
L2H2R4,max,((34 - ((16 + 39) - 75)) - (((41 - 66) + 55) - 39)) - (79 + (14 - ((29 + 1) + (71 + 95)))),166,,,...
L2H2R4,max,((9 + ((69 + 64) + 72)) - 58) + ((28 - (0 + (18 + 79))) + (77 + 74)),238,,,...
L8H8R8,depth5,((((58 + 43) + (58 + 79)) + 65) + (((37 - 99) + (13 - 55)) - ((82 - 69) + (52 - 3)))) + (75 - (((46 + 51) + (52 + 4)) + ((2 - 66) + (61 - 64)))),126,,,...
L8H8R8,depth5,(92 + (((49 - 44) - (92 - 58)) - ((3 + 19) - (8 - 18)))) + ((((34 + 11) - (30 + 94)) + ((12 - 42) + (14 - 24))) + (((22 - 21) + (28 + 54)) + ((57 + 53) - 6))),99,,,...
L8H8R8,depth5,((((57 + 6) + (14 - 39)) - ((52 + 38) + (11 + 85))) + ((94 + (21 + 93)) - (15 - (77 - 10)))) + ((((19 + 71) - (40 - 50)) - 71) - (((69 + 40) - (38 - 0)) - ((29 - 8) + (95 - 57)))),129,,,...
L8H8R8,depth5,46 + ((25 + ((19 - 58) + 89)) + ((97 + (42 - 94)) + ((28 - 84) - (60 - 60)))),110,,,...
L8H8R8,depth5,((((34 - 36) - (55 - 13)) + ((63 + 13) + (62 - 32))) + (((40 - 67) + (58 - 90)) - ((22 - 77) + (61 + 52)))) - 14,-69,,,...
L8H8R8,depth5,((((75 + 12) + (78 - 94)) - (63 - (20 + 31))) - (((60 + 31) - (19 - 8)) + ((32 - 65) - (50 + 89)))) + ((((10 - 61) - (21 - 79)) + (8 + (25 - 60))) + (((67 - 25) + (19 - 53)) + ((35 + 83) + (27 - 65)))),219,,,...
L8H8R8,depth5,(21 + (((30 - 66) - (18 + 52)) + ((23 - 84) - (81 - 86)))) - ((((54 + 30) - (82 + 80)) - ((51 + 96) + (6 - 39))) + (((18 + 30) + (89 + 59)) - ((30 - 90) - 83))),-288,,,...
L8H8R8,depth5,((((79 - 15) + (67 + 27)) - ((80 - 48) + (44 + 74))) - (((89 + 47) + (53 - 88)) + ((96 + 63) + (0 + 92)))) + ((((41 - 88) - (70 + 74)) - ((93 + 49) - (28 + 56))) + (22 - ((72 + 45) + (37 - 5)))),-720,,,...
L8H8R8,depth5,((((43 - 73) + (41 + 90)) + ((1 - 12) - (53 - 43))) - (77 + ((2 + 31) - 30))) + ((((27 + 0) + 5) + ((46 + 45) + (93 + 0))) - (((30 + 44) - (26 + 90)) + ((94 + 38) - (87 + 77)))),290,,,...
L8H8R8,depth5,87 - ((((36 + 18) - (8 + 82)) - ((24 + 81) - (96 - 66))) - (((7 - 34) - (26 + 97)) + ((65 - 48) - (97 + 24)))),-56,,,...
L8H4R8,depth5,(95 + ((82 + (33 - 15)) - ((62 + 76) + (34 + 57)))) - ((((74 + 46) + (88 + 12)) + 76) - (((57 + 8) + (81 - 14)) - 32)),-230,,,...
L8H4R8,depth5,((((93 + 91) + (5 - 20)) + 27) - (((31 + 1) + (89 - 95)) - ((48 - 63) + (32 + 51)))) + ((((8 + 79) - (55 - 9)) + ((14 - 37) - (6 + 85))) + (((46 - 66) - 60) + ((9 + 55) + (11 + 93)))),253,,,...
L8H4R8,depth5,(68 + (((2 + 14) - (97 - 29)) + (7 + (31 + 88)))) + ((((39 + 48) - (64 + 24)) - ((38 + 82) + (91 + 56))) + 58),-68,,,...
L8H4R8,depth5,((((79 - 62) + (73 - 25)) - ((47 - 73) + (84 - 53))) + ((33 - (60 - 47)) - ((47 + 99) - 63))) - (38 - (((25 - 4) + (90 + 63)) - 13)),120,,,...
L8H4R8,depth5,((((82 + 22) - (74 - 58)) - ((80 - 44) - (69 + 60))) + (((20 - 37) + (36 + 40)) + ((26 + 89) + (87 + 6)))) + ((62 - ((56 - 47) - (23 - 68))) - ((94 - (75 + 94)) + ((89 + 96) - (19 - 48)))),317,,,...
L8H4R8,depth5,((((27 + 80) - 86) - ((33 + 96) + (96 - 67))) + (((34 - 11) - (41 - 41)) + (83 + (59 - 83)))) + ((((54 + 37) + (48 + 23)) + 21) + (12 - (0 - (19 + 81)))),240,,,...
L8H4R8,depth5,((((73 + 42) + (73 + 42)) - ((34 + 40) + (24 + 23))) - (((2 - 9) - (53 - 34)) + ((85 - 1) + 34))) + ((((78 + 11) + (64 - 73)) - ((8 - 94) - (71 + 91))) - (((13 + 86) + (62 + 16)) - ((2 + 8) + (89 - 68)))),199,,,...
L8H4R8,depth5,((51 - ((39 - 46) - (1 - 96))) + (((18 + 61) + (73 - 86)) - ((59 + 79) + (79 - 63)))) - ((((21 - 81) - (51 - 22)) - 46) - (((54 + 34) - (86 + 12)) + 57)),57,,,...
L8H4R8,depth5,((((41 + 81) + (18 + 60)) - ((36 - 61) - (14 - 36))) - (((45 - 49) - (16 + 7)) - ((86 - 7) - (77 + 77)))) + ((((73 - 23) - (51 - 81)) - (72 - (84 + 62))) - (((10 + 80) + (21 - 61)) - ((30 - 64) - (98 + 10)))),117,,,...
L8H4R8,depth5,((((92 + 91) + (84 + 3)) - (84 - (45 - 24))) - (((42 - 92) + (79 + 90)) + ((59 - 32) + (30 - 12)))) - ((((37 + 18) - (19 - 45)) + ((27 - 33) - (48 + 95))) + (((96 + 90) - (84 + 71)) - ((54 + 72) - 86))),120,,,...
L8H2R32,depth5,89 + ((((28 - 86) - (76 + 70)) + (59 + (44 - 43))) + (((72 + 56) - (9 - 64)) - ((75 - 64) - 69))),186,,,...
L8H2R32,depth5,76 + (((17 + (63 + 16)) + ((68 + 35) + (47 + 16))) - (((71 + 68) + 27) + ((85 + 57) + 39))),-9,,,...
L8H2R32,depth5,((((15 - 77) + (26 + 8)) - (4 - (14 - 16))) + (((70 - 59) - (49 + 35)) - ((26 - 34) + (57 - 34)))) + ((((22 + 24) - (88 - 28)) + ((1 + 75) - (50 - 56))) + (((96 + 27) + 8) + ((0 + 81) + (18 - 58)))),118,,,...
L8H2R32,depth5,((((2 + 43) + (52 - 73)) - 67) + (((23 - 76) - (29 - 39)) + ((79 + 79) + (43 + 24)))) + ((((85 - 10) + (31 + 43)) + ((27 + 51) - (84 - 94))) - (65 + ((18 + 12) - (93 + 87)))),461,,,...
L8H2R32,depth5,(25 + (((79 + 84) - 84) - (51 + (55 + 0)))) + ((((54 + 83) + (22 + 25)) - ((34 - 93) - (35 + 24))) + ((61 + (55 + 76)) - ((72 - 35) - 9))),464,,,...
L8H2R32,depth5,((((57 - 46) - (68 + 53)) + ((4 - 65) + (82 - 31))) + (((24 - 63) - (42 - 52)) + ((1 + 87) - (21 + 96)))) - ((((17 + 73) + (32 - 98)) - ((95 + 59) - 34)) + ((45 + (66 - 84)) + 34)),-143,,,...
L8H2R32,depth5,((61 + ((4 - 39) + (28 - 98))) + (((37 + 61) + (71 - 8)) - ((75 + 27) - (75 + 72)))) - ((((23 - 75) + 90) - (81 + (42 + 12))) + 86),173,,,...
L8H2R32,depth5,(7 + (((5 - 11) - (77 + 6)) - ((4 - 10) + (55 + 28)))) + ((97 + ((13 - 61) + (31 - 98))) + (((50 - 46) - (93 - 38)) + ((56 + 28) - (2 + 83)))),-229,,,...
L8H2R32,depth5,((((76 + 8) - (37 + 50)) + 81) - (((95 - 30) - (46 - 75)) + ((18 - 94) - 67))) + ((((62 - 56) + (21 + 22)) + ((82 - 82) + (53 + 62))) + (((73 + 91) - (35 + 22)) + 9)),407,,,...
L8H2R32,depth5,((((5 + 92) + (25 + 49)) + ((26 + 84) + (71 + 1))) - (((39 - 70) - 79) - ((75 + 25) - 49))) + (25 - (((54 + 32) + (47 - 23)) - ((79 + 82) - (34 - 49)))),605,,,...
L4H4R8,depth1,22 + 98,120,,,...
L4H4R8,depth1,5 + 89,94,,,...
L4H4R8,depth1,45 + 79,124,,,...
L4H4R8,depth1,19 + 26,45,,,...
L4H4R8,depth1,2 + 8,10,,,...
L4H4R8,depth1,5 - 25,-20,,,...
L4H4R8,depth1,8 - 89,-81,,,...
L4H4R8,depth1,3 - 80,-77,,,...
L4H4R8,depth1,41 + 54,95,,,...
L4H4R8,depth1,28 - 41,-13,,,...
L8H8R4,depth5,((((23 + 88) + (18 + 10)) - 4) - (44 - ((96 - 24) + (47 - 65)))) + ((((67 + 42) - (51 - 12)) + ((48 - 97) + 44)) + (((90 + 44) - (90 + 99)) + ((76 - 64) + (80 - 16)))),231,,,...
L8H8R4,depth5,((((86 - 81) + (62 + 55)) + ((96 + 91) - (26 + 8))) - 11) - ((((39 - 96) + (1 - 54)) + ((85 - 47) - (18 + 9))) - (((87 + 68) - (38 + 15)) + ((67 - 48) - (77 + 96)))),311,,,...
L8H8R4,depth5,((((24 - 58) - (8 + 76)) + ((72 + 62) - (98 - 96))) - (((49 - 51) - (1 + 22)) + ((8 + 34) + (6 - 45)))) + ((((8 - 93) - (98 + 38)) + ((45 + 19) - (42 + 34))) + (((99 + 99) + (32 - 21)) + ((74 - 42) - (55 - 6)))),-5,,,...
L8H8R4,depth5,((((16 + 33) + (40 + 65)) - ((83 + 66) - (41 - 11))) - (((3 + 25) - (20 + 93)) + ((45 + 44) - (38 + 22)))) + ((((44 + 94) - 74) + ((86 + 64) + (72 + 28))) + (((52 + 18) - (95 - 28)) + 55)),463,,,...
L8H8R4,depth5,((((94 - 25) - 6) - ((91 - 52) - (8 - 84))) - (83 + ((15 - 26) - (56 + 70)))) - ((((42 - 82) - (18 - 35)) - ((45 + 93) + (96 + 33))) - (((99 - 3) + (84 + 90)) + 82)),644,,,...
L8H8R4,depth5,(((45 + (11 - 51)) + ((59 + 20) - (51 + 2))) - (29 - ((55 + 52) - (70 - 69)))) + ((((89 - 63) - (70 + 64)) + ((30 + 62) + (47 + 2))) + (27 - ((70 - 79) + (22 - 14)))),169,,,...
L8H8R4,depth5,((((14 - 83) + (88 - 22)) - (35 - (14 + 81))) - 43) + 48,62,,,...
L8H8R4,depth5,(((53 - (55 - 87)) - ((73 + 75) + (0 - 20))) - 26) + ((((95 + 5) - (26 + 58)) - 61) - (((13 + 88) - 8) - ((63 + 82) - (15 - 73)))),-4,,,...
L8H8R4,depth5,1 + ((((2 + 78) - (37 - 26)) - 19) + (((88 - 94) - (23 - 48)) - ((12 + 82) + (59 - 38)))),-45,,,...
L8H8R4,depth5,((66 + ((86 - 45) - (16 + 83))) - (((76 + 89) - (41 + 63)) + ((1 + 82) + 16))) + ((74 - (56 + (29 - 66))) + (((95 + 48) - (62 - 73)) + ((86 - 72) + 17))),88,,,...
L4H4R16,depth4,(((63 - 83) - (29 + 1)) - ((30 - 94) - (66 - 64))) - 0,16,,,...
L4H4R16,depth4,(((35 + 64) + (85 - 50)) + 33) + (((3 - 62) - (26 + 8)) - ((0 - 46) + (44 + 62))),14,,,...
L4H4R16,depth4,(((80 - 81) - (79 + 29)) - ((85 - 68) + 31)) - (((42 + 38) + (11 + 96)) + ((75 - 39) - (8 - 9))),-381,,,...
L4H4R16,depth4,(((42 - 25) - (40 + 95)) + ((98 + 69) + (51 - 1))) - (23 - (65 + (6 + 82))),229,,,...
L4H4R16,depth4,63 - (77 - ((44 - 36) + 60)),54,,,...
L4H4R16,depth4,(((76 - 68) - (64 - 3)) - ((7 - 76) - (73 + 44))) + (((38 + 8) - (30 - 97)) - (34 - (94 - 57))),249,,,...
L4H4R16,depth4,(((89 + 94) + (10 + 84)) + (83 + (67 + 46))) + (((19 - 62) - (60 + 72)) + ((18 - 87) + (78 - 29))),278,,,...
L4H4R16,depth4,(((2 + 61) + (67 - 38)) + ((51 + 50) + 32)) - (((35 + 61) + (13 + 52)) - ((55 - 40) - (26 - 58))),111,,,...
L4H4R16,depth4,(((90 - 30) + (22 + 47)) + ((25 + 87) - (54 + 57))) - (((15 + 97) + (79 + 81)) - ((88 - 94) + (63 + 20))),-65,,,...
L4H4R16,depth4,(((9 - 0) - 78) - 62) + (((12 - 20) + (28 + 42)) + ((40 + 88) - (12 - 76))),123,,,...
L4H8R8,max,72 - (13 - (77 - ((36 + 41) - (19 - 12)))),66,,,...
L4H8R8,max,((((4 - 1) - (23 - 77)) + ((6 + 67) + (20 - 8))) - 47) + ((76 - 48) + (41 + (62 + (64 + 6)))),296,,,...
L4H8R8,max,40,40,,,...
L4H8R8,max,51 - ((((86 + 66) - (76 - 80)) - ((56 + 9) - 99)) - (26 + (11 + (25 - 8)))),-85,,,...
L4H8R8,max,80 + 49,129,,,...
L4H8R8,max,(((3 - 56) - ((85 + 10) + (23 - 47))) - (21 - 39)) + 13,-93,,,...
L4H8R8,max,57,57,,,...
L4H8R8,max,((((34 + 84) + (90 - 23)) + ((90 - 62) + 48)) + (23 + ((88 + 8) - (6 + 17)))) - ((91 + ((57 + 16) - (6 + 39))) + (((32 - 84) + 7) + 95)),188,,,...
L4H8R8,max,((91 + ((73 + 96) - (32 - 64))) - (((54 - 12) + (32 - 77)) + ((56 + 11) + 30))) - 37,161,,,...
L4H8R8,max,39,39,,,...
L4H4R4,depth2,(17 - 60) - (28 + 10),-81,,,...
L4H4R4,depth2,(84 + 18) - (24 - 82),160,,,...
L4H4R4,depth2,(52 + 23) - (78 + 30),-33,,,...
L4H4R4,depth2,(70 - 18) - (27 + 91),-66,,,...
L4H4R4,depth2,(80 - 18) + (22 + 54),138,,,...
L4H4R4,depth2,(67 - 55) + (34 - 27),19,,,...
L4H4R4,depth2,(89 - 54) - (11 + 96),-72,,,...
L4H4R4,depth2,(58 - 44) - (81 + 18),-85,,,...
L4H4R4,depth2,(2 - 92) + (33 + 41),-16,,,...
L4H4R4,depth2,(38 + 35) + (42 - 54),61,,,...
L8H2R32,max,((((67 - 80) - 49) + ((64 + 88) - (10 + 18))) - (((3 + 85) - (21 + 74)) + ((89 + 49) - (28 - 62)))) - ((((67 - 4) - 28) - ((63 - 58) - (21 - 44))) - 20),-90,,,...
L8H2R32,max,((((41 - 7) - (86 + 94)) + 28) + (((46 + 31) - (45 + 46)) - ((48 + 3) - 92))) + (((23 - 5) + 25) + 21),-27,,,...
L8H2R32,max,(63 + 45) + ((15 - 16) - (((33 + 87) + (73 - 94)) - (93 - (12 - 0)))),89,,,...
L8H2R32,max,(((24 + 47) + (10 + 43)) - 33) - ((((38 - 49) + (29 + 22)) + 11) - (((79 + 90) - (68 + 3)) + ((44 - 75) + (69 + 29)))),205,,,...
L8H2R32,max,((((44 + 57) + (29 + 55)) - ((1 - 50) - 67)) - (((40 - 39) - (62 - 45)) + ((8 - 59) + 4))) - 36,328,,,...
L8H2R32,max,(4 - ((7 + (30 + 21)) - 56)) - 98,-96,,,...
L8H2R32,max,(((1 + 50) + ((70 + 57) + (2 - 7))) - ((28 - (0 + 31)) - 60)) - (60 - (((8 - 28) + 75) - ((89 - 79) - 55))),276,,,...
L8H2R32,max,((34 - ((22 + 27) + (82 + 83))) + (((11 - 58) + (16 + 50)) - 3)) - (4 - 10),-158,,,...
L8H2R32,max,14,14,,,...
L8H2R32,max,46,46,,,...
L6H16R32,depth2,(9 - 10) - (78 - 20),-59,,,...
L6H16R32,depth2,(97 + 60) + (51 + 12),220,,,...
L6H16R32,depth2,(49 + 16) + (55 - 97),23,,,...
L6H16R32,depth2,(0 - 17) - (88 + 70),-175,,,...
L6H16R32,depth2,(52 - 50) + (58 + 25),85,,,...
L6H16R32,depth2,(62 + 21) + (66 + 88),237,,,...
L6H16R32,depth2,(87 + 38) + (93 + 20),238,,,...
L6H16R32,depth2,(33 + 45) + (13 + 49),140,,,...
L6H16R32,depth2,(32 + 25) - (41 + 98),-82,,,...
L6H16R32,depth2,(73 + 15) + (60 + 24),172,,,...
L2H8R8,depth2,57 + (24 + 57),138,,,...
L2H8R8,depth2,(44 + 83) + (60 - 79),108,,,...
L2H8R8,depth2,(91 - 41) + (84 - 89),45,,,...
L2H8R8,depth2,(45 + 59) - 16,88,,,...
L2H8R8,depth2,(59 - 66) + 91,84,,,...
L2H8R8,depth2,(87 - 41) - (24 + 22),0,,,...
L2H8R8,depth2,(31 + 20) + (70 - 17),104,,,...
L2H8R8,depth2,(5 - 44) - (0 - 21),-18,,,...
L2H8R8,depth2,(87 + 80) - (30 + 62),75,,,...
L2H8R8,depth2,(13 - 39) - (74 + 49),-149,,,...
L6H16R8,depth3,((62 - 3) + (22 - 78)) - 72,-69,,,...
L6H16R8,depth3,((53 + 59) - (99 - 17)) + ((63 + 42) + (73 + 89)),297,,,...
L6H16R8,depth3,((56 - 64) + 80) + ((25 - 52) - (94 - 59)),10,,,...
L6H16R8,depth3,((30 + 57) + (39 - 75)) + 11,62,,,...
L6H16R8,depth3,((9 - 42) - (15 - 75)) - ((52 - 82) + (71 + 68)),-82,,,...
L6H16R8,depth3,25 - ((39 + 99) + (68 - 13)),-168,,,...
L6H16R8,depth3,((26 - 78) + (84 + 27)) + 4,63,,,...
L6H16R8,depth3,((84 - 24) - (11 + 82)) - ((86 + 35) - (7 + 82)),-65,,,...
L6H16R8,depth3,71 + ((59 + 12) + (5 - 98)),49,,,...
L6H16R8,depth3,((13 - 2) + (33 - 63)) + ((58 + 78) - (56 - 82)),143,,,...
L4H16R32,depth4,61 - (((28 + 95) + (64 - 75)) + ((73 - 85) + (59 - 15))),-83,,,...
L4H16R32,depth4,(((18 + 13) + (76 + 14)) + ((91 + 24) - (38 - 18))) + (15 - ((7 + 74) + (68 - 26))),108,,,...
L4H16R32,depth4,(((11 - 57) - (20 + 72)) + ((93 + 10) - (71 - 50))) + (((64 - 14) + (27 - 12)) - ((27 - 93) - (55 + 20))),150,,,...
L4H16R32,depth4,((24 - (73 + 41)) - ((63 + 54) + (80 - 43))) - (((97 - 1) + (96 + 94)) - 90),-440,,,...
L4H16R32,depth4,(((18 - 78) - (65 + 67)) + 70) + (((45 + 64) - (17 - 30)) + ((25 - 82) + (97 + 70))),110,,,...
L4H16R32,depth4,((23 + (61 + 60)) + ((61 - 24) - (27 - 97))) - (((20 - 22) - (12 - 88)) - ((78 - 73) + (19 + 99))),300,,,...
L4H16R32,depth4,(((30 + 15) + (20 + 94)) + 34) + (((13 - 13) + (99 - 41)) - ((6 - 26) - (99 - 26))),344,,,...
L4H16R32,depth4,(((72 + 7) + (61 - 50)) - ((5 - 38) - (60 - 88))) - 66,29,,,...
L4H16R32,depth4,74 + (((38 + 81) - 75) + ((32 + 62) - (93 + 30))),89,,,...
L4H16R32,depth4,(((87 - 46) + (47 + 96)) + 60) - (52 - ((32 - 88) + (54 - 50))),140,,,...
L6H8R8,max,48,48,,,...
L6H8R8,max,14,14,,,...
L6H8R8,max,34,34,,,...
L6H8R8,max,38,38,,,...
L6H8R8,max,((((51 - 48) + (80 - 94)) - ((31 + 88) - (12 + 35))) - 19) - ((((66 + 70) - (60 + 41)) + ((97 + 12) - (97 - 19))) - 93),-75,,,...
L6H8R8,max,64,64,,,...
L6H8R8,max,69,69,,,...
L6H8R8,max,(68 + (((8 + 78) + 34) - ((0 - 74) + (14 + 21)))) + ((((13 - 84) + (13 + 33)) + ((8 + 56) - (90 - 95))) + (((65 + 2) - 60) - 29)),249,,,...
L6H8R8,max,((64 - ((24 + 87) - (37 + 25))) - 24) + ((((45 + 12) - (90 + 19)) + ((78 + 27) - (43 + 19))) + ((67 - (40 + 29)) - ((78 + 18) - (73 + 12)))),-31,,,...
L6H8R8,max,((((98 - 87) + (91 + 11)) - 23) - 37) + (83 - (((76 + 18) + (97 + 81)) + ((68 - 17) + 19))),-206,,,...
L6H2R16,depth3,(19 - (36 - 57)) + ((8 + 40) + (97 - 40)),145,,,...
L6H2R16,depth3,((46 - 63) - (81 + 13)) - ((64 - 36) + (42 - 97)),-84,,,...
L6H2R16,depth3,((33 - 7) + (47 + 7)) - ((74 - 68) - 48),122,,,...
L6H2R16,depth3,((78 + 20) - (39 + 37)) - ((65 + 90) + (67 + 32)),-232,,,...
L6H2R16,depth3,(98 + (78 - 95)) - ((29 + 29) - (77 + 41)),141,,,...
L6H2R16,depth3,((49 - 36) + (58 - 39)) - ((39 + 74) + (57 + 26)),-164,,,...
L6H2R16,depth3,((27 + 93) - (87 - 29)) - ((93 - 11) + (62 + 48)),-130,,,...
L6H2R16,depth3,((60 + 1) - (57 - 70)) + ((33 - 29) + 68),146,,,...
L6H2R16,depth3,((78 + 43) + (29 + 93)) + ((90 + 33) - (12 - 77)),431,,,...
L6H2R16,depth3,((49 - 69) + 77) - ((62 - 93) - (41 + 55)),184,,,...
L6H8R32,depth3,((29 + 27) - (72 + 6)) - 12,-34,,,...
L6H8R32,depth3,((74 + 2) - (63 + 82)) - ((13 - 4) + (47 - 80)),-45,,,...
L6H8R32,depth3,((94 - 64) - (70 - 74)) + ((21 + 92) + (12 + 54)),213,,,...
L6H8R32,depth3,((90 + 76) + (51 + 11)) - ((17 + 67) + (95 + 90)),-41,,,...
L6H8R32,depth3,((9 + 22) - (4 - 88)) + ((77 + 84) + 68),344,,,...
L6H8R32,depth3,((94 + 40) - (83 + 26)) - 75,-50,,,...
L6H8R32,depth3,89 + ((84 - 39) + (29 - 31)),132,,,...
L6H8R32,depth3,((7 - 51) + (91 - 16)) - ((66 - 64) + (79 + 97)),-147,,,...
L6H8R32,depth3,((9 - 51) + 90) + ((18 + 59) + (59 - 10)),174,,,...
L6H8R32,depth3,((18 - 48) + (27 - 28)) + ((76 - 18) - (94 + 35)),-102,,,...
L4H8R16,depth5,((((4 - 24) + (19 - 69)) - ((58 - 55) - (55 - 90))) - (((21 - 15) - (10 + 26)) + ((82 - 96) - (47 - 59)))) - ((((83 + 87) + (8 - 72)) + ((55 + 71) + 34)) + (((49 + 71) + (24 - 16)) + ((80 + 27) + (37 - 3)))),-611,,,...
L4H8R16,depth5,((((48 - 37) - (85 + 76)) - 54) + (((59 - 45) + (30 + 45)) + ((42 + 64) + (48 - 87)))) - ((((98 - 97) - (98 - 47)) - 61) + 70),-7,,,...
L4H8R16,depth5,((((74 + 24) + (95 - 35)) + ((66 - 83) - (5 - 87))) + (((30 - 55) + (88 + 94)) - ((97 - 96) - (6 - 81)))) + ((((43 + 68) - (24 + 99)) + 41) + (((58 + 72) + (6 + 12)) - ((82 + 62) + (92 - 1)))),246,,,...
L4H8R16,depth5,((((20 + 16) - (24 + 36)) - ((17 + 55) + 21)) - (((87 + 28) + (7 - 23)) - ((3 - 87) + 55))) - (16 - (((72 + 92) + (97 + 92)) - ((22 + 54) - (52 - 60)))),8,,,...
L4H8R16,depth5,((((57 - 4) + (70 - 44)) - 58) + (((4 - 87) - (57 + 7)) + ((55 - 30) + 54))) + ((((78 - 97) - (61 + 95)) + ((46 + 62) + (66 + 13))) + (((44 - 35) - (59 + 5)) - ((86 + 31) + (99 + 31)))),-337,,,...
L4H8R16,depth5,(((40 - (32 + 40)) + ((58 - 18) + (36 + 88))) + (((68 + 76) - (61 + 82)) + ((43 + 80) + (15 + 44)))) - ((((34 + 2) - 56) + ((45 - 26) - (30 - 83))) + (((62 + 76) + (10 - 49)) - (4 - (35 - 44)))),177,,,...
L4H8R16,depth5,((((52 + 8) - (53 + 15)) - ((57 + 78) - (33 + 34))) + (((33 - 71) + (22 + 85)) - ((98 - 30) + (16 + 89)))) + (60 + (((23 + 48) - (77 + 96)) - ((35 + 72) - (74 + 75)))),-180,,,...
L4H8R16,depth5,(((82 + (14 - 81)) - ((3 + 35) + (64 + 81))) - (((83 + 93) + (55 - 68)) + ((22 + 74) + (40 + 17)))) + ((((16 - 81) + (31 + 21)) - ((29 - 98) - (51 + 71))) - (((62 + 98) + (69 + 46)) - ((1 + 21) + (84 + 23)))),-452,,,...
L4H8R16,depth5,((((83 + 22) - (5 - 78)) + ((88 + 68) + (96 - 45))) + (((47 + 83) + (8 - 38)) - (25 - (77 + 61)))) + ((((18 + 51) + 1) - ((99 - 5) + (37 + 92))) + ((97 - (40 + 93)) + ((86 - 98) + (50 - 79)))),368,,,...
L4H8R16,depth5,((((84 - 16) + (46 - 30)) + ((61 - 19) + (61 + 85))) + (((54 + 49) + (14 + 96)) + ((97 - 28) + (9 - 98)))) - ((((36 + 90) - (55 + 65)) + ((70 + 7) + (68 + 48))) - (((46 - 85) + (98 + 4)) - ((3 - 30) - 27))),383,,,...
L6H2R16,depth5,17 - ((((28 + 33) + (45 + 1)) - ((67 - 55) + (19 - 50))) - (((65 - 0) + 14) + 87)),57,,,...
L6H2R16,depth5,((((11 + 75) - (76 + 9)) + 51) + ((27 + (6 - 3)) + ((14 - 20) + (39 + 67)))) + ((((60 - 22) + (82 + 3)) + ((25 + 72) + (6 + 17))) + (((20 + 25) - (88 + 78)) - 53)),251,,,...
L6H2R16,depth5,((((65 + 36) - (89 - 61)) + ((10 + 66) - (21 - 88))) + (((57 + 45) - (80 + 99)) + ((31 + 81) + (31 - 62)))) + ((82 + ((85 - 33) - 0)) + (((2 - 60) + (66 - 96)) + ((9 - 21) - (98 + 62)))),94,,,...
L6H2R16,depth5,((((66 + 9) - 0) - ((42 - 10) + (62 + 2))) + (((24 - 37) - (62 - 44)) + ((16 - 91) - (45 - 82)))) + ((((73 + 58) + (13 - 84)) - ((42 - 66) - (62 - 60))) - (((70 + 82) + (41 - 66)) + ((51 - 74) + (25 + 52)))),-185,,,...
L6H2R16,depth5,(((89 - (11 - 75)) + (66 - (36 + 58))) - (((85 - 41) - (4 + 50)) - ((60 + 28) + (5 + 84)))) - ((((1 - 58) - (37 - 11)) + (61 - (19 - 92))) + (((8 + 89) + (31 - 52)) - ((66 - 57) - (46 + 6)))),142,,,...
L6H2R16,depth5,((((76 - 74) + (3 + 72)) + (62 + (70 + 9))) - (((12 + 7) + (42 + 95)) - ((98 - 42) - (83 - 59)))) + (((18 + (75 + 47)) + ((3 - 4) - (20 + 42))) - (((29 + 45) - (0 + 3)) + ((13 - 18) - (58 - 51)))),112,,,...
L6H2R16,depth5,((((89 + 13) + (77 - 33)) + 67) - (((30 + 72) - (4 + 45)) + ((56 + 46) - (71 + 24)))) - (34 - (71 + (34 + (19 - 23)))),220,,,...
L6H2R16,depth5,26 + ((((6 - 4) - (43 - 48)) + ((44 + 64) + (50 + 51))) - (((38 + 81) - (48 - 58)) + ((11 - 58) + (32 + 28)))),100,,,...
L6H2R16,depth5,((((65 - 88) + (23 - 16)) + ((99 - 13) - (25 + 26))) + (((65 + 77) - (37 - 68)) - ((5 - 84) + (49 + 31)))) + ((((28 + 10) - (54 + 57)) - ((47 + 60) - (58 + 55))) + (((59 + 3) - (20 - 43)) - ((83 + 78) + (45 + 14)))),-11,,,...
L6H2R16,depth5,(((51 - (9 - 45)) + ((21 + 0) + (4 - 45))) + 56) - ((((21 + 71) - (28 - 44)) + ((3 - 58) - (94 + 2))) - ((72 - (82 - 54)) - ((74 - 88) - (45 + 27)))),296,,,...
L2H8R4,depth2,(22 - 52) - (12 - 40),-2,,,...
L2H8R4,depth2,(71 - 76) + (0 - 24),-29,,,...
L2H8R4,depth2,2 + (60 - 75),-13,,,...
L2H8R4,depth2,(66 - 72) - (74 - 33),-47,,,...
L2H8R4,depth2,(66 - 37) + 90,119,,,...
L2H8R4,depth2,(94 + 16) - (14 - 42),138,,,...
L2H8R4,depth2,(85 - 52) + (62 + 85),180,,,...
L2H8R4,depth2,(84 + 48) - (37 + 82),13,,,...
L2H8R4,depth2,(88 + 91) - (22 + 58),99,,,...
L2H8R4,depth2,(99 + 57) + (2 - 73),85,,,...
L8H2R16,max,(((40 - (72 - 25)) + 1) - 2) - 75,-83,,,...
L8H2R16,max,(((94 - (74 + 7)) + 18) - 84) - 49,-102,,,...
L8H2R16,max,87,87,,,...
L8H2R16,max,((((36 + 21) - (30 - 75)) - ((62 - 17) + 49)) - (77 - ((3 - 37) + 82))) - ((77 - ((15 + 61) - 93)) + 13),-128,,,...
L8H2R16,max,(84 - 69) + (58 + ((68 - (27 + 7)) - 35)),72,,,...
L8H2R16,max,32 + (56 + ((16 - (11 - 71)) - ((75 - 47) + (22 - 29)))),143,,,...
L8H2R16,max,((((61 + 54) - 54) - 87) + ((32 + (91 - 7)) + ((73 + 79) + (60 + 11)))) + 23,336,,,...
L8H2R16,max,81,81,,,...
L8H2R16,max,72 + ((((69 + 49) - 21) + 26) + 73),268,,,...
L8H2R16,max,39 - (65 - ((69 - 27) - ((46 + 69) - 69))),-30,,,...
L6H8R4,depth4,(((13 + 18) + (7 + 78)) + ((11 - 87) + (63 - 48))) - ((12 + (22 + 68)) + ((89 + 64) - (51 + 36))),-113,,,...
L6H8R4,depth4,(((22 + 1) - (40 - 71)) - 39) + (((24 - 34) - (81 + 37)) + ((61 + 64) - (77 - 40))),-25,,,...
L6H8R4,depth4,(((69 + 48) + 19) - ((22 - 87) + (29 - 87))) + (22 - ((90 - 37) + (27 - 99))),300,,,...
L6H8R4,depth4,(((64 - 89) - (10 - 90)) - ((60 - 50) + (49 + 54))) - (((54 + 93) - (22 - 54)) + ((19 - 24) + (69 + 49))),-350,,,...
L6H8R4,depth4,(((34 - 74) - (10 + 60)) - ((88 - 81) + (65 - 58))) - (((9 - 73) - (61 + 81)) - 3),85,,,...
L6H8R4,depth4,(((48 - 71) - (99 - 11)) + ((58 - 72) - (10 + 44))) - (((96 + 28) + (34 + 74)) - ((52 - 38) + (23 + 40))),-334,,,...
L6H8R4,depth4,(((14 + 96) - (3 - 71)) - ((79 - 0) + (88 - 4))) + (((94 + 92) + (23 + 65)) + ((35 - 72) + (90 - 55))),287,,,...
L6H8R4,depth4,77 - (((61 + 7) - (16 - 73)) + ((38 - 41) + (42 - 48))),-39,,,...
L6H8R4,depth4,(((25 + 6) + (7 - 46)) + 39) - (52 - ((96 - 28) + (48 - 81))),14,,,...
L6H8R4,depth4,(((46 + 25) - 51) - (12 - (25 + 86))) - (((67 + 34) + (7 - 28)) - ((70 + 48) - (28 + 75))),54,,,...
L2H2R8,depth5,(46 + (((94 + 85) + (55 - 62)) + (21 + (99 + 76)))) + ((((13 + 4) - 94) - ((78 - 22) - (1 - 14))) - (70 - ((81 - 89) - (34 - 51)))),207,,,...
L2H2R8,depth5,((((56 - 46) - 66) - ((1 - 18) + (36 + 95))) + (((30 - 86) - (20 + 62)) - ((44 - 98) - (79 - 60)))) - (78 + (((75 - 48) - (37 + 32)) - ((27 + 9) - (37 - 99)))),-173,,,...
L2H2R8,depth5,((1 + ((68 - 74) - (33 + 93))) + (98 + ((30 + 55) + (56 - 59)))) - ((((49 - 8) + (66 + 17)) + ((39 + 30) - (79 + 66))) - (((54 - 26) + (3 + 25)) - 47)),10,,,...
L2H2R8,depth5,((((49 - 82) + (1 - 17)) - ((88 - 43) + (12 + 52))) - (((59 - 13) + (94 + 32)) + 89)) + 43,-376,,,...
L2H2R8,depth5,((((0 - 62) + (69 + 81)) + ((64 - 59) + (76 - 28))) + ((60 + (95 - 66)) - ((84 - 91) - (36 + 85)))) + (((93 - (22 + 4)) + ((27 - 47) - (78 + 40))) - (((35 - 86) - 14) - ((11 - 82) - (66 - 37)))),252,,,...
L2H2R8,depth5,(29 + (((75 - 68) - (85 + 73)) - ((34 + 41) + (6 - 21)))) + ((((11 - 62) - (74 - 65)) - ((26 + 78) + (75 + 19))) - (((90 - 97) + (23 + 26)) - (97 + (83 + 98)))),-204,,,...
L2H2R8,depth5,((((73 - 84) - (64 + 63)) + ((0 + 16) - (94 + 25))) + (((76 + 27) - (42 + 19)) + 46)) + (((61 - (11 + 96)) + ((99 + 65) + (23 - 92))) + (((57 - 70) - (0 - 28)) + ((40 - 95) + 29))),-115,,,...
L2H2R8,depth5,(86 + ((23 - (87 + 40)) + ((56 + 10) + (63 + 87)))) + ((((14 + 31) - 76) + ((94 - 77) + 27)) + ((99 - (92 - 4)) - ((59 + 96) - (32 + 42)))),141,,,...
L2H2R8,depth5,((((9 - 22) - (77 - 25)) - ((78 - 98) - (26 + 17))) + (((24 - 96) + (73 - 11)) + ((44 - 86) + (24 - 56)))) + ((((24 - 61) - 68) - ((68 - 80) + (95 + 83))) - (((60 - 86) - (89 + 51)) + ((67 + 24) + (13 + 77)))),-372,,,...
L2H2R8,depth5,(18 + (((85 + 40) + (84 - 3)) + ((11 - 69) - (36 + 17)))) + (((50 + (15 + 39)) + ((6 + 1) - (77 + 31))) + (((75 - 29) - 18) + ((82 - 7) + (75 + 32)))),326,,,...
L6H16R8,depth5,(99 + ((6 - (27 + 44)) + ((80 - 39) - (83 - 39)))) - ((66 + (39 + (33 - 24))) - (((32 - 41) + (77 + 7)) - ((17 - 23) + (45 + 95)))),-142,,,...
L6H16R8,depth5,((((1 - 12) + (48 + 36)) + ((65 - 9) - (49 + 72))) + (((23 + 47) - (5 + 73)) - (62 - (60 + 26)))) + ((((11 + 48) + (96 - 22)) + 46) - (((7 + 44) - (61 + 60)) + 28)),245,,,...
L6H16R8,depth5,((((84 + 93) - (26 + 39)) + (24 - (70 - 45))) + (((38 + 76) - (9 - 10)) + ((63 - 81) - (75 - 15)))) - ((((25 - 79) - 98) + ((77 + 95) + (76 + 56))) - (((68 + 21) + (0 + 93)) + ((46 + 24) - (49 - 35)))),234,,,...
L6H16R8,depth5,((((45 - 85) - (15 - 7)) - ((78 - 3) + (68 - 89))) - (((5 + 29) - (87 + 94)) - ((94 + 8) - 68))) + ((((54 - 94) + 30) - ((9 - 39) + (45 + 84))) - (((44 - 21) + (14 + 52)) + ((94 - 52) - (25 + 87)))),-49,,,...
L6H16R8,depth5,((((59 + 93) + (56 + 88)) + ((33 + 63) + (58 - 92))) - (((29 + 12) + (27 - 2)) + ((78 - 55) + (7 - 12)))) + (28 + (((97 + 16) - (23 + 12)) + (46 - (28 - 15)))),413,,,...
L6H16R8,depth5,((((19 + 38) - (20 - 30)) - ((70 + 21) + (37 + 96))) - (((5 + 28) - (83 - 44)) + ((78 - 32) + (31 - 50)))) + ((((25 + 21) + (25 - 82)) + ((65 + 50) - (12 + 90))) + 79),-97,,,...
L6H16R8,depth5,((((85 + 28) + (82 + 43)) + ((23 + 64) - (71 + 24))) + ((55 + (58 - 67)) + ((89 + 87) - 93))) + (20 - (((53 - 87) - (55 + 61)) - 75)),604,,,...
L6H16R8,depth5,((((28 - 54) + (20 + 0)) + ((30 + 77) - (93 + 70))) - (((57 - 20) + 57) - (41 + (10 + 27)))) - ((((6 + 1) - (50 + 29)) - 75) + 34),35,,,...
L6H16R8,depth5,((((82 - 57) + (89 - 71)) + ((89 - 69) - (85 - 17))) - (((2 - 55) + (39 + 29)) - ((95 + 77) + (16 + 75)))) + ((31 - ((83 - 8) - (5 - 19))) + (((70 - 26) - (4 - 40)) - ((65 - 97) + (97 + 2)))),198,,,...
L6H16R8,depth5,(84 - (((54 - 75) - (24 + 88)) + ((63 - 33) - (26 + 18)))) + ((((92 + 54) + (36 + 36)) - ((26 - 87) - (86 + 9))) + 67),672,,,...
L6H2R32,depth2,40 - (26 - 94),108,,,...
L6H2R32,depth2,(22 + 0) - (10 - 96),108,,,...
L6H2R32,depth2,(83 - 85) + (70 + 49),117,,,...
L6H2R32,depth2,(39 - 59) - (76 + 16),-112,,,...
L6H2R32,depth2,(46 - 15) - (37 - 78),72,,,...
L6H2R32,depth2,(66 - 26) + (98 + 71),209,,,...
L6H2R32,depth2,(98 - 36) + (31 + 95),188,,,...
L6H2R32,depth2,(76 - 84) - (15 - 81),58,,,...
L6H2R32,depth2,(4 - 79) + (27 + 16),-32,,,...
L6H2R32,depth2,(93 + 88) + (77 + 89),347,,,...
L8H4R4,depth1,5 + 75,80,,,...
L8H4R4,depth1,43 + 96,139,,,...
L8H4R4,depth1,82 + 15,97,,,...
L8H4R4,depth1,66 + 71,137,,,...
L8H4R4,depth1,86 - 27,59,,,...
L8H4R4,depth1,32 - 7,25,,,...
L8H4R4,depth1,65 + 74,139,,,...
L8H4R4,depth1,95 + 63,158,,,...
L8H4R4,depth1,53 - 84,-31,,,...
L8H4R4,depth1,93 - 67,26,,,...
L8H16R4,depth3,((46 + 21) + (50 + 42)) - (77 - (82 - 90)),74,,,...
L8H16R4,depth3,(67 - (24 + 61)) + ((58 + 17) - (70 - 87)),74,,,...
L8H16R4,depth3,((71 + 40) + (8 + 12)) + ((3 + 40) - (57 - 50)),167,,,...
L8H16R4,depth3,((70 - 88) - (28 + 87)) + 88,-45,,,...
L8H16R4,depth3,((91 + 84) + (78 - 61)) - ((25 + 84) - (67 + 36)),186,,,...
L8H16R4,depth3,(86 + (43 + 86)) + ((3 - 49) - 69),100,,,...
L8H16R4,depth3,92 - ((49 - 86) - 2),131,,,...
L8H16R4,depth3,((14 - 42) + 39) - ((74 - 42) + (57 + 98)),-176,,,...
L8H16R4,depth3,((46 - 78) - (44 + 30)) - ((44 + 50) + (56 - 6)),-250,,,...
L8H16R4,depth3,((20 + 10) + (87 + 94)) + 3,214,,,...
L2H16R4,max,(49 + ((50 - (83 + 19)) - ((33 + 79) + (33 + 66)))) - ((16 + ((63 - 27) + (32 + 31))) - 96),-233,,,...
L2H16R4,max,((22 - (39 + (1 - 3))) - (((94 + 22) + 12) + 90)) - 21,-254,,,...
L2H16R4,max,72 - ((((37 + 55) - (64 + 3)) + (5 + 78)) + (((65 + 61) + 40) - 55)),-147,,,...
L2H16R4,max,(51 + (((27 - 32) + (65 - 45)) + ((37 - 30) - (24 - 61)))) - ((((81 - 61) - (48 - 36)) + 18) + 3),81,,,...
L2H16R4,max,38,38,,,...
L2H16R4,max,94,94,,,...
L2H16R4,max,(((2 - (18 + 66)) + (68 + (89 - 16))) + (75 - 92)) - ((((15 + 0) + 33) + ((48 - 14) + (3 - 21))) + (((12 + 99) - (40 + 16)) + (84 - (52 + 52)))),-57,,,...
L2H16R4,max,98,98,,,...
L2H16R4,max,47,47,,,...
L2H16R4,max,19 - ((41 - ((80 - 19) - 12)) - ((72 + 20) + 84)),203,,,...
L2H2R32,depth2,(80 - 60) + (80 - 39),61,,,...
L2H2R32,depth2,(66 + 49) + 6,121,,,...
L2H2R32,depth2,21 + (55 + 87),163,,,...
L2H2R32,depth2,11 + (70 + 37),118,,,...
L2H2R32,depth2,(25 + 81) - (66 + 39),1,,,...
L2H2R32,depth2,(11 - 49) - (5 + 35),-78,,,...
L2H2R32,depth2,(17 + 34) - (25 + 47),-21,,,...
L2H2R32,depth2,(43 + 28) - (62 + 40),-31,,,...
L2H2R32,depth2,(61 - 76) - (70 - 20),-65,,,...
L2H2R32,depth2,(15 + 66) + (54 - 59),76,,,...
L2H8R4,max,(38 + (((10 + 27) + (24 - 66)) + ((67 - 21) - (21 + 94)))) + 32,-4,,,...
L2H8R4,max,(((78 + (67 - 73)) + ((29 - 4) - (0 + 11))) + (((33 - 0) - 63) - ((90 + 93) + 83))) - 46,-256,,,...
L2H8R4,max,9,9,,,...
L2H8R4,max,((91 - ((35 + 4) - (8 + 77))) + (((16 - 48) - (61 + 42)) + (19 + 70))) + ((44 - ((98 + 53) - (79 - 91))) + (((6 + 38) + (9 - 37)) + ((69 + 87) - (80 + 68)))),-4,,,...
L2H8R4,max,((((85 + 78) - 99) + 98) - ((12 - (35 - 41)) - ((73 - 33) + 81))) - ((((72 + 88) - (15 + 82)) - 14) - ((92 - (89 - 81)) - 10)),290,,,...
L2H8R4,max,78,78,,,...
L2H8R4,max,98,98,,,...
L2H8R4,max,47,47,,,...
L2H8R4,max,(((66 - (14 - 14)) - (61 + (96 + 66))) - (((64 - 41) - (1 + 31)) + ((51 - 75) - (88 + 2)))) - (98 - (((75 + 27) + 80) - 79)),-29,,,...
L2H8R4,max,((32 + (80 + (30 + 8))) + ((82 - (75 - 0)) - ((55 - 9) - 62))) + ((((17 + 0) + (19 + 51)) - (49 + (53 - 46))) - (12 - ((28 + 38) + (42 + 74)))),374,,,...
L2H8R4,depth4,(((18 - 52) + (67 - 35)) - ((35 - 63) + (48 - 51))) - ((23 + (40 + 34)) + 54),-122,,,...
L2H8R4,depth4,(((20 - 9) + (68 + 65)) - ((59 - 6) + (84 + 65))) + (((33 + 30) + (48 + 13)) - ((56 - 59) - (25 + 29))),123,,,...
L2H8R4,depth4,((62 - (63 + 52)) + 8) + (85 + ((32 + 69) - (80 - 31))),92,,,...
L2H8R4,depth4,(((24 + 86) + (5 - 35)) + ((15 + 10) + 69)) - (((57 + 88) + 89) - ((25 + 56) - (15 - 42))),48,,,...
L2H8R4,depth4,((10 + (46 - 40)) - ((9 + 63) + 72)) - (((65 + 75) + 47) + ((18 - 10) - (34 + 97))),-192,,,...
L2H8R4,depth4,(40 + (15 - (74 + 8))) - (((50 + 55) + (29 - 21)) - ((46 - 28) - (1 + 85))),-208,,,...
L2H8R4,depth4,(((84 - 47) - (19 - 37)) - ((75 + 31) - (26 - 96))) + (((62 + 72) + (2 - 47)) - ((8 - 20) + (40 - 25))),-35,,,...
L2H8R4,depth4,(((45 - 4) - (51 + 5)) - ((94 + 83) + (75 + 79))) + (((77 - 30) + 86) + ((31 - 42) + (19 - 92))),-297,,,...
L2H8R4,depth4,(((65 + 27) - (13 + 71)) + 25) + ((75 + (7 + 0)) + ((8 + 70) + (4 - 3))),194,,,...
L2H8R4,depth4,(((44 + 37) + (17 - 75)) + ((72 - 92) + (92 + 39))) + (((90 - 24) + (1 - 22)) + 98),277,,,...
L2H4R4,depth1,24 - 92,-68,,,...
L2H4R4,depth1,25 - 17,8,,,...
L2H4R4,depth1,20 - 70,-50,,,...
L2H4R4,depth1,83 - 49,34,,,...
L2H4R4,depth1,38 - 14,24,,,...
L2H4R4,depth1,3 - 1,2,,,...
L2H4R4,depth1,8 - 48,-40,,,...
L2H4R4,depth1,83 + 11,94,,,...
L2H4R4,depth1,71 - 69,2,,,...
L2H4R4,depth1,94 - 13,81,,,...
L2H4R8,depth5,((((67 - 41) + 60) + ((9 - 13) + (91 - 99))) + 25) - ((((81 - 25) - (41 + 78)) - ((37 + 72) + (56 + 64))) + (((55 - 6) + (86 - 60)) + ((79 - 66) + (94 - 14)))),223,,,...
L2H4R8,depth5,((((20 - 22) + (85 + 9)) - ((54 - 45) - (65 - 74))) - (((67 - 19) - (14 - 82)) - ((79 - 42) - (54 + 43)))) - (32 - ((40 - (17 + 77)) - ((76 + 55) - (12 + 55)))),-252,,,...
L2H4R8,depth5,((((22 - 8) - (80 - 23)) - ((97 + 57) - (45 - 76))) - (33 - ((16 + 69) - (45 - 38)))) - ((((9 + 49) - (93 + 16)) - ((63 - 20) - (74 + 21))) - (((40 + 1) + (48 + 97)) - ((12 + 74) + (30 - 61)))),-53,,,...
L2H4R8,depth5,((((51 + 46) + (28 + 71)) + ((98 + 81) + (44 + 70))) - ((60 + (12 + 41)) - ((50 + 62) - (84 - 94)))) + ((((42 + 45) + (69 - 52)) - ((94 + 32) + (51 + 94))) + (((0 - 54) - (73 + 87)) - ((39 + 66) + (48 - 78)))),42,,,...
L2H4R8,depth5,((((79 + 65) - (51 - 47)) - (80 - (42 + 36))) - (((31 + 23) + (61 + 76)) + ((89 - 35) + 71))) - ((((71 - 14) - (15 + 59)) + ((2 - 23) + (1 - 12))) + (((40 - 34) - (85 - 54)) + ((22 - 16) - (7 - 84)))),-187,,,...
L2H4R8,depth5,((((34 + 65) - (15 + 24)) + ((34 - 9) - 36)) - (((55 - 38) + (64 - 88)) - ((12 + 21) - (62 + 66)))) - ((79 + ((68 + 67) + (77 + 29))) - 42),-317,,,...
L2H4R8,depth5,(64 - (((36 + 56) + 86) + ((64 + 27) - (92 - 59)))) + 71,-101,,,...
L2H4R8,depth5,((((62 - 65) - (39 + 82)) - ((2 + 90) + (45 - 26))) - (((18 - 31) + (57 + 67)) + ((52 + 66) + (87 + 42)))) - ((((83 + 27) + (76 - 95)) - ((76 - 26) + (52 - 95))) - 15),-662,,,...
L2H4R8,depth5,((((94 + 83) - (2 + 76)) + ((17 - 53) - 14)) + (((91 - 41) - (9 + 59)) - ((57 + 31) - (60 + 57)))) - ((((3 - 96) - (90 - 42)) - ((14 + 42) - (85 + 46))) - (((54 - 63) + (36 - 61)) + ((87 + 88) - (17 + 20)))),230,,,...
L2H4R8,depth5,((((51 - 91) + (38 + 95)) + ((16 + 34) - (57 + 16))) + (((29 + 73) + (40 - 88)) - 5)) - ((((5 + 25) + (13 - 84)) + 37) - (((98 - 97) - (8 + 60)) - ((5 + 21) - (95 + 84)))),209,,,...
L4H4R8,depth5,((((89 + 65) - (19 - 62)) - ((51 - 36) + (78 + 80))) - (((71 - 8) + (6 + 86)) + ((67 + 88) + (75 + 15)))) + ((((64 + 98) - (0 + 34)) - ((52 + 69) + (51 + 45))) + (((16 + 41) + (52 + 83)) - ((53 - 88) + (62 + 91)))),-391,,,...
L4H4R8,depth5,((((83 - 20) - (66 - 8)) - ((60 + 24) - (7 - 97))) - (((16 + 25) + (27 + 0)) + (21 - (66 - 44)))) - (((62 + (22 - 79)) - ((81 - 19) - (29 - 85))) + 9),-132,,,...
L4H4R8,depth5,32 - ((((91 + 58) + 55) - ((93 + 84) + (8 - 66))) + (((51 - 17) + (2 - 91)) + ((1 + 24) - (83 + 71)))),131,,,...
L4H4R8,depth5,((((93 + 55) - (99 - 52)) - ((73 - 65) + (48 - 25))) - (((95 - 23) - (66 - 6)) - ((10 - 84) + (49 - 25)))) + ((((48 - 55) + (92 - 14)) + ((46 + 6) + (62 + 66))) - (((93 + 62) + (47 + 83)) - ((1 - 52) - (16 - 46)))),-47,,,...
L4H4R8,depth5,(85 - ((72 - (16 - 80)) - 62)) - ((((74 + 74) - (30 + 65)) + ((74 - 66) - 63)) - (((36 + 25) + 14) + ((44 + 90) - (64 - 29)))),187,,,...
L4H4R8,depth5,((((10 - 81) + (32 + 38)) + ((30 - 68) - 45)) - (((14 + 62) + (24 + 47)) - ((87 + 62) + (5 - 2)))) + ((((7 - 10) - (82 - 53)) - (93 + (57 + 83))) + 0),-344,,,...
L4H4R8,depth5,((((2 - 15) + 14) + ((12 + 3) + (56 - 70))) + ((55 + (42 + 8)) - ((12 - 63) + (11 + 94)))) + ((((54 - 67) + (66 + 26)) - ((17 + 30) + 66)) + (((66 - 13) + (48 - 29)) + ((9 - 69) - (13 + 92)))),-74,,,...
L4H4R8,depth5,(((66 + (61 + 50)) + ((56 + 5) - (66 - 10))) - (((73 + 99) + (83 + 89)) + ((11 + 22) + (51 - 21)))) + ((((2 - 86) - (49 + 97)) + ((48 - 83) - (19 + 83))) + 31),-561,,,...
L4H4R8,depth5,((((4 + 55) - (32 - 20)) + ((42 - 4) - 48)) + (((58 + 3) - 55) + ((59 + 72) + (58 - 56)))) - ((((80 + 95) + (8 - 62)) - ((10 + 98) - 18)) + (((78 - 46) + (74 - 91)) - ((56 - 26) + (29 + 1)))),190,,,...
L4H4R8,depth5,((((52 + 66) + 7) + 37) + (((48 - 23) + (74 + 72)) + ((74 - 97) + (20 - 55)))) + ((((41 + 48) + (58 + 62)) - ((53 - 71) + (43 - 26))) - (31 - ((7 + 94) + (49 - 28)))),576,,,...
L2H2R16,depth2,(18 - 44) + (16 - 4),-14,,,...
L2H2R16,depth2,(54 + 55) - (28 + 17),64,,,...
L2H2R16,depth2,(44 - 13) - (78 + 6),-53,,,...
L2H2R16,depth2,(23 + 87) + (59 - 77),92,,,...
L2H2R16,depth2,(37 - 28) + (80 - 60),29,,,...
L2H2R16,depth2,(82 + 78) - (24 + 47),89,,,...
L2H2R16,depth2,(79 - 98) - (37 + 96),-152,,,...
L2H2R16,depth2,(48 - 49) + (50 + 20),69,,,...
L2H2R16,depth2,(1 + 29) + (99 + 67),196,,,...
L2H2R16,depth2,82 + (54 - 27),109,,,...
L4H8R8,depth2,(95 - 38) - (78 + 75),-96,,,...
L4H8R8,depth2,(62 + 57) - (49 + 99),-29,,,...
L4H8R8,depth2,(78 + 74) - (64 - 75),163,,,...
L4H8R8,depth2,(34 + 42) + (0 + 2),78,,,...
L4H8R8,depth2,(12 + 77) - 27,62,,,...
L4H8R8,depth2,(98 - 68) + (45 - 81),-6,,,...
L4H8R8,depth2,(51 + 87) + (55 + 42),235,,,...
L4H8R8,depth2,(57 - 29) + 99,127,,,...
L4H8R8,depth2,(76 - 11) - 43,22,,,...
L4H8R8,depth2,(62 - 10) - (78 + 11),-37,,,...
L6H2R8,depth2,(67 - 4) + (67 - 32),98,,,...
L6H2R8,depth2,(53 - 74) - (10 + 39),-70,,,...
L6H2R8,depth2,(82 + 4) - (86 + 17),-17,,,...
L6H2R8,depth2,(57 - 53) + (37 - 63),-22,,,...
L6H2R8,depth2,(37 - 18) - (50 + 42),-73,,,...
L6H2R8,depth2,(38 + 92) - (1 + 17),112,,,...
L6H2R8,depth2,(25 - 14) + (99 - 50),60,,,...
L6H2R8,depth2,(86 + 36) + (71 - 66),127,,,...
L6H2R8,depth2,(83 + 67) + (95 + 40),285,,,...
L6H2R8,depth2,(97 - 66) + (80 - 60),51,,,...
L4H8R32,max,43,43,,,...
L4H8R32,max,57,57,,,...
L4H8R32,max,69,69,,,...
L4H8R32,max,97,97,,,...
L4H8R32,max,((46 + 16) - (((17 + 26) + (72 + 44)) + ((46 - 47) - (26 - 90)))) - 57,-217,,,...
L4H8R32,max,((((67 - 64) + (61 - 66)) - (83 + (1 - 69))) - (((30 + 65) - (14 - 13)) + ((46 + 61) - 51))) + 19,-148,,,...
L4H8R32,max,((((96 - 27) + (20 - 13)) - 8) - (((17 + 55) - 37) - 96)) + ((((8 + 15) - (68 - 52)) + (9 - 45)) - 54),46,,,...
L4H8R32,max,((((50 + 5) + (12 - 45)) - (28 + (87 + 46))) + (24 - ((84 - 8) + 17))) + (81 - (5 - (9 - (31 - 25)))),-129,,,...
L4H8R32,max,((4 - (32 - (33 + 42))) - (((83 - 77) + (75 - 12)) + ((96 - 52) + (47 + 56)))) - 47,-216,,,...
L4H8R32,max,((87 + ((60 + 30) - (77 + 80))) - 11) + 54,63,,,...
L6H4R32,depth5,((93 + ((21 - 89) + (67 + 21))) - (((36 - 47) + (53 + 41)) - 72)) + 92,194,,,...
L6H4R32,depth5,((((30 - 31) + (63 - 4)) + (70 + (25 - 44))) + 8) + ((((94 + 36) + 59) + ((26 - 11) + (80 + 44))) - ((89 - (31 + 87)) - ((98 + 13) - (19 + 37)))),529,,,...
L6H4R32,depth5,((((34 + 45) - (30 + 43)) + ((91 + 84) + (35 - 87))) + (3 + ((84 + 45) + (23 - 70)))) - ((((50 + 35) + 94) + ((23 + 68) + (22 + 98))) - (0 + (82 - (12 - 60)))),-46,,,...
L6H4R32,depth5,((((9 + 41) - (39 - 86)) + ((86 - 80) + (13 + 77))) + (((0 - 86) - (66 + 69)) + ((46 + 81) + (41 - 53)))) - ((15 - ((9 - 8) + (82 + 98))) + (((17 - 75) + (62 + 64)) - ((91 - 48) + (89 - 77)))),240,,,...
L6H4R32,depth5,((((73 - 17) - (76 + 66)) + ((42 - 80) - (39 - 42))) - (((95 + 14) - (69 + 44)) - ((5 + 41) - (88 + 93)))) - ((((87 + 13) + (8 - 38)) + ((40 + 35) - (34 - 2))) + ((24 - (63 - 17)) + (21 - (0 - 61)))),-425,,,...
L6H4R32,depth5,((((75 - 41) - (70 + 64)) - 58) + (((91 + 23) + (27 + 25)) + ((72 + 20) + (12 - 29)))) + ((((67 - 87) + (48 + 82)) - ((85 - 14) + (78 - 6))) - (((98 - 10) + 97) - ((20 + 14) + (66 - 74)))),-109,,,...
L6H4R32,depth5,((((16 + 84) - 18) + ((9 + 15) - (94 - 87))) - (((20 + 43) - (98 + 30)) - ((94 - 94) + (13 - 48)))) - ((((81 + 71) + (96 + 89)) - ((69 + 96) - (9 - 20))) - (((2 + 41) - (90 - 21)) - ((94 + 44) + (65 + 90)))),-351,,,...
L6H4R32,depth5,((((67 + 53) + (8 - 71)) - (52 - (34 + 80))) + (((58 - 48) - (85 - 51)) + 82)) + ((((1 - 44) + (50 - 68)) + ((3 + 78) + (70 + 61))) + (22 + ((26 + 71) + (62 - 26)))),483,,,...
L6H4R32,depth5,((((83 + 46) + (69 - 66)) - ((14 - 37) - (38 - 10))) - (((57 - 25) + (15 + 87)) + ((47 - 87) + (42 + 19)))) - ((((76 - 30) - (74 - 22)) - ((26 + 88) + (14 - 75))) + (((28 - 78) - (26 - 63)) - 44)),144,,,...
L6H4R32,depth5,((((34 + 37) - (69 + 6)) - ((98 + 47) + (62 - 92))) - (((52 - 99) - 77) - ((17 + 47) + (81 + 14)))) - 81,83,,,...
L8H4R16,depth5,((((48 + 33) + (10 - 81)) + ((19 - 37) + (25 - 94))) + (((96 - 93) + (3 + 39)) - ((67 + 44) + (94 + 65)))) + 54,-248,,,...
L8H4R16,depth5,((((71 - 56) - (70 - 79)) + ((5 + 31) + (83 + 29))) - (((52 - 11) + (93 - 82)) - ((39 - 92) - (17 + 85)))) - ((((14 + 31) - (91 - 13)) - ((93 + 76) + (77 + 55))) - (24 - ((60 + 74) + (28 - 19)))),180,,,...
L8H4R16,depth5,((((62 + 69) - (54 - 7)) - ((92 + 66) - (46 - 22))) + (((70 + 95) - (51 + 29)) + ((39 - 45) - (97 + 39)))) - ((32 - (90 - (19 - 15))) + (((11 + 84) - (36 - 78)) - ((48 - 3) + (24 - 21)))),-142,,,...
L8H4R16,depth5,((88 - ((81 + 82) - (28 - 92))) + 16) - ((((8 + 55) + (84 + 61)) + ((36 + 78) - (73 - 59))) - (((43 - 76) - (90 + 57)) - ((92 + 62) + (71 + 32)))),-868,,,...
L8H4R16,depth5,((((87 - 1) - (11 - 45)) - (99 - (67 + 20))) - 24) - (((65 + (1 + 77)) + (70 - (50 + 93))) + (((12 + 25) - (19 - 58)) - ((52 + 66) - (67 - 90)))),79,,,...
L8H4R16,depth5,((((7 + 41) - (89 + 59)) + 26) - (((21 + 17) - (23 - 40)) + 89)) - ((((61 - 18) - (61 - 66)) - ((72 + 87) - (42 + 60))) - (24 + ((94 + 76) + (99 + 3)))),87,,,...
L8H4R16,depth5,((((2 - 35) - (82 - 26)) + ((79 - 48) - (88 + 80))) - (((84 + 87) - (35 - 31)) - ((39 + 28) + (46 + 77)))) - ((((92 - 52) + (62 - 67)) - ((94 + 22) + (42 - 59))) + (9 - ((57 + 46) - (17 - 79)))),17,,,...
L8H4R16,depth5,((((70 + 24) + (78 + 75)) + 75) + (((33 - 89) - 89) - (40 + (1 - 85)))) + ((((59 + 23) + (25 + 79)) - ((8 + 93) + (53 - 57))) + (((56 + 59) + (86 - 69)) + ((95 + 76) - 28))),585,,,...
L8H4R16,depth5,((((76 - 37) - (73 - 29)) - (74 + (96 + 81))) + (((21 + 0) - (32 + 38)) + ((24 + 78) - (18 - 81)))) - (((70 - (13 - 22)) - ((9 - 96) - 82)) - (((98 - 89) + (29 + 47)) - ((2 - 47) - (33 - 27)))),-252,,,...
L8H4R16,depth5,76 - ((((85 + 1) - (55 + 78)) - ((27 + 88) + (96 - 94))) + 96),144,,,...
L8H16R4,depth1,91 - 87,4,,,...
L8H16R4,depth1,55 - 91,-36,,,...
L8H16R4,depth1,46 - 99,-53,,,...
L8H16R4,depth1,44 - 4,40,,,...
L8H16R4,depth1,2 - 9,-7,,,...
L8H16R4,depth1,6 - 35,-29,,,...
L8H16R4,depth1,47 + 22,69,,,...
L8H16R4,depth1,43 + 7,50,,,...
L8H16R4,depth1,28 + 47,75,,,...
L8H16R4,depth1,64 - 15,49,,,...
L8H16R8,depth5,((44 + ((89 - 78) + (47 - 87))) + (((12 + 60) + (42 - 65)) + ((47 + 87) + (27 - 22)))) + ((((24 + 4) + (43 + 53)) + ((10 - 74) - 39)) + (45 + ((49 + 88) + (67 - 86)))),387,,,...
L8H16R8,depth5,((((15 - 37) - (40 + 58)) - ((28 - 68) - (2 + 2))) + (((31 - 51) - (39 + 32)) + ((51 - 7) - 71))) + (((17 + (87 + 48)) - ((30 + 46) + (59 + 30))) - (((75 - 49) - (77 + 34)) + ((8 + 81) + 22))),-233,,,...
L8H16R8,depth5,((((8 - 21) - (47 + 95)) + ((44 + 83) - 35)) - (((51 + 9) + (55 - 97)) - 99)) - ((((6 + 96) - (79 - 67)) - ((57 + 78) - 45)) - (90 + ((37 + 6) - 54))),97,,,...
L8H16R8,depth5,((((24 - 1) + (59 + 81)) - ((25 - 13) - (66 + 41))) + (((40 + 30) + (88 + 97)) - 1)) + ((((31 - 77) + (63 + 93)) + ((42 + 80) + (18 + 64))) - (((8 + 43) - 0) - ((19 - 93) - (56 + 96)))),549,,,...
L8H16R8,depth5,((((57 + 63) - (8 - 60)) - ((78 - 70) - (88 - 63))) - (((49 + 87) + (80 + 44)) + ((96 - 93) + (64 + 57)))) + (((53 - (52 - 98)) + ((51 - 44) - 58)) + (((80 - 8) + (7 - 32)) - ((10 - 39) + (61 + 10)))),-142,,,...
L8H16R8,depth5,(((64 - (31 - 4)) + ((11 + 38) - (9 - 31))) - 50) - ((((45 - 17) - (27 + 17)) - ((40 + 34) + 57)) + (((76 - 65) - (98 + 34)) + ((51 + 33) + 89))),153,,,...
L8H16R8,depth5,((((11 - 59) + 5) + ((1 - 10) + (60 + 35))) + (((82 + 66) - (74 + 8)) + (89 + (47 + 34)))) + ((((74 - 6) - (22 + 48)) - ((54 - 94) - (91 + 61))) - (48 - ((47 - 39) + (68 - 51)))),446,,,...
L8H16R8,depth5,((((28 + 42) - (68 + 90)) - ((28 + 80) + (93 - 19))) + (((7 + 63) - (36 + 15)) - ((85 + 22) - (98 + 22)))) + (((22 - (73 - 84)) + ((0 - 14) + (27 - 13))) + ((19 + (20 - 86)) - ((34 - 80) + (15 + 96)))),-317,,,...
L8H16R8,depth5,((((55 + 52) + (30 + 17)) + (81 + (34 - 41))) - (((71 + 44) + (70 - 30)) - ((5 + 46) - (34 - 49)))) - 27,112,,,...
L8H16R8,depth5,((((68 - 0) - (11 - 98)) + ((76 - 95) - (67 + 62))) - (((10 + 80) + (87 - 98)) + 23)) - ((38 + ((76 - 51) + (78 - 19))) - (((17 - 22) + (46 - 51)) - ((94 + 84) - 76))),-329,,,...
L8H2R8,depth3,((10 + 49) + (65 + 72)) - ((14 - 24) - (76 + 35)),317,,,...
L8H2R8,depth3,((94 + 22) - (48 - 12)) + ((27 - 21) + (33 - 65)),54,,,...
L8H2R8,depth3,((51 + 32) + (73 - 79)) - ((19 - 83) - (39 + 9)),189,,,...
L8H2R8,depth3,((29 - 38) + (12 + 81)) - 18,66,,,...
L8H2R8,depth3,((24 - 18) + (76 - 90)) - ((86 - 51) + (54 - 51)),-46,,,...
L8H2R8,depth3,((73 + 97) + 96) - ((73 - 14) + (75 + 7)),125,,,...
L8H2R8,depth3,((70 + 26) + (34 - 61)) + 91,160,,,...
L8H2R8,depth3,((70 + 23) + (89 - 85)) - 52,45,,,...
L8H2R8,depth3,(9 - (67 + 61)) + ((28 + 54) + (32 + 56)),51,,,...
L8H2R8,depth3,((13 + 10) + (28 + 73)) + 18,142,,,...
L6H16R4,max,51,51,,,...
L6H16R4,max,(98 - 40) - ((((78 - 47) - (20 + 94)) - 88) + (((42 - 66) + 88) - ((54 - 35) + (39 - 27)))),196,,,...
L6H16R4,max,((6 - 61) - 60) - 79,-194,,,...
L6H16R4,max,((6 - ((87 - 60) - (83 + 27))) - 51) - (73 - 48),13,,,...
L6H16R4,max,57,57,,,...
L6H16R4,max,((((34 + 7) - (22 + 67)) + ((0 - 13) + (28 - 44))) - 43) - ((((73 - 55) - (79 - 28)) - ((79 + 66) - (62 + 69))) - (((39 - 71) + (72 - 71)) + (70 + 50))),16,,,...
L6H16R4,max,(((49 - (49 + 41)) - ((79 + 76) - (58 + 83))) - (43 - ((99 + 66) + (34 + 7)))) - (88 + ((74 - (20 + 36)) + ((85 - 11) - (78 + 61)))),67,,,...
L6H16R4,max,7,7,,,...
L6H16R4,max,65,65,,,...
L6H16R4,max,96,96,,,...
L2H16R8,depth2,(7 - 21) - (99 + 73),-186,,,...
L2H16R8,depth2,(51 - 56) - (45 + 45),-95,,,...
L2H16R8,depth2,(53 - 49) + (67 - 88),-17,,,...
L2H16R8,depth2,(85 + 94) + (97 - 52),224,,,...
L2H16R8,depth2,(99 - 84) + (82 - 25),72,,,...
L2H16R8,depth2,9 - (85 + 71),-147,,,...
L2H16R8,depth2,(26 + 49) + (66 + 1),142,,,...
L2H16R8,depth2,(7 + 67) + (88 - 41),121,,,...
L2H16R8,depth2,(33 + 33) + (65 + 50),181,,,...
L2H16R8,depth2,(88 + 5) - (32 - 4),65,,,...
L2H4R16,depth4,(66 + ((22 - 34) - (95 - 84))) - (((90 - 24) - (54 - 65)) - ((11 - 67) - (2 - 4))),-88,,,...
L2H4R16,depth4,(((29 + 28) + (33 - 53)) - ((95 - 33) + (91 + 7))) - (((97 + 37) - (16 + 45)) - ((76 + 83) - (66 - 79))),-24,,,...
L2H4R16,depth4,((85 + (58 + 8)) - 73) + (((55 + 18) + (38 - 3)) - (15 + (66 + 99))),6,,,...
L2H4R16,depth4,(((51 - 80) - (60 - 94)) + ((95 + 63) - (45 + 11))) + 62,169,,,...
L2H4R16,depth4,(((42 + 49) - 22) - ((10 + 86) + (61 - 20))) + (((60 - 81) + (44 + 41)) - ((93 + 50) - (2 - 63))),-208,,,...
L2H4R16,depth4,(((8 - 62) + (10 - 19)) - ((41 + 72) + (32 + 62))) - (((24 - 85) + (7 - 60)) + ((58 - 11) - (62 + 99))),-42,,,...
L2H4R16,depth4,(((36 + 7) + (16 + 4)) + 32) + (((13 - 21) + (87 - 37)) + ((15 + 18) + 54)),224,,,...
L2H4R16,depth4,(((99 - 42) + (48 + 96)) - ((71 + 7) + (36 + 45))) - (((18 - 4) - (9 + 66)) + ((42 + 65) + (37 - 21))),-20,,,...
L2H4R16,depth4,3 - (((38 - 76) + (97 + 42)) - ((50 + 39) - (59 + 41))),-109,,,...
L2H4R16,depth4,53 + (((98 - 18) - (99 + 96)) - ((87 + 39) - (46 + 76))),-66,,,...
L6H2R4,depth4,(((68 + 24) + (98 + 12)) - ((38 + 29) + (92 + 39))) - ((36 - (3 - 44)) + (45 - (47 - 46))),-117,,,...
L6H2R4,depth4,(33 + ((11 - 23) - (62 - 26))) - 83,-98,,,...
L6H2R4,depth4,(((41 - 8) - (49 + 18)) - ((21 + 43) - (55 - 8))) + (((24 + 60) + 87) - ((15 - 31) + (88 - 30))),78,,,...
L6H2R4,depth4,(((88 + 27) + (43 + 15)) + (10 - (65 + 16))) - (((63 + 61) + (72 - 3)) + ((28 - 74) + 98)),-143,,,...
L6H2R4,depth4,(((76 - 99) - (87 - 85)) + ((65 + 63) - (4 - 21))) + (((53 - 70) - 57) + ((86 + 36) - (45 + 28))),95,,,...
L6H2R4,depth4,(((88 + 18) - (18 - 69)) - 11) + (((53 - 97) - (12 + 55)) - ((16 - 77) - (98 + 32))),226,,,...
L6H2R4,depth4,(((89 + 38) + 41) + ((10 + 97) - (76 + 15))) - (((9 - 32) + (17 + 97)) + ((92 - 54) + (90 + 23))),-58,,,...
L6H2R4,depth4,(((72 - 53) + (84 - 86)) + ((92 - 65) - (47 + 81))) - (89 - (38 - (13 + 14))),-162,,,...
L6H2R4,depth4,(((3 + 86) + (19 - 81)) - ((88 - 51) - 88)) + (((92 + 39) + (68 + 56)) - 96),237,,,...
L6H2R4,depth4,(77 + ((45 + 73) - (7 - 86))) - ((25 - (84 + 45)) + ((86 - 20) + (11 + 12))),289,,,...
L2H8R16,depth1,62 + 50,112,,,...
L2H8R16,depth1,78 - 55,23,,,...
L2H8R16,depth1,99 - 30,69,,,...
L2H8R16,depth1,72 - 91,-19,,,...
L2H8R16,depth1,89 - 96,-7,,,...
L2H8R16,depth1,35 + 59,94,,,...
L2H8R16,depth1,43 - 87,-44,,,...
L2H8R16,depth1,66 + 81,147,,,...
L2H8R16,depth1,24 - 77,-53,,,...
L2H8R16,depth1,13 + 4,17,,,...
L2H8R8,depth5,((67 - ((43 + 1) + (44 + 3))) + (((44 + 39) - (59 - 16)) - (34 - (95 + 87)))) - 71,93,,,...
L2H8R8,depth5,((((41 - 31) - (13 - 49)) - ((92 + 82) - (76 + 82))) + (((42 - 27) - (33 + 98)) - ((12 + 63) + (57 + 65)))) - ((((95 + 2) - (36 + 13)) + ((78 + 30) + (88 + 95))) - (66 + ((31 - 59) - (61 - 34)))),-611,,,...
L2H8R8,depth5,((((28 + 40) - (92 - 27)) - ((70 - 37) - (49 + 1))) - (((14 + 28) + 71) - ((53 + 48) - 16))) + ((((72 + 53) + (67 + 54)) - ((30 + 4) + (39 + 74))) + (((77 - 38) - (11 - 44)) - ((18 + 29) - (77 - 90)))),103,,,...
L2H8R8,depth5,((((89 - 23) - (64 - 75)) + ((41 - 41) - (8 - 35))) - (((40 + 82) - (66 - 77)) - ((7 + 85) + (18 - 23)))) + (((37 + (34 - 25)) - ((70 - 84) + (91 - 15))) + (((10 + 88) - (45 + 27)) - ((44 + 91) - (86 + 3)))),22,,,...
L2H8R8,depth5,82 - ((((98 - 36) - (13 + 44)) - (16 + (86 - 21))) + ((84 + (12 - 75)) + ((66 - 87) + (15 - 25)))),168,,,...
L2H8R8,depth5,(((79 + (64 - 88)) + ((56 + 14) - 55)) - (((55 + 25) + (93 + 5)) - 38)) + ((((92 + 45) + (30 - 9)) + ((37 + 48) + (3 - 30))) - (((31 - 19) - 76) - ((92 - 47) + 66))),321,,,...
L2H8R8,depth5,((((78 - 53) - (33 - 95)) + ((76 - 9) + (78 + 96))) - (((42 - 71) - (25 - 89)) + 91)) - ((92 + (21 + (50 + 32))) - ((0 - (19 - 94)) - ((4 - 49) - 64))),191,,,...
L2H8R8,depth5,((((90 - 4) + (36 + 4)) + ((36 - 28) - (55 - 52))) - (((97 + 84) + (42 + 15)) + ((0 - 54) - (41 + 42)))) + (((90 - (33 - 87)) + ((62 - 64) - (75 - 42))) + (22 - ((86 + 16) + (39 + 8)))),12,,,...
L2H8R8,depth5,((43 + ((10 - 56) + (75 - 49))) - (((8 + 44) - (7 + 13)) + ((20 + 45) - (69 + 15)))) - ((((24 + 18) - 74) - ((25 - 79) + (85 + 33))) - (((91 - 45) - (98 + 76)) - ((32 - 59) - (60 - 4)))),61,,,...
L2H8R8,depth5,(((92 - (51 + 47)) - ((37 + 15) - (6 - 72))) + ((90 + (14 - 52)) - (15 + (89 - 34)))) + ((((26 - 75) - (68 + 13)) + ((55 - 8) - (58 - 28))) - (((95 - 69) + 45) + 12)),-338,,,...
L2H16R32,max,91 - 81,10,,,...
L2H16R32,max,69 + ((((15 + 97) - (56 - 46)) - (0 + (94 - 81))) - 65),93,,,...
L2H16R32,max,(((59 - (93 + 40)) - (91 - (89 + 44))) - (((47 - 16) + 78) - ((48 + 9) + 7))) - ((((97 + 73) - (61 - 52)) + (87 + (10 - 92))) - ((15 - (67 + 84)) - 62)),-441,,,...
L2H16R32,max,81,81,,,...
L2H16R32,max,(13 - (((9 - 32) - 19) + (67 + (41 + 14)))) - 95,-162,,,...
L2H16R32,max,(((64 + 48) - ((42 + 82) - (91 - 57))) - 68) + 44,-2,,,...
L2H16R32,max,86,86,,,...
L2H16R32,max,(((16 + (67 - 43)) - ((11 + 40) - (79 + 76))) - (65 - (52 - (38 + 37)))) + ((((39 - 95) - (95 - 30)) + ((27 + 17) - (16 - 14))) - (((48 + 87) + (56 - 58)) + 59)),-215,,,...
L2H16R32,max,((78 - (79 + (15 - 82))) + ((89 - (57 + 33)) + 24)) - (89 - (((1 + 46) - (32 - 72)) - 51)),36,,,...
L2H16R32,max,75 - (87 - ((8 + (47 - 69)) + (89 + (19 + 65)))),147,,,...
L4H2R4,depth3,((43 + 85) - (34 - 38)) - ((75 - 98) - (93 + 93)),341,,,...
L4H2R4,depth3,((8 + 92) + (62 + 47)) + ((24 - 64) + 81),250,,,...
L4H2R4,depth3,((73 + 97) + (50 - 10)) + ((5 + 36) - (3 - 83)),331,,,...
L4H2R4,depth3,((14 - 18) + (68 - 51)) - ((76 + 42) + (71 + 58)),-234,,,...
L4H2R4,depth3,((98 + 88) - 56) - ((18 + 54) - (50 + 47)),155,,,...
L4H2R4,depth3,((42 + 37) + (7 - 42)) - 64,-20,,,...
L4H2R4,depth3,((98 - 75) - (68 + 20)) + 13,-52,,,...
L4H2R4,depth3,((89 - 21) + (26 + 85)) - ((78 + 69) - (2 + 3)),37,,,...
L4H2R4,depth3,(78 + (4 + 50)) + ((85 - 36) + (39 - 30)),190,,,...
L4H2R4,depth3,((65 - 32) - (53 - 19)) - ((67 - 20) + (67 + 37)),-152,,,...
L2H8R4,depth3,((64 + 56) - (87 - 59)) - ((68 + 76) + (0 + 92)),-144,,,...
L2H8R4,depth3,84 + (81 - (55 - 8)),118,,,...
L2H8R4,depth3,((7 + 90) + 52) + ((82 - 49) - (99 + 48)),35,,,...
L2H8R4,depth3,((70 - 22) + (68 + 32)) - ((27 - 13) + (38 + 4)),92,,,...
L2H8R4,depth3,80 - ((11 - 83) + (8 - 22)),166,,,...
L2H8R4,depth3,((96 + 40) - (39 + 96)) - ((72 - 89) + (78 - 11)),-49,,,...
L2H8R4,depth3,((36 + 2) + (64 + 76)) - ((64 - 7) + (3 + 17)),101,,,...
L2H8R4,depth3,(17 - (19 - 32)) - ((48 + 91) + (32 - 38)),-103,,,...
L2H8R4,depth3,((90 + 81) + (4 + 67)) - (30 - (2 - 83)),131,,,...
L2H8R4,depth3,((98 - 84) - (25 - 46)) + ((93 - 53) - (44 + 55)),-24,,,...
L4H2R4,depth4,(58 + ((92 - 67) - (74 - 57))) + (((33 - 55) + (3 - 99)) + 31),-21,,,...
L4H2R4,depth4,9 - (((39 - 3) - (99 + 57)) + ((21 + 57) - (9 + 21))),81,,,...
L4H2R4,depth4,(76 + ((19 + 46) - (24 + 77))) - (((50 + 33) - 6) - ((65 + 86) - (84 - 86))),116,,,...
L4H2R4,depth4,(((2 - 79) - 80) + ((54 + 45) - (97 - 92))) - ((8 + (95 - 96)) + 23),-93,,,...
L4H2R4,depth4,(((31 + 70) + (5 + 41)) + ((42 - 44) - (47 - 74))) - 1,171,,,...
L4H2R4,depth4,(((86 + 8) - (75 - 22)) - ((49 + 32) + 22)) + (11 + ((14 + 59) + (5 + 85))),112,,,...
L4H2R4,depth4,((92 + (34 - 92)) + ((96 + 62) + (34 + 14))) - (((16 + 78) - (86 + 2)) - ((50 - 50) - (58 - 72))),248,,,...
L4H2R4,depth4,53 + ((26 - (65 + 90)) - ((11 - 63) + (7 - 64))),33,,,...
L4H2R4,depth4,(((22 - 10) - (77 - 54)) - ((15 + 49) + 68)) - (((71 + 10) - (3 + 42)) + ((11 - 99) + (93 + 52))),-236,,,...
L4H2R4,depth4,50 - (((11 + 95) - (24 - 39)) - (53 + (36 + 88))),106,,,...
L6H2R4,depth1,33 - 33,0,,,...
L6H2R4,depth1,21 + 27,48,,,...
L6H2R4,depth1,25 + 73,98,,,...
L6H2R4,depth1,17 + 37,54,,,...
L6H2R4,depth1,81 + 27,108,,,...
L6H2R4,depth1,9 + 22,31,,,...
L6H2R4,depth1,67 + 61,128,,,...
L6H2R4,depth1,20 + 46,66,,,...
L6H2R4,depth1,20 - 27,-7,,,...
L6H2R4,depth1,21 - 77,-56,,,...
L8H16R8,depth3,((2 - 86) - (98 + 21)) + ((37 - 88) + 53),-201,,,...
L8H16R8,depth3,29 - (9 - (27 - 50)),-3,,,...
L8H16R8,depth3,((72 - 60) - (47 + 11)) + ((98 + 97) + (66 + 90)),305,,,...
L8H16R8,depth3,((3 + 50) - (33 + 84)) + 50,-14,,,...
L8H16R8,depth3,((55 + 74) + (5 - 44)) + ((91 + 4) - (91 - 45)),139,,,...
L8H16R8,depth3,((78 - 61) - (89 + 3)) - 78,-153,,,...
L8H16R8,depth3,(69 - (84 - 48)) + (72 - (3 + 27)),75,,,...
L8H16R8,depth3,((5 + 11) + (5 + 87)) - 27,81,,,...
L8H16R8,depth3,((56 - 63) - (45 + 16)) - ((12 + 24) - (34 + 62)),-8,,,...
L8H16R8,depth3,((33 - 37) + (97 + 26)) - ((92 + 43) - (49 + 94)),127,,,...
L6H4R4,depth4,(((51 + 38) + (64 - 0)) + ((47 + 73) + (54 + 27))) + 73,427,,,...
L6H4R4,depth4,((22 - (45 + 11)) - 3) + (((2 + 3) - (58 + 69)) - ((28 + 5) + (52 - 27))),-217,,,...
L6H4R4,depth4,(((40 + 44) + (93 + 87)) + 56) + (((71 - 80) - (14 + 46)) + ((81 - 34) + (85 - 56))),327,,,...
L6H4R4,depth4,(((3 + 41) - (16 + 90)) + ((66 - 58) + 18)) + (((44 + 83) - 17) + ((47 + 96) + (48 - 77))),188,,,...
L6H4R4,depth4,(((79 + 18) - (69 + 52)) + ((29 - 36) + (16 + 70))) + 0,55,,,...
L6H4R4,depth4,(((50 + 9) + (22 - 92)) - ((59 + 26) - (35 + 87))) - (((36 - 20) - (53 + 55)) - ((57 + 23) - (51 - 17))),164,,,...
L6H4R4,depth4,(((16 - 26) + (45 - 85)) + ((78 + 74) + (44 - 25))) - (((97 + 29) + (71 + 26)) + ((1 + 48) - (95 + 92))),36,,,...
L6H4R4,depth4,(((3 - 51) + (72 - 55)) - ((20 + 90) - (45 + 63))) + (((29 + 37) - (93 + 25)) - ((71 + 49) + (49 + 38))),-292,,,...
L6H4R4,depth4,(((66 - 92) - (44 + 99)) - ((67 - 17) + (63 + 40))) - 40,-362,,,...
L6H4R4,depth4,(((33 - 16) - (96 + 46)) + ((79 - 36) - (46 - 51))) - (((54 + 25) - (69 + 3)) + ((37 + 2) - (43 - 81))),-161,,,...
L4H16R4,depth1,39 + 56,95,,,...
L4H16R4,depth1,40 + 95,135,,,...
L4H16R4,depth1,0 + 2,2,,,...
L4H16R4,depth1,40 - 57,-17,,,...
L4H16R4,depth1,28 + 82,110,,,...
L4H16R4,depth1,6 + 71,77,,,...
L4H16R4,depth1,40 + 3,43,,,...
L4H16R4,depth1,74 - 60,14,,,...
L4H16R4,depth1,94 - 45,49,,,...
L4H16R4,depth1,46 + 69,115,,,...
L4H2R16,max,10,10,,,...
L4H2R16,max,((76 + ((84 + 21) + 51)) + 53) + ((14 - ((43 - 15) + (46 + 57))) + (45 - ((76 + 96) + (71 - 59)))),29,,,...
L4H2R16,max,79,79,,,...
L4H2R16,max,91,91,,,...
L4H2R16,max,86,86,,,...
L4H2R16,max,9 - 51,-42,,,...
L4H2R16,max,(78 - (((1 - 45) + 82) + ((89 + 33) - (52 - 75)))) - 22,-127,,,...
L4H2R16,max,85 - ((((32 + 54) + 89) + (44 - 54)) + (((22 - 42) - 82) + (35 - (33 + 92)))),112,,,...
L4H2R16,max,36,36,,,...
L4H2R16,max,(((43 + (18 + 78)) + (17 + 12)) + (((52 + 61) - 38) + ((74 + 90) - (26 - 19)))) + ((((53 - 25) - 78) - ((6 - 20) - 55)) - 8),411,,,...
L4H2R16,depth3,((33 - 58) - (13 + 17)) - (22 + (43 + 23)),-143,,,...
L4H2R16,depth3,((99 + 2) + (75 + 37)) + ((69 - 29) - (23 - 48)),278,,,...
L4H2R16,depth3,57 + ((8 + 53) + (64 + 56)),238,,,...
L4H2R16,depth3,(82 + (88 - 58)) + ((92 + 15) + (39 + 59)),317,,,...
L4H2R16,depth3,((59 + 63) - (75 + 6)) - ((56 - 18) - (38 - 12)),29,,,...
L4H2R16,depth3,((52 + 40) + (4 + 56)) + ((5 + 21) - (67 + 8)),103,,,...
L4H2R16,depth3,((54 - 0) + (11 + 88)) + ((73 - 20) - (73 + 43)),90,,,...
L4H2R16,depth3,((47 + 95) + (94 - 20)) - ((67 + 49) - (87 - 74)),113,,,...
L4H2R16,depth3,((61 + 47) + (16 - 81)) - ((36 + 48) - (48 - 46)),-39,,,...
L4H2R16,depth3,((84 - 79) + (35 - 60)) - ((55 + 3) - (29 + 11)),-38,,,...
L8H16R32,depth2,(19 - 13) - (11 + 75),-80,,,...
L8H16R32,depth2,(21 - 63) - (54 - 42),-54,,,...
L8H16R32,depth2,(70 + 35) + (6 - 83),28,,,...
L8H16R32,depth2,71 + (57 + 26),154,,,...
L8H16R32,depth2,52 + (87 + 74),213,,,...
L8H16R32,depth2,42 + (61 - 70),33,,,...
L8H16R32,depth2,(68 + 80) - 78,70,,,...
L8H16R32,depth2,(34 + 94) - (75 + 26),27,,,...
L8H16R32,depth2,(93 - 46) - (37 - 77),87,,,...
L8H16R32,depth2,98 - (93 + 5),0,,,...
L6H2R32,depth4,(((6 + 85) - (48 - 34)) + ((39 - 15) - 57)) - (((17 + 37) - 29) + ((92 + 55) - (76 + 26))),-26,,,...
L6H2R32,depth4,(((80 - 19) + (6 - 22)) - ((56 - 27) + 15)) + (((39 - 85) + (51 - 41)) + ((96 - 27) + 35)),69,,,...
L6H2R32,depth4,(((72 + 22) - (19 - 89)) - ((89 + 34) + (48 + 51))) + (((35 + 18) + (70 - 61)) - (92 - (37 + 21))),-30,,,...
L6H2R32,depth4,(14 + ((67 + 85) - (82 + 88))) - (((22 - 84) + (78 + 41)) - ((67 - 58) + (90 - 71))),-33,,,...
L6H2R32,depth4,(96 + ((74 - 22) + (30 - 21))) - (((30 - 42) - (16 - 96)) - ((6 + 51) + (15 + 65))),226,,,...
L6H2R32,depth4,(((20 - 21) - (92 - 48)) - ((14 - 96) - (32 - 11))) + (((91 - 13) - (11 + 24)) - 90),11,,,...
L6H2R32,depth4,65 - (((84 - 26) + (36 - 89)) - ((22 - 54) - (84 + 68))),-124,,,...
L6H2R32,depth4,91 + (((23 + 89) + (79 - 27)) + (20 + (99 + 93))),467,,,...
L6H2R32,depth4,(4 - ((45 - 40) + (34 + 26))) - (((57 + 24) + (41 + 80)) - ((87 - 96) + (96 - 95))),-271,,,...
L6H2R32,depth4,14 - (((13 - 29) + (21 + 30)) + ((74 - 22) - (64 + 68))),59,,,...
L4H2R32,depth5,18 - ((((64 - 64) + (98 + 11)) - ((8 - 47) + (46 - 85))) - (((81 + 38) + (58 + 6)) + ((71 + 66) - (81 - 8)))),78,,,...
L4H2R32,depth5,((((43 - 18) - (62 + 26)) - ((88 + 27) - (83 - 72))) + (((97 - 59) - (95 - 80)) + ((28 + 74) - (88 - 40)))) + ((((93 + 45) + (93 + 95)) - ((69 - 79) - (68 - 1))) + (74 + ((8 - 27) - (91 - 9)))),286,,,...
L4H2R32,depth5,((((47 - 61) - (5 + 55)) - ((82 + 1) - (75 + 79))) + 3) - (((82 + (27 + 57)) - ((43 + 43) + (23 - 47))) - (((17 - 16) - (38 + 49)) + ((28 - 63) - (53 + 14)))),-292,,,...
L4H2R32,depth5,((((26 - 63) + (55 - 22)) + (77 - (66 - 11))) - (68 + ((23 - 2) - (97 - 48)))) - ((((85 + 25) - (18 + 96)) - ((54 - 89) + (10 + 94))) + (((44 - 99) - 38) - ((96 - 31) + (35 + 64)))),308,,,...
L4H2R32,depth5,(((15 - (2 - 76)) - ((92 + 12) + (46 - 34))) + (((19 + 5) + (23 - 65)) + ((63 + 2) + (11 + 45)))) + ((((78 - 3) + (56 + 40)) - 32) - 65),150,,,...
L4H2R32,depth5,((47 - ((90 - 18) + (34 - 76))) - (((60 - 9) - (92 - 49)) - 32)) + ((6 + ((42 + 18) + (91 + 27))) + (((67 - 42) - (50 - 19)) - ((72 + 66) - 53))),134,,,...
L4H2R32,depth5,((((73 - 17) - (29 + 79)) + ((26 - 20) + 53)) - ((29 + (2 - 72)) - ((99 + 18) - (81 - 52)))) + ((((36 - 81) - (86 + 7)) - 7) + ((87 - (50 - 13)) + ((37 - 50) + (94 - 87)))),35,,,...
L4H2R32,depth5,((((61 + 89) + (32 + 24)) - 75) - (((75 - 61) - (54 + 28)) + 18)) + ((((35 - 77) + (84 - 84)) - ((95 + 20) - (70 - 52))) - (((30 - 64) - (59 + 55)) - ((87 - 20) - (95 + 89)))),73,,,...
L4H2R32,depth5,((((56 + 57) + (67 + 28)) + ((89 - 96) + (62 - 78))) - ((95 + (30 - 90)) + ((9 + 10) + (21 + 8)))) - ((((76 + 81) - (48 + 59)) - ((3 - 42) - (30 + 8))) - (((4 + 57) + 27) - ((51 - 66) - 22))),100,,,...
L4H2R32,depth5,((((10 - 58) - (13 + 66)) - (3 + (65 - 89))) + (88 + ((25 - 70) - 87))) - ((((63 - 62) - (2 + 18)) + ((0 + 44) - (6 + 42))) - (((50 + 28) + (58 + 39)) - ((77 + 12) - (52 - 2)))),9,,,...
L4H4R32,depth1,28 + 44,72,,,...
L4H4R32,depth1,54 + 68,122,,,...
L4H4R32,depth1,71 - 54,17,,,...
L4H4R32,depth1,61 - 46,15,,,...
L4H4R32,depth1,21 - 28,-7,,,...
L4H4R32,depth1,9 + 15,24,,,...
L4H4R32,depth1,46 - 50,-4,,,...
L4H4R32,depth1,5 - 34,-29,,,...
L4H4R32,depth1,94 - 67,27,,,...
L4H4R32,depth1,80 - 12,68,,,...
L8H8R8,depth1,41 + 81,122,,,...
L8H8R8,depth1,79 - 16,63,,,...
L8H8R8,depth1,82 + 44,126,,,...
L8H8R8,depth1,64 + 63,127,,,...
L8H8R8,depth1,49 - 95,-46,,,...
L8H8R8,depth1,56 - 43,13,,,...
L8H8R8,depth1,6 + 45,51,,,...
L8H8R8,depth1,4 - 9,-5,,,...
L8H8R8,depth1,12 - 74,-62,,,...
L8H8R8,depth1,2 - 23,-21,,,...
L4H16R8,depth2,(77 - 99) + (71 + 65),114,,,...
L4H16R8,depth2,(53 + 16) - (0 + 17),52,,,...
L4H16R8,depth2,(71 - 20) - (57 + 72),-78,,,...
L4H16R8,depth2,(68 - 15) + 42,95,,,...
L4H16R8,depth2,(39 + 63) + (92 + 19),213,,,...
L4H16R8,depth2,(71 - 53) + 58,76,,,...
L4H16R8,depth2,(82 + 99) - (28 + 57),96,,,...
L4H16R8,depth2,19 + (95 - 97),17,,,...
L4H16R8,depth2,(36 - 18) - 70,-52,,,...
L4H16R8,depth2,(53 + 66) - (15 - 8),112,,,...
L6H4R16,max,89,89,,,...
L6H4R16,max,(28 + (((29 + 33) + (30 - 48)) - 7)) - (4 + 61),0,,,...
L6H4R16,max,(94 - (48 - 26)) + 0,72,,,...
L6H4R16,max,(63 + (29 + ((81 + 91) - (42 + 95)))) + ((((90 - 44) - 16) + 68) - 91),134,,,...
L6H4R16,max,((16 - ((85 - 77) - 85)) + (((43 + 49) + (74 - 26)) + ((35 - 79) + (44 - 67)))) + ((((79 + 6) - (35 - 21)) - 8) + (70 - (52 + (50 - 65)))),262,,,...
L6H4R16,max,((20 - (77 - (74 - 50))) - 31) + 80,16,,,...
L6H4R16,max,((65 - (41 - 10)) + ((53 + (28 - 47)) - ((37 + 47) + (55 - 49)))) + 85,63,,,...
L6H4R16,max,13,13,,,...
L6H4R16,max,49 + 77,126,,,...
L6H4R16,max,82,82,,,...
L8H8R16,depth1,94 + 99,193,,,...
L8H8R16,depth1,21 + 22,43,,,...
L8H8R16,depth1,50 - 32,18,,,...
L8H8R16,depth1,32 + 4,36,,,...
L8H8R16,depth1,88 + 62,150,,,...
L8H8R16,depth1,83 + 87,170,,,...
L8H8R16,depth1,53 + 88,141,,,...
L8H8R16,depth1,73 + 8,81,,,...
L8H8R16,depth1,37 - 12,25,,,...
L8H8R16,depth1,40 + 46,86,,,...
L8H16R32,depth5,((((74 - 89) - (47 - 77)) - ((23 + 55) - 74)) + (((21 + 65) - (6 - 84)) + ((36 - 47) + (64 - 0)))) - (((28 - (61 - 73)) + (16 - (41 + 2))) - (((27 - 36) - (0 - 26)) + ((45 + 81) + (92 - 62)))),388,,,...
L8H16R32,depth5,((((63 + 88) + (96 + 98)) + ((10 + 31) + (13 + 45))) - (((55 + 90) - 65) - (84 - (70 - 58)))) - ((((48 - 96) + (22 + 72)) + ((60 + 51) + (96 - 46))) - (((33 - 58) + (53 - 68)) + ((62 + 16) - (4 - 69)))),332,,,...
L8H16R32,depth5,((((17 + 78) + (47 - 18)) + ((83 + 77) + 3)) - (((27 + 31) - (90 + 61)) - ((49 + 54) - (64 - 48)))) + (50 + (((87 + 24) + (7 + 97)) - (20 + (72 - 11)))),651,,,...
L8H16R32,depth5,((((71 - 71) + (53 + 6)) + ((7 + 86) + (59 - 80))) - (((89 + 87) + 46) + ((99 + 70) + (88 + 37)))) - ((((84 - 75) - (9 + 79)) + ((33 - 54) - (1 + 78))) + (((20 - 90) - 64) + (98 + (55 + 99)))),-324,,,...
L8H16R32,depth5,((((95 + 88) + 48) + ((17 - 63) + (8 + 16))) + 9) - ((((98 + 75) + (11 + 4)) - 78) + (((52 + 14) + (49 + 16)) + ((19 - 15) - (24 + 88)))),85,,,...
L8H16R32,depth5,((((84 - 29) + (59 + 27)) + ((80 + 71) - 78)) - (((15 - 45) + (24 + 79)) + ((98 + 20) - (11 - 64)))) + ((((11 + 64) + (38 + 20)) - 44) - (((58 - 92) + (72 + 27)) + ((59 + 54) + (20 - 93)))),-46,,,...
L8H16R32,depth5,((73 - ((35 + 15) + (96 + 73))) - (((71 - 93) + 64) - ((7 - 53) - (61 + 22)))) + ((((2 - 3) + 64) + ((53 - 77) - (1 + 46))) - (55 + ((41 + 40) + (57 - 13)))),-505,,,...
L8H16R32,depth5,((((52 + 48) - (92 + 41)) + ((59 + 49) - (83 + 78))) - (((16 + 49) - (38 - 13)) - ((45 + 35) - (53 + 37)))) + ((((20 - 74) - (73 + 53)) + ((91 - 12) + (76 + 87))) + (((86 - 89) + (39 + 33)) + ((96 - 65) - (59 + 95)))),-128,,,...
L8H16R32,depth5,((((16 - 34) + (66 + 85)) + ((46 - 67) - (75 + 16))) + (((43 + 34) - (20 - 14)) + ((31 + 41) - (44 + 30)))) + ((48 - ((79 - 76) + (54 + 23))) - (((97 + 30) + (88 + 49)) + ((55 + 71) - (18 + 93)))),-221,,,...
L8H16R32,depth5,((((65 - 30) + (50 - 26)) - ((15 + 78) - (53 + 94))) - ((67 - (79 - 83)) - ((42 - 36) - (37 - 97)))) + ((((69 - 34) + (50 + 63)) + 7) + (((76 + 36) - (65 - 0)) - ((6 + 39) - (52 - 96)))),221,,,...
L8H16R8,max,(33 - 72) + (46 + (((88 + 3) - (46 - 95)) - ((82 + 18) - 50))),97,,,...
L8H16R8,max,((((64 - 91) + (95 - 67)) - ((3 - 82) + (96 + 29))) + (((28 + 11) + (66 - 71)) - 91)) + (((27 - (4 - 24)) + 12) - (((47 + 99) - (77 - 18)) + ((88 - 98) + (50 - 97)))),-73,,,...
L8H16R8,max,44 + (75 + 66),185,,,...
L8H16R8,max,71,71,,,...
L8H16R8,max,54 - 72,-18,,,...
L8H16R8,max,((50 + ((74 - 50) - 4)) + (44 + ((91 + 1) + (73 + 74)))) + (21 + ((58 + (23 + 56)) + 15)),526,,,...
L8H16R8,max,((((74 - 51) - (3 - 98)) + 7) + (11 + (45 + 74))) + 91,346,,,...
L8H16R8,max,(68 - 97) - ((50 + ((14 + 71) + (60 - 39))) + 46),-231,,,...
L8H16R8,max,((((57 - 4) - (65 + 28)) - ((29 - 56) + (12 + 72))) + 70) - 56,-83,,,...
L8H16R8,max,(62 - (((68 + 98) - (80 - 60)) - ((7 - 98) + (34 + 96)))) - (86 - (((72 - 22) - (33 + 90)) + ((94 + 41) + (37 + 27)))),-5,,,...
L6H4R8,depth4,(((95 + 59) + (65 - 21)) + ((90 + 93) + (25 + 76))) + (((80 - 95) - (57 - 77)) - ((84 + 25) + 40)),338,,,...
L6H4R8,depth4,(((8 + 34) + 51) - ((21 + 12) - (41 - 80))) + (((41 - 42) + (0 + 45)) + (61 - (96 + 85))),-55,,,...
L6H4R8,depth4,12 - (60 - ((58 + 30) + (18 - 57))),1,,,...
L6H4R8,depth4,(((66 - 53) - (96 - 81)) - ((73 - 55) - (31 + 73))) + (((31 - 75) + (81 - 95)) - ((67 + 24) + (79 + 58))),-202,,,...
L6H4R8,depth4,((24 - (12 + 66)) + ((99 + 34) + (1 + 36))) - (((21 + 63) + (56 - 0)) - (19 - (1 + 22))),-28,,,...
L6H4R8,depth4,(((58 + 14) - (52 - 0)) - ((31 - 84) - 87)) - (((41 + 58) - (61 + 9)) - ((33 + 29) - (74 + 36))),83,,,...
L6H4R8,depth4,(((50 - 89) + (35 - 40)) - (54 + (81 + 57))) + (((40 - 49) + (61 + 94)) + ((85 - 70) - (50 - 20))),-105,,,...
L6H4R8,depth4,67 - (((14 - 56) - (28 + 82)) + ((54 + 70) - (37 - 93))),39,,,...
L6H4R8,depth4,(((57 + 26) - (27 - 4)) + ((70 + 56) + (80 - 54))) - 91,121,,,...
L6H4R8,depth4,(((89 - 5) + (21 + 35)) - ((26 - 20) + (57 + 26))) - (((18 + 53) - (97 - 51)) + (42 - (1 - 87))),-102,,,...
L2H2R32,depth1,61 - 60,1,,,...
L2H2R32,depth1,78 + 28,106,,,...
L2H2R32,depth1,55 + 66,121,,,...
L2H2R32,depth1,69 - 60,9,,,...
L2H2R32,depth1,18 + 54,72,,,...
L2H2R32,depth1,56 + 10,66,,,...
L2H2R32,depth1,26 + 59,85,,,...
L2H2R32,depth1,92 + 20,112,,,...
L2H2R32,depth1,14 + 50,64,,,...
L2H2R32,depth1,90 - 95,-5,,,...
L8H8R32,depth4,(50 + ((26 - 29) + (18 - 3))) - (((3 - 21) + (94 + 14)) + ((70 - 60) - (16 - 56))),-78,,,...
L8H8R32,depth4,(((96 - 25) - (45 - 51)) - ((81 + 58) + (27 - 29))) - 12,-72,,,...
L8H8R32,depth4,(((26 + 66) - (79 - 65)) + ((72 - 39) - (91 - 4))) + (((94 - 85) + (40 + 66)) - ((63 + 57) + (1 + 29))),-11,,,...
L8H8R32,depth4,(((57 + 37) - (45 - 42)) + ((15 + 46) - (69 + 38))) + (((23 - 32) - (81 + 94)) - ((31 + 55) + (94 - 73))),-246,,,...
L8H8R32,depth4,43 + (((77 + 54) + (94 - 75)) - ((51 - 20) + (70 - 91))),183,,,...
L8H8R32,depth4,49 + ((27 - (86 + 99)) - 89),-198,,,...
L8H8R32,depth4,(((57 - 47) + (75 + 0)) + ((77 - 25) - (25 + 30))) + 7,89,,,...
L8H8R32,depth4,(((29 - 30) + (92 - 45)) - ((84 + 12) - (19 + 5))) - (((7 - 31) - 98) - ((94 - 10) - (67 + 21))),92,,,...
L8H8R32,depth4,(((28 + 47) - (24 + 92)) - ((80 - 63) + (52 + 88))) - ((61 + (52 - 20)) - ((84 + 86) - (38 + 54))),-213,,,...
L8H8R32,depth4,(((58 - 60) + 67) - ((59 + 76) - (29 + 42))) - (33 - ((28 - 75) + (44 + 84))),49,,,...
L2H16R4,depth3,((7 - 63) + 21) + ((11 - 90) - (88 - 8)),-194,,,...
L2H16R4,depth3,((23 + 43) + (30 + 68)) + ((87 - 19) + (78 - 79)),231,,,...
L2H16R4,depth3,((39 + 14) + (63 + 82)) - ((18 + 21) - (31 - 9)),181,,,...
L2H16R4,depth3,((82 - 97) + (96 - 81)) - 45,-45,,,...
L2H16R4,depth3,((38 - 20) + 28) + ((39 + 5) - 20),70,,,...
L2H16R4,depth3,((32 + 18) - (35 - 85)) - ((78 + 99) - 5),-72,,,...
L2H16R4,depth3,((91 - 46) - (33 - 31)) - ((31 - 94) - (51 - 5)),152,,,...
L2H16R4,depth3,(87 + (3 + 66)) - ((26 - 40) - (43 + 45)),258,,,...
L2H16R4,depth3,((39 - 24) - 94) - ((65 - 59) + (9 - 35)),-59,,,...
L2H16R4,depth3,((36 + 93) - (54 - 18)) + ((22 + 38) - (63 + 44)),46,,,...
L4H16R8,depth3,((58 + 6) - (96 + 31)) - ((53 - 16) + (1 + 55)),-156,,,...
L4H16R8,depth3,((59 + 44) - (71 + 22)) - ((37 - 38) + (49 + 47)),-85,,,...
L4H16R8,depth3,((82 + 81) + (68 - 77)) + ((81 + 64) + (26 + 72)),397,,,...
L4H16R8,depth3,((34 + 43) - (97 - 76)) + ((89 - 46) - (70 - 9)),38,,,...
L4H16R8,depth3,18 - ((18 - 34) + (28 - 52)),58,,,...
L4H16R8,depth3,((91 + 95) + (23 + 63)) - ((66 - 47) - 0),253,,,...
L4H16R8,depth3,((72 - 71) + (92 - 6)) - ((15 + 23) - 39),88,,,...
L4H16R8,depth3,((75 - 33) - (91 + 73)) - ((9 - 79) + (26 + 21)),-99,,,...
L4H16R8,depth3,(5 - (56 - 62)) + ((51 + 17) - (36 - 87)),130,,,...
L4H16R8,depth3,((46 + 8) - (74 + 51)) - ((54 - 20) + (10 + 10)),-125,,,...
L2H16R32,depth2,(82 + 46) - (11 - 97),214,,,...
L2H16R32,depth2,(13 + 33) - (0 - 14),60,,,...
L2H16R32,depth2,(27 - 0) - (59 - 34),2,,,...
L2H16R32,depth2,(22 + 86) - (35 - 79),152,,,...
L2H16R32,depth2,(39 - 50) - 94,-105,,,...
L2H16R32,depth2,(70 - 14) + (17 + 47),120,,,...
L2H16R32,depth2,13 - (5 - 6),14,,,...
L2H16R32,depth2,(3 - 60) - (37 + 47),-141,,,...
L2H16R32,depth2,(61 - 17) - (66 - 25),3,,,...
L2H16R32,depth2,(67 + 88) + (67 + 93),315,,,...
L6H8R8,depth2,(50 + 0) + (32 + 69),151,,,...
L6H8R8,depth2,(87 - 31) - (0 - 15),71,,,...
L6H8R8,depth2,(70 - 90) - (73 - 45),-48,,,...
L6H8R8,depth2,(89 - 34) + (86 + 34),175,,,...
L6H8R8,depth2,(37 - 43) - (15 - 51),30,,,...
L6H8R8,depth2,(71 + 69) - 11,129,,,...
L6H8R8,depth2,(19 + 37) + (64 + 87),207,,,...
L6H8R8,depth2,(17 - 45) - (67 + 10),-105,,,...
L6H8R8,depth2,(22 - 66) - (15 - 12),-47,,,...
L6H8R8,depth2,(78 + 25) - 28,75,,,...
L6H2R8,max,(98 + 56) + (((65 - (55 - 25)) + ((46 + 63) + (47 + 76))) + (((25 - 62) + (55 - 90)) - (59 + 57))),233,,,...
L6H2R8,max,80,80,,,...
L6H2R8,max,((((84 - 82) - (75 + 59)) - (45 + 20)) - (19 + ((80 + 79) + (19 + 54)))) - (11 - (((15 - 12) + (14 - 84)) - ((60 + 36) - 9))),-613,,,...
L6H2R8,max,((((26 - 43) + (47 - 36)) - ((66 - 58) + (26 - 94))) - (((68 + 90) + (42 + 99)) + ((28 + 67) - (77 - 37)))) + (((66 - 1) - ((89 + 94) + (14 - 55))) - 58),-435,,,...
L6H2R8,max,94,94,,,...
L6H2R8,max,((((49 - 26) - (5 + 63)) - ((86 + 62) - (98 + 50))) + ((42 - (71 + 33)) + (11 + 81))) + ((((71 + 47) - (53 + 32)) - 84) - (((21 - 59) + (35 - 17)) + 40)),-86,,,...
L6H2R8,max,87 + 44,131,,,...
L6H2R8,max,90 - ((69 - ((9 + 28) - (17 + 61))) - 50),30,,,...
L6H2R8,max,2,2,,,...
L6H2R8,max,54 - ((((44 - 17) - (37 + 8)) - ((62 + 99) - (92 - 21))) - (35 + ((17 + 64) + (36 + 2)))),316,,,...
L8H8R8,max,73,73,,,...
L8H8R8,max,(26 + (((94 - 25) - (47 + 6)) + 81)) - (69 + 72),-18,,,...
L8H8R8,max,(36 - 49) + ((74 + ((69 + 4) - (30 - 82))) - (95 - 8)),99,,,...
L8H8R8,max,46,46,,,...
L8H8R8,max,98,98,,,...
L8H8R8,max,((((16 + 90) - 52) + ((73 - 59) - (63 + 58))) - (85 + ((16 - 88) - 64))) + (6 + (((21 - 5) - 3) + 71)),88,,,...
L8H8R8,max,((35 - 68) + (((61 - 91) + 64) - (16 + (95 + 32)))) + ((81 + ((73 + 16) - (15 + 40))) - (((28 - 40) + (70 + 92)) + ((11 - 36) - 4))),-148,,,...
L8H8R8,max,42,42,,,...
L8H8R8,max,25 - 21,4,,,...
L8H8R8,max,49,49,,,...
L4H4R8,max,59,59,,,...
L4H4R8,max,87,87,,,...
L4H4R8,max,(96 + (((81 - 48) + (42 + 9)) - ((83 - 69) + (31 - 66)))) + (86 - (0 - (38 + (26 + 51)))),402,,,...
L4H4R8,max,((52 - ((5 + 63) + (2 + 80))) + ((25 - (54 + 65)) - ((17 + 49) - 84))) + 22,-152,,,...
L4H4R8,max,90,90,,,...
L4H4R8,max,41 + ((((42 + 90) + (21 + 76)) - 77) + (((7 - 68) + (81 + 61)) - ((21 + 61) + (48 + 97)))),47,,,...
L4H4R8,max,78,78,,,...
L4H4R8,max,52,52,,,...
L4H4R8,max,(78 + ((37 - 97) + ((78 - 37) + (46 - 19)))) - ((28 + ((44 - 43) + 95)) - (((14 + 40) - 16) + 18)),18,,,...
L4H4R8,max,((((19 + 78) - (93 + 84)) + (71 + (41 - 14))) + 52) + ((((31 + 88) - (89 + 27)) + ((48 - 0) - 88)) + (94 - ((62 - 96) + (28 - 29)))),162,,,...
L8H2R16,depth4,(51 - ((1 - 5) + (87 - 39))) + (((65 + 49) + (68 + 82)) + ((86 - 52) + (1 + 70))),376,,,...
L8H2R16,depth4,((87 - (33 + 24)) - ((21 - 76) + (84 - 76))) + (93 + ((43 + 63) - (63 + 88))),125,,,...
L8H2R16,depth4,(((40 + 98) - (7 - 54)) + (42 + (15 + 55))) + (((32 - 91) - (62 - 29)) - 17),188,,,...
L8H2R16,depth4,(((74 - 81) - 27) - ((59 - 27) - (3 - 19))) - (((35 + 25) - (92 + 16)) - ((2 - 95) + 93)),-34,,,...
L8H2R16,depth4,(9 + ((96 - 68) + (34 + 0))) + (((63 + 77) - (62 - 44)) + ((90 + 70) - (82 - 63))),334,,,...
L8H2R16,depth4,((22 - (48 + 77)) - ((22 + 50) + (7 + 39))) + (((38 + 36) + (58 - 1)) + ((94 + 75) - (20 - 59))),118,,,...
L8H2R16,depth4,(((85 - 95) - (26 + 47)) + ((79 + 67) + (83 + 30))) - 99,77,,,...
L8H2R16,depth4,7 - (((65 + 29) - (85 - 25)) + ((2 - 10) + (16 - 80))),45,,,...
L8H2R16,depth4,((16 + (80 - 24)) - ((96 - 42) - 49)) + ((16 - (0 - 62)) - (92 - (5 + 56))),114,,,...
L8H2R16,depth4,(7 + ((39 + 94) - (21 - 36))) + (((59 + 67) + (33 + 7)) - ((6 - 97) + (64 - 46))),394,,,...
L8H16R4,depth2,(32 - 53) + (28 - 34),-27,,,...
L8H16R4,depth2,45 + (83 - 33),95,,,...
L8H16R4,depth2,(62 - 82) + (92 - 23),49,,,...
L8H16R4,depth2,(64 + 12) - (24 - 18),70,,,...
L8H16R4,depth2,(9 + 18) - (56 - 13),-16,,,...
L8H16R4,depth2,(4 + 88) + (0 + 49),141,,,...
L8H16R4,depth2,(63 - 95) - (77 + 52),-161,,,...
L8H16R4,depth2,(20 - 28) + (76 + 37),105,,,...
L8H16R4,depth2,(45 - 94) + (57 - 44),-36,,,...
L8H16R4,depth2,61 - (60 + 9),-8,,,...
L8H2R8,depth5,((((44 - 57) + (67 + 40)) - ((33 + 10) + (35 - 77))) - (((5 + 35) + (81 + 76)) - ((42 + 55) - (85 + 62)))) + ((((1 - 15) - (62 + 27)) + ((87 + 70) + (51 + 40))) + (((55 - 0) + (55 - 30)) + ((30 + 33) - (87 - 70)))),117,,,...
L8H2R8,depth5,(((95 - (10 + 83)) - ((25 - 29) + (40 - 90))) + (((96 - 38) + 44) + ((68 + 31) - (70 - 65)))) + ((((14 - 85) + (9 - 88)) - 74) - (((15 + 26) + (92 + 75)) - ((91 - 72) - (70 + 70)))),-301,,,...
L8H2R8,depth5,((((50 - 55) - (76 + 93)) - ((84 + 9) + (13 + 46))) - (((81 + 64) - (69 - 30)) + ((82 - 32) - (65 - 33)))) - 91,-541,,,...
L8H2R8,depth5,((((8 - 7) - (84 - 38)) + ((36 + 28) + (34 + 34))) - (((26 - 68) - (29 + 89)) + ((24 + 26) - (6 - 12)))) + ((((16 + 62) - (77 + 92)) + 86) + (((5 - 20) + (91 + 74)) - ((79 + 98) + 78))),81,,,...
L8H2R8,depth5,((((12 + 39) + 16) - ((60 - 37) - (22 - 56))) + (((23 - 74) - (26 + 71)) - ((2 - 66) - 13))) - ((((70 - 20) - (71 - 95)) - ((47 + 8) - (70 - 47))) + (((41 + 77) - 14) + (32 - (47 - 57)))),-249,,,...
L8H2R8,depth5,((((10 + 97) + (74 + 43)) - ((29 + 42) - (0 - 46))) - 66) - ((((9 + 4) - (71 + 40)) + ((67 - 95) + (51 - 89))) + (((48 - 42) + (0 - 75)) + 90)),184,,,...
L8H2R8,depth5,((84 - ((95 + 8) - (18 + 50))) - (((28 + 7) + (56 + 37)) + ((30 - 13) + (22 + 92)))) - ((((65 - 97) - (20 + 28)) + ((74 - 56) + (26 - 37))) + (98 + ((22 - 19) + (83 + 62)))),-383,,,...
L8H2R8,depth5,((((14 + 42) - (76 + 46)) - ((50 - 28) - (9 - 86))) + (((3 + 21) + (10 - 0)) + ((47 + 90) + (43 + 28)))) + (56 - (((19 + 62) + (87 + 58)) + ((99 + 33) + 78))),-303,,,...
L8H2R8,depth5,((((85 + 2) + (19 - 79)) - 84) + (((44 - 71) + (48 + 37)) - ((33 - 26) + (32 + 44)))) - ((((85 - 19) + (66 + 74)) + ((98 - 71) + (64 - 88))) - (((99 - 3) - 12) + ((82 - 42) - (39 + 14)))),-220,,,...
L8H2R8,depth5,((((30 + 44) + 64) + 92) - 29) + ((((99 + 4) - (52 - 3)) - ((97 + 30) - (53 - 90))) - ((44 + (98 + 88)) - ((81 + 3) - (43 - 18)))),-80,,,...
L8H8R4,depth2,(21 - 38) + (57 - 90),-50,,,...
L8H8R4,depth2,(25 - 14) + (6 + 73),90,,,...
L8H8R4,depth2,(31 + 32) + (25 + 63),151,,,...
L8H8R4,depth2,92 - (45 - 71),118,,,...
L8H8R4,depth2,76 - (46 + 48),-18,,,...
L8H8R4,depth2,(80 + 86) + (15 - 24),157,,,...
L8H8R4,depth2,(22 + 60) - (0 + 45),37,,,...
L8H8R4,depth2,(10 + 68) + (99 + 40),217,,,...
L8H8R4,depth2,(73 - 33) - (94 + 80),-134,,,...
L8H8R4,depth2,(71 + 89) - (75 + 8),77,,,...
L2H8R32,depth5,((((17 - 87) + (15 + 48)) + ((52 - 24) + 4)) - (((56 - 59) + (99 - 2)) + ((86 + 18) + (56 + 14)))) + ((((62 + 11) + (70 - 26)) - ((71 - 39) - (81 + 8))) + (((81 - 73) + 86) - ((41 - 5) - (49 - 33)))),5,,,...
L2H8R32,depth5,((((15 - 27) - 79) + ((77 - 22) - (47 - 78))) - (((97 - 85) + (88 + 60)) - ((20 - 13) + (82 + 77)))) - ((((12 - 38) + (99 + 74)) + ((3 + 55) - (90 + 95))) - (((51 + 30) - 34) + ((43 + 78) - 87))),62,,,...
L2H8R32,depth5,((((76 + 67) + (96 + 80)) - ((33 + 11) + (98 + 64))) - (((86 - 26) - (18 - 31)) + ((93 + 91) - (52 + 1)))) - ((((26 - 10) - (50 - 91)) + ((40 - 59) + (20 + 40))) + (((9 - 88) - (62 - 86)) + ((45 + 76) + 52))),-307,,,...
L2H8R32,depth5,(7 - (((89 + 89) + (51 + 5)) - 17)) - ((((26 + 50) - (46 + 34)) - ((77 - 48) - (33 + 78))) + ((53 + (95 + 73)) + (10 - (57 - 83)))),-545,,,...
L2H8R32,depth5,((((34 + 53) + (95 + 56)) + ((22 + 16) + (54 - 13))) + (((5 - 89) + 22) - ((33 - 22) + (33 - 97)))) - ((((86 - 50) + (48 + 37)) + ((7 - 37) - (55 - 12))) + (((4 + 82) - (39 - 4)) - ((79 + 55) + (20 + 63)))),426,,,...
L2H8R32,depth5,((((4 - 62) + (1 + 77)) - ((85 + 0) - (71 + 80))) - (((31 - 29) + (15 - 7)) - (12 + (97 + 87)))) - ((((62 - 29) - (45 - 74)) - ((52 - 29) - (55 - 52))) - (((68 + 26) + (1 + 19)) - 57)),287,,,...
L2H8R32,depth5,(50 + (25 + ((54 - 56) + (58 - 43)))) + ((((71 + 16) + (68 - 22)) + ((35 + 93) - (49 - 91))) - (((20 + 47) + (12 - 41)) + ((82 - 80) - (10 + 24)))),385,,,...
L2H8R32,depth5,((((56 - 68) - (89 + 92)) + ((63 + 97) - (5 + 73))) + 86) + ((((47 - 38) - (56 - 92)) + ((4 + 27) - (63 - 86))) + (((38 - 13) + (52 - 73)) - ((87 + 85) - (39 + 58)))),3,,,...
L2H8R32,depth5,((30 - ((47 + 48) + (0 - 82))) + 73) + ((((52 + 8) + (63 - 2)) - ((55 + 0) - (72 - 85))) + (((7 + 53) + (76 - 0)) - ((46 - 42) + (49 + 0)))),226,,,...
L2H8R32,depth5,((((78 - 10) + (35 + 63)) + ((84 + 24) + (71 + 33))) - (((67 - 10) + 33) - ((2 + 34) - (21 + 3)))) + (82 + (((20 - 6) - (80 + 54)) + 48)),310,,,...
L2H16R4,depth1,30 - 33,-3,,,...
L2H16R4,depth1,6 + 33,39,,,...
L2H16R4,depth1,85 + 13,98,,,...
L2H16R4,depth1,31 - 52,-21,,,...
L2H16R4,depth1,6 - 56,-50,,,...
L2H16R4,depth1,82 - 66,16,,,...
L2H16R4,depth1,18 + 77,95,,,...
L2H16R4,depth1,68 + 99,167,,,...
L2H16R4,depth1,90 + 4,94,,,...
L2H16R4,depth1,52 + 32,84,,,...
L4H4R4,depth1,22 + 85,107,,,...
L4H4R4,depth1,83 - 51,32,,,...
L4H4R4,depth1,6 + 15,21,,,...
L4H4R4,depth1,32 - 34,-2,,,...
L4H4R4,depth1,41 - 27,14,,,...
L4H4R4,depth1,61 + 4,65,,,...
L4H4R4,depth1,82 + 2,84,,,...
L4H4R4,depth1,40 + 13,53,,,...
L4H4R4,depth1,81 - 64,17,,,...
L4H4R4,depth1,26 - 21,5,,,...
L2H16R16,max,((60 - ((61 + 31) + 60)) - 37) - 97,-226,,,...
L2H16R16,max,90,90,,,...
L2H16R16,max,(10 + 26) - (((65 + (54 + 47)) - (34 - (84 + 38))) - (((9 - 49) - 68) - 29)),-355,,,...
L2H16R16,max,54 - 95,-41,,,...
L2H16R16,max,39,39,,,...
L2H16R16,max,54 - ((((30 + 60) + (4 + 89)) + (83 + (59 + 23))) + (88 - ((45 - 25) + (5 + 74)))),-283,,,...
L2H16R16,max,23,23,,,...
L2H16R16,max,35 + (95 + ((49 - 91) + ((69 + 29) + (51 + 18)))),255,,,...
L2H16R16,max,1,1,,,...
L2H16R16,max,(24 - 65) + 39,-2,,,...
L8H16R16,depth2,(37 + 60) - (65 - 11),43,,,...
L8H16R16,depth2,(48 + 45) + (89 - 85),97,,,...
L8H16R16,depth2,(8 + 67) + (44 - 87),32,,,...
L8H16R16,depth2,(49 - 46) + (59 + 70),132,,,...
L8H16R16,depth2,(65 + 52) - (40 - 69),146,,,...
L8H16R16,depth2,(35 - 70) - (91 - 77),-49,,,...
L8H16R16,depth2,(5 - 46) + (83 - 28),14,,,...
L8H16R16,depth2,(40 + 85) + (91 + 29),245,,,...
L8H16R16,depth2,73 - (58 + 55),-40,,,...
L8H16R16,depth2,(67 - 92) + (17 - 6),-14,,,...
L2H2R8,depth4,((22 - (24 + 26)) - ((14 + 73) + (84 + 75))) + ((64 - (14 + 71)) - ((47 - 24) + (78 + 34))),-430,,,...
L2H2R8,depth4,(((69 + 8) - (4 - 24)) + ((0 - 69) + (96 - 12))) + (((12 - 9) - (34 - 39)) - ((69 + 42) - (12 + 84))),105,,,...
L2H2R8,depth4,(((44 - 77) - (75 - 94)) + ((29 + 41) - (49 - 34))) + (((42 - 57) + (90 - 89)) + ((38 + 74) - (19 + 0))),120,,,...
L2H2R8,depth4,(((55 - 32) + (95 + 23)) - ((98 + 42) + (82 - 67))) - (((79 + 27) - (4 + 91)) - ((64 - 49) + (45 + 3))),38,,,...
L2H2R8,depth4,(((70 - 34) + (47 + 47)) + ((32 - 31) + (4 - 49))) + (((82 - 46) - (92 + 8)) - ((74 - 35) - (80 + 1))),64,,,...
L2H2R8,depth4,(((17 - 41) - (63 - 59)) + ((85 + 33) - (11 + 10))) - ((81 + (47 + 25)) - ((4 - 73) + (62 - 20))),-111,,,...
L2H2R8,depth4,(16 - ((21 + 12) + (44 - 99))) + ((63 - (38 - 37)) - ((19 + 32) - (88 + 56))),193,,,...
L2H2R8,depth4,(((75 + 3) - (22 + 52)) - 0) + 64,68,,,...
L2H2R8,depth4,(((13 + 17) + (98 + 54)) - ((25 - 68) + (82 + 51))) - (((14 - 22) - (46 + 68)) - ((10 + 81) + (12 - 31))),286,,,...
L2H2R8,depth4,(((38 + 28) - (93 + 65)) - ((50 - 84) + (50 - 79))) + (((14 - 24) + (45 + 90)) + 12),108,,,...
L4H16R32,max,((25 - 35) - (((52 + 95) - (33 - 87)) - ((70 + 2) + 87))) - 20,-72,,,...
L4H16R32,max,((((1 + 15) - 22) - (72 - (85 + 83))) - ((30 + (72 + 70)) + 51)) + ((((34 + 45) - 13) + (32 + (46 + 77))) + (((10 - 90) - (23 - 50)) + ((83 + 59) - (56 - 21)))),142,,,...
L4H16R32,max,78 - 83,-5,,,...
L4H16R32,max,79,79,,,...
L4H16R32,max,29,29,,,...
L4H16R32,max,19 + ((43 + (12 + (60 + 64))) + (86 - ((35 + 56) + 12))),181,,,...
L4H16R32,max,((((96 - 61) + (6 + 79)) - ((99 + 67) - (73 - 72))) + 63) - (((79 - (55 + 29)) + 43) + (((55 + 55) + (72 - 84)) - 59)),-59,,,...
L4H16R32,max,((((68 + 27) + (9 + 15)) - 4) - (((31 - 37) + (16 - 46)) - 55)) - 5,201,,,...
L4H16R32,max,(24 - 61) - (10 - (((57 + 18) - 9) - ((92 + 87) + (3 + 38)))),-201,,,...
L4H16R32,max,((82 - (47 - (57 - 64))) - 33) - ((((74 + 84) + (62 - 19)) - (40 + (36 + 63))) + 4),-71,,,...
L2H16R32,depth1,97 - 41,56,,,...
L2H16R32,depth1,44 - 86,-42,,,...
L2H16R32,depth1,68 - 2,66,,,...
L2H16R32,depth1,15 + 53,68,,,...
L2H16R32,depth1,37 - 80,-43,,,...
L2H16R32,depth1,95 - 19,76,,,...
L2H16R32,depth1,79 + 9,88,,,...
L2H16R32,depth1,70 - 7,63,,,...
L2H16R32,depth1,43 + 72,115,,,...
L2H16R32,depth1,45 + 56,101,,,...
L2H4R16,depth1,42 + 80,122,,,...
L2H4R16,depth1,82 + 9,91,,,...
L2H4R16,depth1,50 - 64,-14,,,...
L2H4R16,depth1,18 + 10,28,,,...
L2H4R16,depth1,76 - 28,48,,,...
L2H4R16,depth1,6 - 79,-73,,,...
L2H4R16,depth1,81 + 64,145,,,...
L2H4R16,depth1,82 + 15,97,,,...
L2H4R16,depth1,90 + 86,176,,,...
L2H4R16,depth1,51 + 42,93,,,...
L4H16R8,depth4,(((9 + 38) + (74 - 65)) - ((40 - 15) - (37 - 72))) - (((23 + 68) + (48 + 35)) + (68 - (96 - 63))),-213,,,...
L4H16R8,depth4,48 + (((10 - 59) - (72 + 74)) + ((8 + 83) - (49 + 82))),-187,,,...
L4H16R8,depth4,(((16 + 37) - (19 + 80)) + 0) + (((34 - 56) - (3 - 30)) - ((17 - 0) - (57 - 61))),-62,,,...
L4H16R8,depth4,23 + (((20 - 60) - (40 - 81)) + ((19 - 78) - (11 - 22))),-24,,,...
L4H16R8,depth4,((95 - (94 + 16)) - ((35 - 98) - (37 - 91))) + (((26 - 84) - (85 - 69)) - ((73 + 87) + (94 - 18))),-316,,,...
L4H16R8,depth4,(82 - ((52 + 32) - (58 + 20))) + (((38 + 25) + (17 + 26)) - 47),135,,,...
L4H16R8,depth4,39 - (((10 - 65) - (96 + 71)) - 62),323,,,...
L4H16R8,depth4,(((28 + 48) + (2 + 3)) + ((1 - 74) - (57 + 45))) - (((43 - 61) - 66) + ((27 - 10) + (1 + 63))),-91,,,...
L4H16R8,depth4,(5 + ((71 - 27) + (29 + 3))) - (((49 + 44) - (94 - 39)) + ((76 - 97) - (54 + 60))),178,,,...
L4H16R8,depth4,98 - (45 + ((11 - 82) + (10 + 7))),107,,,...
L4H8R32,depth5,((((20 - 58) + (20 + 57)) + ((88 + 12) + (36 - 45))) + (((89 - 56) - 15) - ((99 + 93) + (64 + 92)))) + ((((83 - 40) + (86 + 48)) - (65 - (91 + 74))) - (((2 - 57) - (91 + 31)) - ((61 + 9) - (70 + 74)))),180,,,...
L4H8R32,depth5,((((5 + 55) + 35) + (90 - (2 - 89))) - (((57 + 66) - (84 - 68)) + ((87 - 84) - (41 - 76)))) + ((((40 - 26) + (29 - 65)) - (69 + (85 + 93))) + (((92 - 97) + (24 - 58)) + (38 + (35 - 36)))),-144,,,...
L4H8R32,depth5,((((22 - 49) + (23 + 0)) + (24 + (87 - 18))) - (((38 + 98) + (39 + 96)) + ((14 - 9) + (96 + 24)))) - ((((92 - 72) + (67 - 57)) - ((10 + 89) + (71 + 84))) - (((93 - 97) - (18 + 2)) - ((72 + 23) + (98 - 61)))),-239,,,...
L4H8R32,depth5,93 - ((((40 - 9) + (0 + 80)) - (96 + (53 - 82))) + (((99 - 3) + (59 - 72)) + ((92 - 74) - (57 + 49)))),54,,,...
L4H8R32,depth5,(88 - (80 - ((67 - 57) + (42 + 76)))) - ((((53 + 65) + (70 - 58)) + ((86 + 16) - (36 + 49))) + ((15 - (11 - 71)) + ((14 + 49) + (39 - 93)))),-95,,,...
L4H8R32,depth5,((((40 - 29) + (45 - 52)) - ((38 + 20) + (15 - 20))) + 18) - ((((24 + 28) + (73 + 68)) - ((45 + 66) - 36)) + (((40 + 35) - (56 + 35)) + ((47 - 78) - (60 - 52)))),-94,,,...
L4H8R32,depth5,((((50 + 80) + (13 - 57)) - ((39 + 50) - (25 + 34))) - (((13 + 68) - (15 - 57)) + ((38 - 20) - 4))) - ((((65 + 45) - (88 + 52)) + ((4 - 59) - (16 + 80))) + (((76 - 29) + (24 + 50)) + ((27 + 79) + (54 + 3)))),-184,,,...
L4H8R32,depth5,((((30 - 10) + (92 - 18)) + ((44 + 61) + (42 - 77))) + 48) - 30,182,,,...
L4H8R32,depth5,((((74 - 30) + (17 - 36)) - (33 + (61 - 25))) - ((93 - (20 - 49)) - ((46 + 9) + (14 + 93)))) - ((((54 + 99) - (2 + 93)) - ((77 - 15) + (52 + 62))) - (((19 - 4) + (42 - 30)) - ((14 - 78) - (53 + 16)))),274,,,...
L4H8R32,depth5,((((48 + 2) - (21 - 97)) - ((26 - 86) + (73 + 86))) - (((52 - 51) - (75 + 32)) + ((33 + 1) - (59 - 93)))) - ((((50 + 60) - (40 - 85)) - 29) - (((9 - 5) + (19 + 55)) - ((95 - 11) - (33 - 69)))),-103,,,...
L4H16R4,max,30 - (((41 - 80) - ((45 + 36) - (71 + 62))) - (((18 - 30) + (41 - 91)) + 3)),-42,,,...
L4H16R4,max,(21 + (((94 + 75) - 68) + (20 - (60 - 12)))) + ((25 + 82) + 87),288,,,...
L4H16R4,max,(48 + (((16 - 47) - 11) - ((96 - 54) - (28 - 14)))) + ((((45 - 62) - 28) - ((13 + 82) + (54 - 15))) - 87),-288,,,...
L4H16R4,max,76,76,,,...
L4H16R4,max,((39 - 33) - 54) - (20 - 11),-57,,,...
L4H16R4,max,(65 - 18) + ((10 - ((14 + 4) - (97 + 50))) - (13 + (1 + 78))),94,,,...
L4H16R4,max,((22 - ((76 + 70) - (19 - 18))) + (86 + 10)) + (((88 + (37 - 80)) + ((43 + 54) - (77 - 90))) + (89 + 46)),263,,,...
L4H16R4,max,((((58 + 98) - (2 - 74)) + ((28 - 75) - 69)) - 6) - ((89 + 25) - ((37 - (17 - 6)) + 90)),108,,,...
L4H16R4,max,99 + (89 + 39),227,,,...
L4H16R4,max,77,77,,,...
L8H16R8,depth2,(42 - 80) + (6 - 60),-92,,,...
L8H16R8,depth2,28 + (42 - 99),-29,,,...
L8H16R8,depth2,(43 + 43) + (50 - 96),40,,,...
L8H16R8,depth2,(3 + 30) - (93 - 14),-46,,,...
L8H16R8,depth2,(58 - 57) - (75 - 93),19,,,...
L8H16R8,depth2,95 - (51 + 42),2,,,...
L8H16R8,depth2,(32 + 47) + (13 + 52),144,,,...
L8H16R8,depth2,(4 + 39) + (24 + 46),113,,,...
L8H16R8,depth2,(8 + 94) + (25 + 2),129,,,...
L8H16R8,depth2,(94 + 86) - 46,134,,,...
L8H2R8,depth2,(37 - 88) - (37 - 52),-36,,,...
L8H2R8,depth2,(29 + 43) + (84 - 18),138,,,...
L8H2R8,depth2,(85 - 7) + (27 + 69),174,,,...
L8H2R8,depth2,(55 - 65) - (11 + 12),-33,,,...
L8H2R8,depth2,(6 + 86) + (72 - 13),151,,,...
L8H2R8,depth2,(40 - 12) + (59 + 0),87,,,...
L8H2R8,depth2,(64 + 82) + (28 + 76),250,,,...
L8H2R8,depth2,(6 + 93) - (82 - 14),31,,,...
L8H2R8,depth2,(79 - 96) + (56 - 1),38,,,...
L8H2R8,depth2,(27 - 17) - 66,-56,,,...
L4H16R16,depth1,43 + 99,142,,,...
L4H16R16,depth1,56 - 48,8,,,...
L4H16R16,depth1,49 + 85,134,,,...
L4H16R16,depth1,7 - 64,-57,,,...
L4H16R16,depth1,42 - 78,-36,,,...
L4H16R16,depth1,61 - 28,33,,,...
L4H16R16,depth1,2 + 97,99,,,...
L4H16R16,depth1,5 - 49,-44,,,...
L4H16R16,depth1,41 - 35,6,,,...
L4H16R16,depth1,70 + 80,150,,,...
L4H16R16,depth5,(74 + (((6 - 39) - (5 + 48)) + ((61 - 22) - (79 - 20)))) + ((((92 + 64) + (10 - 1)) - ((29 - 99) + 83)) + (((53 + 33) - (29 + 84)) + ((28 - 54) - (29 - 23)))),61,,,...
L4H16R16,depth5,((((13 - 0) - (32 - 50)) + ((97 - 96) - (63 - 41))) - (((49 - 94) + (38 - 55)) - ((91 + 54) - (79 + 85)))) - ((((85 - 26) - (55 - 70)) + ((14 - 54) - (27 - 54))) - ((29 + (32 + 17)) + ((28 - 27) - (21 - 78)))),128,,,...
L4H16R16,depth5,((((91 + 58) - (59 + 21)) - ((15 + 33) + (72 - 80))) + 92) - 97,24,,,...
L4H16R16,depth5,(35 - (((91 + 11) + (16 - 47)) - (57 + (34 + 97)))) + ((((33 - 21) - (86 + 66)) + 0) + (89 + ((99 - 94) - (1 - 0)))),105,,,...
L4H16R16,depth5,((((47 + 65) - (44 - 64)) + ((8 - 80) + (12 + 1))) - (((83 + 54) - (3 - 23)) - ((41 + 50) + (0 + 84)))) + ((33 + ((73 - 86) - (0 + 65))) - (((16 - 95) - (13 + 51)) + ((2 + 43) + (23 - 55)))),176,,,...
L4H16R16,depth5,((((28 + 38) - (75 - 38)) - ((21 + 13) + (45 + 2))) + (((42 + 22) - (15 + 82)) - ((16 - 57) + (39 + 55)))) - ((((4 + 62) + 95) - ((50 + 81) + (2 - 68))) - (((59 - 96) + (8 - 27)) - ((68 + 85) + (30 + 79)))),-552,,,...
L4H16R16,depth5,(((54 - (14 + 58)) - 14) + 22) - ((((39 + 17) + (3 - 94)) - ((20 + 32) - (59 - 70))) - (66 + (81 + (86 - 35)))),286,,,...
L4H16R16,depth5,((((47 - 55) + (77 - 40)) + ((36 - 9) - (37 - 7))) + (((82 + 86) + (64 - 63)) + ((27 - 95) - (49 + 29)))) + ((((17 + 76) + (73 + 41)) - ((35 - 64) + (94 + 45))) + (((57 + 47) - 40) - ((49 + 44) + (79 + 0)))),38,,,...
L4H16R16,depth5,((((90 + 91) + (99 + 3)) + ((43 - 95) - (15 - 61))) - (((0 - 57) - (55 - 51)) + ((0 + 96) - (2 - 56)))) - ((((61 + 70) - (22 - 82)) + 26) + (((72 - 1) - (89 + 89)) - ((64 + 40) - 61))),121,,,...
L4H16R16,depth5,((((96 + 83) - (99 + 99)) + (27 - (70 - 39))) + (((64 + 50) + (89 - 73)) - 61)) + (((26 + (5 + 6)) - ((34 + 74) - (7 - 25))) + (((85 + 62) + (51 - 8)) + (2 - (31 - 65)))),183,,,...
L8H4R32,depth1,64 + 58,122,,,...
L8H4R32,depth1,22 + 87,109,,,...
L8H4R32,depth1,19 + 94,113,,,...
L8H4R32,depth1,97 - 24,73,,,...
L8H4R32,depth1,35 + 89,124,,,...
L8H4R32,depth1,89 - 50,39,,,...
L8H4R32,depth1,58 - 89,-31,,,...
L8H4R32,depth1,28 + 49,77,,,...
L8H4R32,depth1,94 - 31,63,,,...
L8H4R32,depth1,84 + 82,166,,,...
L4H2R16,depth1,5 + 2,7,,,...
L4H2R16,depth1,20 + 83,103,,,...
L4H2R16,depth1,15 - 12,3,,,...
L4H2R16,depth1,51 + 88,139,,,...
L4H2R16,depth1,98 - 69,29,,,...
L4H2R16,depth1,35 + 33,68,,,...
L4H2R16,depth1,39 - 12,27,,,...
L4H2R16,depth1,63 + 12,75,,,...
L4H2R16,depth1,50 - 7,43,,,...
L4H2R16,depth1,38 - 67,-29,,,...
L4H4R16,depth3,((56 + 67) - 85) - ((13 - 8) + (5 + 57)),-29,,,...
L4H4R16,depth3,((35 - 13) - 60) - ((75 + 61) + (3 - 52)),-125,,,...
L4H4R16,depth3,((42 + 69) - (28 + 2)) - ((40 + 27) + (87 - 28)),-45,,,...
L4H4R16,depth3,((62 - 21) - (60 - 93)) + ((2 + 20) + (14 - 73)),37,,,...
L4H4R16,depth3,((88 - 42) + (63 - 90)) + ((32 - 58) + (29 - 84)),-62,,,...
L4H4R16,depth3,((81 - 69) - (12 - 55)) - ((25 + 50) + (40 + 1)),-61,,,...
L4H4R16,depth3,((36 + 69) + (63 + 76)) - ((82 + 19) - (26 + 84)),253,,,...
L4H4R16,depth3,((54 + 75) - 31) - ((93 + 85) + (19 - 24)),-75,,,...
L4H4R16,depth3,99 - ((72 + 89) - (18 - 20)),-64,,,...
L4H4R16,depth3,((37 + 40) - (67 + 38)) - ((71 + 88) - (54 - 46)),-179,,,...
L6H16R4,depth1,2 + 14,16,,,...
L6H16R4,depth1,69 - 42,27,,,...
L6H16R4,depth1,44 + 74,118,,,...
L6H16R4,depth1,23 + 8,31,,,...
L6H16R4,depth1,71 + 95,166,,,...
L6H16R4,depth1,20 - 83,-63,,,...
L6H16R4,depth1,0 + 90,90,,,...
L6H16R4,depth1,40 - 72,-32,,,...
L6H16R4,depth1,31 - 90,-59,,,...
L6H16R4,depth1,26 - 19,7,,,...
L8H4R32,depth4,66 - (((96 + 30) - (84 - 9)) + 21),-6,,,...
L8H4R32,depth4,(((78 - 23) + 91) + ((40 + 61) - (5 - 37))) + (((66 + 23) + (28 - 48)) - ((67 + 63) + 66)),152,,,...
L8H4R32,depth4,(((3 + 82) + (30 + 37)) + ((36 + 24) + 17)) + (((11 + 21) + (44 + 10)) - 94),221,,,...
L8H4R32,depth4,(((72 + 66) + 78) - ((4 - 57) - (53 + 64))) - (((15 - 7) + (14 - 99)) - ((48 + 14) - (43 + 13))),469,,,...
L8H4R32,depth4,14 + (((23 + 59) - (98 - 7)) + ((23 - 88) + (51 + 77))),68,,,...
L8H4R32,depth4,(((13 + 54) + (42 + 72)) - 24) - (((36 - 23) - (85 - 57)) + ((8 + 31) + (76 + 67))),-10,,,...
L8H4R32,depth4,(((12 - 6) - (52 + 47)) - ((16 - 77) + (96 - 14))) - (((89 + 52) - (94 + 57)) + ((53 + 66) - (33 + 71))),-119,,,...
L8H4R32,depth4,(((3 + 77) - (82 - 85)) + ((57 + 24) + 67)) + (((76 - 1) + (99 - 82)) + 29),352,,,...
L8H4R32,depth4,(((10 + 25) - (39 + 36)) - ((81 - 7) + 69)) - (((29 - 10) + (6 + 30)) + ((0 - 11) + (3 - 43))),-187,,,...
L8H4R32,depth4,(((16 - 64) + (72 - 26)) - ((4 - 27) - (11 + 3))) + (((40 + 5) - (15 + 89)) + ((34 + 82) - 95)),-3,,,...
L2H16R16,depth1,77 - 64,13,,,...
L2H16R16,depth1,28 - 54,-26,,,...
L2H16R16,depth1,1 - 97,-96,,,...
L2H16R16,depth1,81 + 25,106,,,...
L2H16R16,depth1,4 - 7,-3,,,...
L2H16R16,depth1,32 - 55,-23,,,...
L2H16R16,depth1,63 + 7,70,,,...
L2H16R16,depth1,81 - 81,0,,,...
L2H16R16,depth1,72 - 37,35,,,...
L2H16R16,depth1,85 - 53,32,,,...
L6H4R4,depth2,(7 - 49) - (83 - 75),-50,,,...
L6H4R4,depth2,(81 - 30) - (61 - 34),24,,,...
L6H4R4,depth2,45 + (12 + 4),61,,,...
L6H4R4,depth2,(72 - 53) + (66 - 28),57,,,...
L6H4R4,depth2,(17 - 19) - (49 + 98),-149,,,...
L6H4R4,depth2,(38 + 64) - (32 - 96),166,,,...
L6H4R4,depth2,(33 - 64) - (48 + 27),-106,,,...
L6H4R4,depth2,(84 + 19) - (8 - 35),130,,,...
L6H4R4,depth2,3 + (48 - 37),14,,,...
L6H4R4,depth2,59 + (49 - 11),97,,,...
L6H16R4,depth2,(5 - 7) + (13 - 65),-54,,,...
L6H16R4,depth2,(60 + 68) + (63 - 33),158,,,...
L6H16R4,depth2,(0 - 86) - 36,-122,,,...
L6H16R4,depth2,(93 + 58) - (49 + 71),31,,,...
L6H16R4,depth2,(81 - 16) - (68 + 13),-16,,,...
L6H16R4,depth2,(95 - 12) + (5 - 35),53,,,...
L6H16R4,depth2,(31 + 76) + (70 - 61),116,,,...
L6H16R4,depth2,66 - (56 + 1),9,,,...
L6H16R4,depth2,(33 + 44) - (64 + 70),-57,,,...
L6H16R4,depth2,(68 - 7) - (82 - 70),49,,,...
L6H8R8,depth4,22 - (((90 + 12) + (19 - 79)) + ((43 + 91) + (45 + 91))),-290,,,...
L6H8R8,depth4,(((46 + 53) + (45 - 67)) - ((16 - 56) + (21 - 85))) - ((20 - (84 + 5)) - ((44 + 79) + (20 - 65))),328,,,...
L6H8R8,depth4,(((76 + 77) + 21) - ((5 - 8) + 61)) + (((49 + 29) + (0 + 21)) - ((19 - 17) - (30 + 0))),243,,,...
L6H8R8,depth4,(((87 + 39) + (2 + 59)) + ((15 + 55) - (90 + 86))) + (((26 - 3) + (14 + 44)) - ((94 - 58) - (13 + 61))),200,,,...
L6H8R8,depth4,((85 - (50 - 0)) - ((41 - 62) + (96 - 44))) + ((65 - (26 - 58)) - ((90 - 44) + (23 + 88))),-56,,,...
L6H8R8,depth4,(((30 - 56) - 96) + 36) - (((32 + 5) - (47 + 48)) + ((34 + 13) + (78 - 7))),-146,,,...
L6H8R8,depth4,(((39 + 43) - (30 + 68)) + ((14 - 93) - (11 + 1))) - (((82 - 18) + (6 - 5)) - ((99 + 8) + (43 - 23))),-45,,,...
L6H8R8,depth4,(23 - ((77 + 38) + (42 + 16))) - ((1 + (59 + 42)) - ((54 - 80) - (94 + 13))),-385,,,...
L6H8R8,depth4,(((84 - 20) + (1 + 76)) - ((10 + 50) + (5 - 44))) - (20 - ((82 + 78) - (29 + 90))),141,,,...
L6H8R8,depth4,(((1 - 4) + (28 - 57)) - ((84 - 19) + (23 + 65))) + (((69 + 18) + (59 - 82)) + ((60 - 10) + (25 - 40))),-86,,,...
L4H8R32,depth3,((46 + 6) + 36) - ((86 - 28) + (62 + 3)),-35,,,...
L4H8R32,depth3,((20 + 18) - (13 - 17)) - ((99 + 85) - (23 + 57)),-62,,,...
L4H8R32,depth3,92 + ((7 - 64) + (71 - 82)),24,,,...
L4H8R32,depth3,((66 + 58) + (60 - 3)) + ((13 - 27) + (2 + 80)),249,,,...
L4H8R32,depth3,((32 + 23) - (48 + 88)) + 6,-75,,,...
L4H8R32,depth3,(84 - (52 + 1)) - ((20 - 16) - (55 - 64)),18,,,...
L4H8R32,depth3,((23 - 82) + (28 - 52)) + ((60 + 78) - (22 + 96)),-63,,,...
L4H8R32,depth3,((82 - 57) - (77 + 36)) + ((31 + 50) - (4 - 85)),74,,,...
L4H8R32,depth3,51 - ((94 - 4) - (84 + 7)),52,,,...
L4H8R32,depth3,((89 + 26) - (22 + 71)) + ((21 - 47) - (76 - 51)),-29,,,...
L8H8R32,depth2,(60 - 82) + (89 - 3),64,,,...
L8H8R32,depth2,(64 - 50) + (57 - 3),68,,,...
L8H8R32,depth2,(41 + 52) + (8 + 97),198,,,...
L8H8R32,depth2,(76 + 9) + (8 + 1),94,,,...
L8H8R32,depth2,(29 - 60) + (27 + 87),83,,,...
L8H8R32,depth2,(32 - 98) - (55 + 16),-137,,,...
L8H8R32,depth2,(14 - 54) + (44 + 60),64,,,...
L8H8R32,depth2,(54 + 92) - (71 + 50),25,,,...
L8H8R32,depth2,(46 - 75) + (17 + 46),34,,,...
L8H8R32,depth2,(26 + 83) + (12 + 92),213,,,...
L2H2R16,depth5,((((21 + 78) - (24 - 9)) - ((96 + 38) - (62 - 61))) - (((9 - 50) + (49 - 53)) - 89)) - ((((83 + 48) - (51 - 9)) + ((94 - 70) - (18 - 27))) + (((73 - 90) - (37 + 91)) - ((57 + 75) + (24 + 96)))),360,,,...
L2H2R16,depth5,((7 + ((36 - 9) - (33 + 15))) + (((7 + 37) - (48 - 38)) + ((11 + 88) - (16 + 54)))) + ((((81 + 83) + (32 + 66)) + ((72 + 35) + (12 + 88))) + (((53 - 3) - (87 - 7)) + ((2 + 18) + (30 - 40)))),498,,,...
L2H2R16,depth5,((((55 - 46) - 86) + ((12 + 60) - (54 + 42))) - (((98 + 79) - (72 + 13)) - (60 + (1 + 71)))) + ((((45 - 38) + (15 + 57)) - ((80 - 88) + 27)) + (((52 - 13) - 11) + ((69 - 86) + (68 - 44)))),34,,,...
L2H2R16,depth5,((((47 + 7) - (41 - 37)) - 87) + (((91 - 69) - (75 - 51)) - ((32 - 96) + (83 - 82)))) - 26,-2,,,...
L2H2R16,depth5,((((1 - 89) - (51 + 74)) + ((12 + 46) - (2 + 53))) - (((74 - 11) - (68 + 29)) - ((85 + 22) + (76 + 78)))) + ((56 + ((46 - 91) + (49 - 23))) - (((33 + 49) + 9) + ((8 + 33) + (36 - 71)))),25,,,...
L2H2R16,depth5,85 + ((((6 + 77) + (70 - 93)) - ((82 + 27) + (53 + 44))) - (((8 - 4) - 71) + ((96 - 21) - (56 - 80)))),-93,,,...
L2H2R16,depth5,((((62 - 39) + (54 + 4)) - ((5 + 33) - (57 + 15))) + (((22 + 24) - (4 - 14)) + ((10 + 34) + (18 - 45)))) - ((((6 + 18) + 36) + ((25 + 25) - (3 + 6))) + (((40 - 40) + (89 - 72)) + ((55 - 95) - (22 + 85)))),217,,,...
L2H2R16,depth5,((((15 + 20) - (89 - 97)) - ((58 - 24) - (59 - 10))) - (((9 + 47) + (17 + 67)) + (88 + (3 + 38)))) - ((((56 - 4) - (9 - 49)) - 0) - ((40 - (88 - 7)) - 98)),-442,,,...
L2H2R16,depth5,((((47 + 51) + (49 - 34)) - 50) - 62) + 68,69,,,...
L2H2R16,depth5,((((39 + 23) + 5) + (84 - (56 - 13))) + (((92 + 61) + (46 + 71)) + ((25 - 65) + (89 + 66)))) + ((((73 - 84) - (30 - 82)) - ((69 + 4) - (56 + 65))) + (((92 + 39) + (65 - 5)) + ((46 + 36) + (43 + 13)))),911,,,...
L6H2R8,depth4,(((27 - 92) + (8 - 25)) - 93) + ((40 - (77 - 19)) + ((17 - 45) + (17 + 85))),-119,,,...
L6H2R8,depth4,52 + (((61 + 59) - (88 + 61)) + ((41 + 18) - (2 - 51))),131,,,...
L6H2R8,depth4,(((40 - 11) - (29 + 94)) + ((76 - 41) + (7 - 27))) + (32 - ((64 - 99) - (12 + 73))),73,,,...
L6H2R8,depth4,(((35 - 95) - (91 + 31)) + ((54 - 89) + (78 + 85))) - ((92 + (89 + 57)) + ((77 + 86) + (87 - 86))),-456,,,...
L6H2R8,depth4,(((56 + 94) - (89 - 79)) - ((78 + 82) + (18 - 89))) - ((0 - (65 - 34)) + ((91 - 34) + (43 - 30))),12,,,...
L6H2R8,depth4,72 - (((90 + 3) - (27 - 38)) - (93 + (44 - 65))),40,,,...
L6H2R8,depth4,(((56 - 65) + (62 + 1)) - ((55 - 69) + (79 + 55))) + (((68 - 75) + (18 + 23)) - ((75 + 3) - 53)),-57,,,...
L6H2R8,depth4,(33 + ((98 + 43) - (43 + 92))) - (((30 + 53) - (68 - 49)) - ((47 + 82) + (41 + 88))),233,,,...
L6H2R8,depth4,(((7 - 61) + (11 - 23)) - ((79 + 49) + (7 - 13))) + (((13 + 69) - (15 - 87)) + ((56 + 60) + 31)),113,,,...
L6H2R8,depth4,(((22 - 14) - 74) + 83) + (((22 + 92) - 30) - ((84 - 34) - (25 - 45))),31,,,...
L6H16R32,depth3,(53 + (3 + 8)) - ((11 + 92) - (68 - 11)),18,,,...
L6H16R32,depth3,((87 + 6) + (92 - 4)) - ((20 + 5) - (58 - 10)),204,,,...
L6H16R32,depth3,((69 - 7) - (82 + 86)) + ((66 + 9) + (81 - 56)),-6,,,...
L6H16R32,depth3,((61 + 72) + 42) - 69,106,,,...
L6H16R32,depth3,((53 + 9) - (90 + 33)) - 15,-76,,,...
L6H16R32,depth3,((92 + 42) + (58 + 75)) - ((32 - 25) - (78 + 27)),365,,,...
L6H16R32,depth3,((59 + 25) + (3 - 96)) + ((41 - 12) + (87 - 85)),22,,,...
L6H16R32,depth3,((61 - 64) - (1 + 71)) + ((80 - 92) + (98 + 80)),91,,,...
L6H16R32,depth3,((65 - 89) - (51 + 51)) + 52,-74,,,...
L6H16R32,depth3,((12 - 61) - 62) + 39,-72,,,...
L2H4R32,depth4,(((1 - 15) + (78 - 74)) - ((28 + 64) + (45 - 21))) - (37 - ((10 - 97) + (41 - 40))),-249,,,...
L2H4R32,depth4,(((79 - 67) + (31 + 28)) + ((35 + 99) + (66 - 71))) + (((81 - 87) + (87 - 60)) - ((91 - 63) - (21 - 52))),162,,,...
L2H4R32,depth4,53 - (((9 - 30) + (1 - 85)) - ((91 - 59) - (15 - 5))),180,,,...
L2H4R32,depth4,(((7 - 68) - (88 - 21)) - ((38 + 12) - (61 - 8))) + (((52 - 48) - (32 + 16)) - ((99 + 16) - (93 + 56))),-135,,,...
L2H4R32,depth4,(((43 + 0) + (49 - 49)) - ((15 - 57) - (4 + 11))) - (((20 + 35) + (0 - 83)) + 64),64,,,...
L2H4R32,depth4,(((37 - 94) + (12 - 72)) + ((13 + 99) + (45 - 85))) + (((54 - 15) - (54 + 28)) - ((7 + 48) + (64 + 62))),-269,,,...
L2H4R32,depth4,(((84 - 58) - (65 + 43)) - 71) - (((19 + 31) - (96 - 22)) - ((68 - 63) - (73 + 92))),-289,,,...
L2H4R32,depth4,(((3 + 77) + (27 - 26)) + ((16 + 73) - (8 - 43))) - 40,165,,,...
L2H4R32,depth4,(((31 + 47) + (32 - 29)) - ((15 + 70) + (49 - 11))) - (13 - ((23 - 55) - (33 - 73))),-47,,,...
L2H4R32,depth4,(((62 - 97) - (73 + 31)) + ((73 + 96) - (47 - 0))) - (((79 + 11) + (65 + 16)) + 60),-248,,,...
L6H8R32,depth4,10 + (((8 - 77) - (52 - 5)) - ((41 + 51) + (51 + 12))),-261,,,...
L6H8R32,depth4,(((32 - 93) + (40 - 20)) + ((70 - 31) - 15)) + (18 + (81 + (34 - 77))),39,,,...
L6H8R32,depth4,(((92 + 74) + (27 + 72)) + ((78 + 81) + (91 - 71))) + 79,523,,,...
L6H8R32,depth4,((70 - (15 + 12)) - (93 - (21 + 43))) - (((5 - 38) - (71 - 74)) + ((86 + 85) + (19 + 85))),-231,,,...
L6H8R32,depth4,(((19 + 20) - (34 - 91)) - ((18 - 81) + (72 + 23))) - (((2 + 75) + (26 + 61)) - ((12 - 1) - (59 - 15))),-133,,,...
L6H8R32,depth4,(((59 + 69) + 68) - 89) + (((4 + 1) - (55 + 92)) - ((42 + 53) - (70 + 82))),22,,,...
L6H8R32,depth4,((46 + (43 - 26)) + ((80 - 5) + (54 + 93))) - 21,264,,,...
L6H8R32,depth4,(((56 - 20) - (59 + 32)) + ((48 - 73) - 20)) - (((10 - 83) - (36 + 73)) - ((47 + 7) + 92)),228,,,...
L6H8R32,depth4,(((1 - 52) + (44 + 56)) - ((27 + 68) - 10)) + (((78 + 53) - (39 + 26)) - 31),-1,,,...
L6H8R32,depth4,(((83 - 89) + (79 + 52)) - ((46 - 62) + (56 - 85))) + 84,254,,,...
L6H2R32,depth3,(1 - (66 + 93)) - ((7 - 93) + 0),-72,,,...
L6H2R32,depth3,((79 + 73) - (3 + 37)) - ((95 + 83) + (86 - 46)),-106,,,...
L6H2R32,depth3,((85 - 40) - (59 - 91)) - ((41 - 78) + (23 - 52)),143,,,...
L6H2R32,depth3,((93 - 18) - (52 + 54)) - 77,-108,,,...
L6H2R32,depth3,((93 - 4) + (31 - 87)) + ((43 + 91) - (63 - 94)),198,,,...
L6H2R32,depth3,((44 + 80) + (82 + 63)) - ((26 + 88) - (72 - 94)),133,,,...
L6H2R32,depth3,((6 + 81) + (76 - 3)) - ((6 - 14) + (58 - 99)),209,,,...
L6H2R32,depth3,((94 + 28) - (0 - 66)) - ((99 - 53) - (20 - 9)),153,,,...
L6H2R32,depth3,((73 + 53) + (61 + 33)) + (64 - (94 + 94)),96,,,...
L6H2R32,depth3,((16 - 33) - (41 - 18)) - ((48 - 19) + 44),-113,,,...
L4H8R16,max,((((62 + 64) - (18 + 2)) - ((71 + 54) + 3)) - 87) + ((74 + ((69 + 62) + 73)) - (22 + ((66 + 78) + 53))),-50,,,...
L4H8R16,max,((((52 + 41) - 89) + ((53 - 42) + (10 + 52))) + (((21 - 42) + 1) - ((64 + 26) + (82 + 15)))) - (((80 - (7 + 25)) + ((64 - 66) - 46)) + (((61 - 77) - 17) - (52 - (68 - 2)))),-111,,,...
L4H8R16,max,((((85 - 74) + (52 + 87)) - ((90 + 58) + (47 + 82))) - ((49 + (60 - 71)) + 54)) - (64 - (((72 + 77) + (85 - 98)) + 34)),-113,,,...
L4H8R16,max,19,19,,,...
L4H8R16,max,(45 - 64) + (((78 - (47 + 15)) - 96) - (((24 - 18) - 1) - 79)),-25,,,...
L4H8R16,max,(9 - 30) - ((((9 - 12) - (67 + 0)) + 52) + ((74 + (21 - 90)) - ((36 + 70) - (41 - 32)))),89,,,...
L4H8R16,max,87,87,,,...
L4H8R16,max,((44 - ((83 + 27) - 21)) + 73) + ((((36 + 82) + (69 + 66)) - ((35 + 95) + 9)) - 5),137,,,...
L4H8R16,max,95,95,,,...
L4H8R16,max,89 - ((((37 + 93) + (76 + 62)) + ((98 + 64) - (29 + 43))) - ((39 - (85 - 76)) + ((12 + 2) - (37 - 4)))),-258,,,...
L4H8R8,depth5,((((19 - 34) - (60 - 92)) + ((29 + 74) + (49 + 79))) - 69) + ((((3 + 61) - (12 - 69)) - ((56 - 3) - (10 - 95))) + (((71 - 14) + (26 - 86)) - ((9 + 15) - (34 - 84)))),85,,,...
L4H8R8,depth5,((((40 - 63) - (68 + 54)) + ((86 + 14) - (15 + 36))) - ((10 + (7 + 18)) + (72 - (16 - 8)))) + ((((49 - 16) - (54 + 66)) - ((10 - 67) - (95 - 57))) + (((94 + 69) - (45 - 61)) + ((32 + 55) + (4 + 6)))),89,,,...
L4H8R8,depth5,((((99 - 84) + (16 + 84)) - ((89 + 67) - (50 - 26))) + (((11 - 11) - (67 + 71)) + (86 + (32 - 53)))) + ((((22 - 2) + (14 - 83)) + ((46 + 25) + (80 - 43))) - (((74 - 77) - (58 - 79)) + ((36 - 52) - (55 + 10)))),32,,,...
L4H8R8,depth5,(46 - (((59 - 53) - (80 - 44)) - ((45 - 81) + (12 + 49)))) + (((10 - (19 - 24)) - ((37 + 73) + (12 + 99))) + (((97 - 26) - 55) + ((96 - 72) + (56 - 80)))),-89,,,...
L4H8R8,depth5,(98 - (((97 - 26) + (58 - 35)) - ((39 - 4) + 97))) + ((((58 + 44) + 26) + ((77 - 98) + (82 - 9))) - (((68 + 74) + (58 + 15)) - (59 - (72 + 74)))),14,,,...
L4H8R8,depth5,((((6 + 53) + (3 - 2)) + ((7 - 56) + (85 - 13))) - (((36 + 39) - (30 - 74)) - ((10 + 57) - (88 + 85)))) + 99,-43,,,...
L4H8R8,depth5,((((27 + 46) + (88 - 9)) - ((81 - 2) + (25 - 81))) + (((82 - 80) - (96 - 83)) - ((61 + 2) + (2 + 38)))) - (((86 + (19 - 80)) - 7) - (((40 + 34) + (75 + 78)) + ((17 + 90) + (59 - 68)))),322,,,...
L4H8R8,depth5,((((1 - 61) - (21 - 12)) + ((60 + 33) + (43 + 23))) - ((54 + (96 + 0)) - ((7 - 13) - (41 - 6)))) - ((((47 - 19) - (55 + 15)) + ((32 - 84) - (46 + 56))) + (((42 + 34) - (41 - 34)) + ((93 + 91) + (64 - 32)))),-190,,,...
L4H8R8,depth5,((((89 + 83) + 16) + ((63 + 93) - 24)) - ((4 - (92 - 1)) - (4 + (24 + 96)))) - ((((4 - 55) - 94) + ((78 - 2) + 78)) - (64 + ((73 + 50) + (40 - 37)))),712,,,...
L4H8R8,depth5,66 - ((((6 - 39) - (54 + 12)) - ((26 + 84) - (6 + 16))) - ((89 + (66 - 34)) - ((62 + 75) + (31 - 51)))),257,,,...
L6H8R16,depth1,13 - 32,-19,,,...
L6H8R16,depth1,81 + 74,155,,,...
L6H8R16,depth1,24 + 29,53,,,...
L6H8R16,depth1,23 - 64,-41,,,...
L6H8R16,depth1,23 - 70,-47,,,...
L6H8R16,depth1,4 - 28,-24,,,...
L6H8R16,depth1,15 - 55,-40,,,...
L6H8R16,depth1,70 - 39,31,,,...
L6H8R16,depth1,78 + 71,149,,,...
L6H8R16,depth1,9 + 42,51,,,...
L2H8R32,depth4,(((80 - 55) + 2) - ((41 + 35) + (64 - 52))) + (((88 - 84) + 34) + 47),24,,,...
L2H8R32,depth4,(((61 - 32) + (89 - 27)) - ((69 - 29) + (57 + 88))) + 90,-4,,,...
L2H8R32,depth4,(((54 - 6) - (71 - 35)) + ((33 + 72) + (59 - 10))) - (((34 - 4) - (23 - 48)) - ((97 + 67) + (39 + 50))),364,,,...
L2H8R32,depth4,(((2 - 75) - (64 + 88)) - ((90 - 2) - (38 + 82))) - (((2 - 9) + 3) - (70 - (45 + 59))),-223,,,...
L2H8R32,depth4,(((11 + 97) - (96 - 60)) - ((97 + 93) - (64 + 77))) + (((46 - 43) + (14 + 15)) - ((6 + 77) + (12 + 53))),-93,,,...
L2H8R32,depth4,(((42 - 15) + (69 - 94)) - ((92 - 29) - (98 + 8))) - ((59 - (99 + 31)) - ((72 - 55) + (67 + 75))),275,,,...
L2H8R32,depth4,(((71 + 8) - (63 - 86)) + ((53 + 3) + (54 - 94))) - (((46 - 64) - (80 - 81)) + ((13 - 31) - 36)),189,,,...
L2H8R32,depth4,47 - (((32 - 62) + (93 - 15)) + 1),-2,,,...
L2H8R32,depth4,((32 - (16 - 1)) - ((4 - 65) + (48 + 96))) - (((1 + 39) + (82 - 90)) + ((50 + 98) - (46 + 86))),-114,,,...
L2H8R32,depth4,(((11 - 54) - (3 - 41)) + (29 - (45 + 64))) + 94,9,,,...
L2H4R4,depth4,(((83 - 84) + (83 + 36)) + 62) - (46 + ((61 + 15) - (95 - 80))),73,,,...
L2H4R4,depth4,(((93 - 24) + (14 - 11)) - ((64 - 74) - (25 - 11))) + ((92 + (69 - 49)) + ((9 + 80) + (89 + 56))),442,,,...
L2H4R4,depth4,81 - (((20 - 88) - (96 - 60)) - ((7 + 12) + (41 + 67))),312,,,...
L2H4R4,depth4,(((0 + 98) + (47 - 63)) - ((64 - 95) - (97 + 34))) - 32,212,,,...
L2H4R4,depth4,(((74 + 76) - (14 - 67)) - ((41 + 37) + (57 + 35))) - (((71 + 1) - (33 - 39)) + ((72 - 16) + (17 + 60))),-178,,,...
L2H4R4,depth4,(((29 - 67) + (64 - 7)) - ((96 - 89) + (12 + 55))) + (((44 + 35) - (30 + 37)) + ((73 + 6) - 39)),-3,,,...
L2H4R4,depth4,((81 - (2 - 7)) + ((55 + 69) + 8)) + 40,258,,,...
L2H4R4,depth4,(((87 - 79) + (1 - 41)) - ((46 - 92) - 51)) + (((62 - 17) + (17 + 17)) + ((25 + 51) - (50 - 5))),175,,,...
L2H4R4,depth4,(((43 - 26) + (10 - 25)) - ((72 - 30) - (71 - 26))) + ((50 - (76 - 46)) + (56 - (81 - 61))),61,,,...
L2H4R4,depth4,(((95 - 92) + (64 - 2)) + 28) - 93,0,,,...
L6H16R16,depth3,((13 + 7) - (42 + 51)) - ((97 + 90) - (99 + 64)),-97,,,...
L6H16R16,depth3,79 + (63 - (94 + 32)),16,,,...
L6H16R16,depth3,((32 - 39) - (51 + 71)) - ((68 - 35) + (36 - 94)),-104,,,...
L6H16R16,depth3,(22 - (79 - 73)) + (54 - (18 + 46)),6,,,...
L6H16R16,depth3,((69 + 15) + (65 + 25)) - ((48 + 4) + 74),48,,,...
L6H16R16,depth3,96 + ((27 + 15) - (23 - 77)),192,,,...
L6H16R16,depth3,((43 - 55) - 36) + ((0 + 90) + (17 + 84)),143,,,...
L6H16R16,depth3,((74 + 15) - (28 + 2)) - (12 - (48 - 12)),83,,,...
L6H16R16,depth3,((6 - 9) - (46 + 15)) + ((41 + 24) - (86 - 90)),5,,,...
L6H16R16,depth3,((98 - 60) + (93 + 40)) + ((51 - 65) - (10 - 61)),208,,,...
L8H2R4,depth5,((((85 + 50) - (81 - 47)) - (27 + (10 + 50))) + (63 + (6 - (80 + 55)))) - ((((98 - 73) + (54 + 18)) + ((28 - 52) + (64 - 87))) - (((78 + 74) + (43 + 62)) + ((63 + 62) + (46 + 50)))),376,,,...
L8H2R4,depth5,((((1 - 19) - (21 + 89)) + ((84 + 6) - (3 - 43))) + (((62 - 53) - (53 + 66)) - ((54 - 46) + 56))) + ((((2 + 72) + (61 + 86)) + ((33 + 87) - (40 - 34))) + 83),246,,,...
L8H2R4,depth5,(79 + (((96 + 10) - (7 - 89)) + ((71 - 23) - (69 + 36)))) + ((((20 - 37) + (70 - 15)) + ((33 - 14) + (86 - 61))) + (((93 + 11) + (49 + 99)) - ((91 - 13) + (3 + 33)))),430,,,...
L8H2R4,depth5,(((94 + (51 - 29)) - ((76 + 66) - (8 - 78))) + (((70 + 39) + (41 - 56)) - (51 + (46 + 57)))) + ((((14 - 64) - (91 + 79)) + 78) + (((92 + 14) - 57) + ((75 - 52) + (12 - 49)))),-263,,,...
L8H2R4,depth5,((((84 + 77) - (5 - 12)) + (82 - (35 + 88))) - (((89 + 13) - (4 - 95)) - ((91 - 43) + 12))) + (((72 + (80 - 93)) + 77) - (((3 + 82) + 63) + ((78 - 88) + (19 + 12)))),-39,,,...
L8H2R4,depth5,((((19 + 12) - 21) - ((80 + 66) - (54 + 69))) - (((56 - 46) - (7 + 23)) - ((39 - 27) - (18 - 55)))) - ((((99 - 92) + (77 + 45)) + ((37 + 45) + (26 + 76))) - (((44 + 0) + (10 + 7)) - ((60 - 84) + (15 - 41)))),-146,,,...
L8H2R4,depth5,((((17 + 82) + (94 - 90)) - ((66 + 47) - (33 - 42))) + ((32 - (65 - 82)) - ((87 + 99) - (40 + 86)))) - ((((8 - 78) + (82 + 53)) - ((21 - 29) - 73)) + (((62 - 20) + 10) + 69)),-297,,,...
L8H2R4,depth5,((((90 + 90) - (90 - 13)) - 11) - (((75 - 0) + (93 - 88)) - ((68 - 17) - 2))) + (37 - (((62 - 47) - (72 + 3)) - ((95 + 10) + (21 - 0)))),284,,,...
L8H2R4,depth5,32 + ((((87 + 85) - (34 - 54)) + ((77 + 11) - (70 + 22))) + (((28 + 53) - (36 + 95)) - ((93 + 68) - (6 - 54)))),-39,,,...
L8H2R4,depth5,((((79 + 3) + (94 - 72)) - ((1 + 27) + (2 - 4))) - (((46 + 55) - 10) - ((32 + 75) - (34 - 47)))) - ((((85 - 40) + (44 + 87)) + ((39 - 65) - (25 + 89))) - ((33 + (8 - 63)) + ((57 - 85) + (56 + 5)))),82,,,...
L6H2R4,depth3,((58 + 20) + (22 - 72)) + ((31 + 70) - (88 + 71)),-30,,,...
L6H2R4,depth3,((77 - 94) + (21 - 14)) + ((10 + 84) + (55 + 77)),216,,,...
L6H2R4,depth3,((33 + 28) - (13 + 60)) - ((54 + 99) + (64 + 52)),-281,,,...
L6H2R4,depth3,((26 - 86) + (20 - 90)) + ((57 - 43) - (53 + 1)),-170,,,...
L6H2R4,depth3,((85 + 9) + (49 + 32)) - ((21 - 9) + (61 + 84)),18,,,...
L6H2R4,depth3,((53 + 90) - (23 + 5)) + ((72 - 13) - (35 - 99)),238,,,...
L6H2R4,depth3,((67 - 4) - 18) + ((6 + 98) + (96 - 73)),172,,,...
L6H2R4,depth3,((75 + 42) - (83 - 84)) - (92 - (92 + 75)),193,,,...
L6H2R4,depth3,(34 + (93 + 72)) + ((23 + 90) - 47),265,,,...
L6H2R4,depth3,18 - ((74 - 7) - (36 - 19)),-32,,,...
L2H2R32,depth4,(((76 - 72) - (35 + 81)) + ((81 - 81) + (61 + 9))) - (((41 + 59) - (46 + 49)) + (69 - (78 - 62))),-100,,,...
L2H2R32,depth4,(((20 + 16) + (15 - 96)) + ((97 + 84) + (83 + 54))) - 13,260,,,...
L2H2R32,depth4,(((16 + 80) + (18 + 50)) + 98) + (((77 - 52) + (44 - 12)) + ((88 + 7) - 90)),324,,,...
L2H2R32,depth4,((57 - (65 + 8)) - ((99 + 74) + (99 - 83))) + (((58 - 10) + 91) + (75 + (70 + 31))),110,,,...
L2H2R32,depth4,(((28 - 55) - (27 - 29)) - ((91 + 95) + (94 - 61))) - ((25 + (0 + 25)) + ((84 - 23) + (73 - 51))),-377,,,...
L2H2R32,depth4,(46 - ((7 + 43) - (76 - 33))) - ((19 - (2 - 58)) + ((95 + 43) - (49 - 89))),-214,,,...
L2H2R32,depth4,(((99 + 76) + (33 + 6)) - 1) - (((86 - 82) - (45 - 91)) + ((45 + 51) - (74 - 88))),53,,,...
L2H2R32,depth4,((32 - (98 + 70)) - ((7 + 39) + (92 - 93))) + (66 + ((91 + 84) - (75 + 76))),-91,,,...
L2H2R32,depth4,(((2 + 78) - (72 - 35)) - (58 - (4 + 23))) + (((19 + 47) + (81 + 13)) - 48),124,,,...
L2H2R32,depth4,(((49 + 19) - (32 - 19)) + ((25 + 61) - (72 - 86))) - (((23 - 6) - (19 - 38)) - 33),152,,,...
L6H2R32,depth1,45 + 25,70,,,...
L6H2R32,depth1,94 - 79,15,,,...
L6H2R32,depth1,46 - 23,23,,,...
L6H2R32,depth1,96 + 11,107,,,...
L6H2R32,depth1,28 + 72,100,,,...
L6H2R32,depth1,66 + 36,102,,,...
L6H2R32,depth1,1 - 60,-59,,,...
L6H2R32,depth1,8 - 45,-37,,,...
L6H2R32,depth1,48 + 39,87,,,...
L6H2R32,depth1,68 + 52,120,,,...
L6H8R8,depth5,((((22 - 39) - (33 + 34)) - ((2 + 77) + (51 - 11))) + (((58 + 50) - (87 - 50)) + ((36 - 15) + (54 - 29)))) - (((44 + (5 + 5)) - ((42 - 37) - (80 + 19))) - (((10 - 75) - 11) + ((9 + 99) - (60 + 37)))),-299,,,...
L6H8R8,depth5,((((54 + 88) - 48) + ((28 + 72) + (50 + 48))) - (((63 - 99) + (98 + 98)) - ((71 - 42) - (5 - 70)))) + ((((93 - 92) + (38 - 61)) + ((26 - 85) + (67 + 72))) + (((35 - 40) + (39 - 42)) + ((72 - 13) - (93 - 65)))),307,,,...
L6H8R8,depth5,((((53 - 15) - (31 - 64)) - ((80 + 22) + (99 - 13))) + (((92 + 50) - (97 - 55)) - ((50 + 45) - 59))) - (((68 + (26 - 70)) + ((48 - 0) + 71)) - (((25 - 0) + (56 - 85)) - ((63 + 27) + (75 - 51)))),-314,,,...
L6H8R8,depth5,((((13 + 61) + (68 + 16)) + ((30 + 86) - (16 + 42))) + (((54 + 6) + (52 + 52)) + ((80 - 89) + (17 + 46)))) + ((((67 - 42) - (49 + 84)) + ((28 - 93) - (77 - 58))) - (((33 - 17) + (45 + 16)) - ((44 + 16) - (7 + 24)))),194,,,...
L6H8R8,depth5,((((70 + 4) - 56) - 36) + (((66 + 73) + (72 - 69)) + ((2 + 46) - (5 + 86)))) - ((((94 - 23) + (3 - 66)) - ((33 - 48) + (0 + 68))) + ((21 - (85 - 45)) + ((88 - 53) + (15 + 46)))),49,,,...
L6H8R8,depth5,(((13 - (45 - 52)) + ((82 - 65) + (29 - 92))) + (((26 - 30) - (53 - 65)) - 38)) - (((1 - (6 - 22)) - ((21 + 38) - (67 + 13))) - (((88 - 63) + (71 - 4)) + ((99 - 62) - (90 - 93)))),38,,,...
L6H8R8,depth5,((((46 - 74) - (65 + 53)) - 95) - (((69 + 82) - (10 - 82)) - (94 + (80 + 58)))) - 13,-245,,,...
L6H8R8,depth5,((((11 - 44) - (34 - 98)) + 87) + (((29 + 97) + (95 - 48)) - ((67 - 18) - (5 + 67)))) - ((73 + ((15 + 65) - (20 + 98))) + (((80 + 7) + (64 - 10)) - ((81 + 25) + (78 + 44)))),366,,,...
L6H8R8,depth5,((((17 + 71) + (90 + 93)) + ((54 - 19) + (73 - 19))) + (((23 - 15) - (1 - 66)) + ((27 + 70) + (95 + 52)))) + ((29 + ((60 + 46) + (75 - 74))) - (((39 - 25) + (84 - 84)) - ((17 + 59) - 60))),815,,,...
L6H8R8,depth5,(66 + (((56 + 70) + 66) + ((72 - 65) - (89 - 39)))) + ((((92 - 16) + (0 + 88)) - 64) - (((81 - 81) + (49 + 33)) + ((46 + 84) + 31))),72,,,...
L2H2R16,max,41,41,,,...
L2H2R16,max,(((93 + (64 + 60)) - (67 - (70 + 74))) + (((80 + 22) - 67) + ((41 + 0) + 6))) + (73 - (((14 - 84) - (85 + 30)) + (35 - 13))),612,,,...
L2H2R16,max,((9 - 71) - 15) - (12 - (((46 - 50) - (69 - 5)) + (54 - (18 + 96)))),-217,,,...
L2H2R16,max,(95 + ((37 + 47) - 35)) + ((((3 - 75) + 59) - 0) + (((29 + 52) + 83) + ((9 - 19) + 8))),293,,,...
L2H2R16,max,98,98,,,...
L2H2R16,max,97,97,,,...
L2H2R16,max,((((56 - 93) - 46) + ((37 + 62) - (65 + 58))) - (85 + ((92 - 68) + 16))) + 28,-204,,,...
L2H2R16,max,((((99 + 1) - 39) + ((97 + 18) - 18)) + (97 + 17)) - 81,191,,,...
L2H2R16,max,41 + 78,119,,,...
L2H2R16,max,(((58 + (73 - 18)) - (44 + (73 + 91))) - ((26 - (60 + 80)) - ((85 - 36) + (81 - 14)))) - ((((50 + 82) + (45 - 22)) - 26) + (27 + ((39 + 64) - (45 + 26)))),-53,,,...
L8H2R8,max,((((55 - 0) + (39 - 62)) - (51 + 82)) + (75 + 14)) + (19 - (16 - (48 + (99 + 91)))),229,,,...
L8H2R8,max,90,90,,,...
L8H2R8,max,((((75 - 12) + (99 - 6)) + 42) - 44) - (20 + (36 + ((85 - 8) - 77))),98,,,...
L8H2R8,max,93,93,,,...
L8H2R8,max,((((84 + 18) + (50 + 15)) + 70) - 68) + ((87 + 40) + (34 + ((1 + 98) - (34 - 15)))),410,,,...
L8H2R8,max,((61 - 71) + (((49 - 1) - (65 + 15)) - ((99 + 47) + 68))) + ((((31 + 1) - (20 - 34)) - ((2 + 8) - (91 - 88))) + ((95 - 64) - ((92 - 66) + (12 + 99)))),-323,,,...
L8H2R8,max,(49 - 80) - 80,-111,,,...
L8H2R8,max,(((1 + (20 - 18)) + ((91 + 27) + (26 - 13))) + 12) - (88 - 38),96,,,...
L8H2R8,max,(90 - (75 - 66)) + 94,175,,,...
L8H2R8,max,((17 - 91) - (13 + ((29 - 79) + (4 + 59)))) - ((((27 - 93) + (61 - 88)) - 96) + 33),56,,,...
L2H4R4,depth2,(33 - 10) - (32 - 93),84,,,...
L2H4R4,depth2,(55 - 58) + (91 - 38),50,,,...
L2H4R4,depth2,(86 - 90) + (45 + 30),71,,,...
L2H4R4,depth2,(92 - 49) + (49 - 78),14,,,...
L2H4R4,depth2,(95 + 85) - (92 + 36),52,,,...
L2H4R4,depth2,(87 - 23) - (74 - 55),45,,,...
L2H4R4,depth2,(80 - 79) + (69 - 20),50,,,...
L2H4R4,depth2,(50 + 40) - 34,56,,,...
L2H4R4,depth2,(5 + 98) - (20 + 87),-4,,,...
L2H4R4,depth2,(19 - 32) - (71 - 85),1,,,...
L6H4R32,depth4,88 + (((16 + 54) - 20) + ((2 - 31) + (2 + 24))),135,,,...
L6H4R32,depth4,(((74 - 24) - (90 - 61)) + ((34 + 6) + (98 - 51))) - (((78 + 89) + (60 + 66)) - ((17 - 76) - (48 - 98))),-194,,,...
L6H4R32,depth4,(((76 - 45) + 54) - ((62 - 83) + (84 - 76))) + 76,174,,,...
L6H4R32,depth4,93 + (((10 + 59) - (70 - 62)) + ((63 + 77) - (13 + 69))),212,,,...
L6H4R32,depth4,(((84 + 9) + (33 + 84)) - ((29 - 59) - (37 + 22))) - (((42 - 69) - (2 + 18)) - ((96 + 81) - 0)),523,,,...
L6H4R32,depth4,5 - (((14 - 96) - 32) + (35 - (95 + 47))),226,,,...
L6H4R32,depth4,(((73 + 36) + (58 - 17)) + ((61 - 2) + (76 - 86))) + (((86 - 46) - (99 - 72)) + 50),262,,,...
L6H4R32,depth4,(((26 + 69) - (63 + 92)) + ((97 + 34) + 20)) - (((12 + 93) - (89 + 60)) - ((52 - 34) + (67 + 89))),309,,,...
L6H4R32,depth4,(((34 - 11) - 35) - ((94 - 63) - (60 + 66))) - (((30 + 40) - (82 - 64)) - 68),99,,,...
L6H4R32,depth4,(((14 - 19) - (23 + 66)) + ((35 - 20) - (20 + 22))) - (((62 - 67) - 86) - ((75 + 76) - (22 + 69))),30,,,...
L8H8R32,depth3,(51 - (9 - 60)) + ((96 - 17) + (33 + 55)),269,,,...
L8H8R32,depth3,((68 + 46) - (79 + 53)) - ((29 - 40) + (86 + 89)),-182,,,...
L8H8R32,depth3,((28 - 61) - (23 - 55)) + ((66 - 74) - (72 - 2)),-79,,,...
L8H8R32,depth3,((61 + 56) - (76 + 53)) + ((45 + 87) - (61 + 49)),10,,,...
L8H8R32,depth3,((58 - 10) + (79 + 5)) - ((50 - 18) + (49 - 76)),127,,,...
L8H8R32,depth3,66 - ((92 - 38) - (97 - 50)),59,,,...
L8H8R32,depth3,(58 + (75 + 71)) + 5,209,,,...
L8H8R32,depth3,((58 + 20) - (48 + 71)) + ((43 - 75) - (72 + 22)),-167,,,...
L8H8R32,depth3,((63 + 48) - (29 - 45)) + 93,220,,,...
L8H8R32,depth3,((40 - 10) + 33) - ((5 + 85) - (70 - 57)),-14,,,...
L8H2R32,depth4,(((4 - 21) + (85 + 71)) - ((64 - 18) + (63 - 59))) - (((96 + 96) + (83 - 86)) + ((43 - 75) - (72 - 26))),-22,,,...
L8H2R32,depth4,(((5 + 3) - (22 + 19)) + ((32 - 18) - (25 - 62))) - (((26 + 67) - (73 - 70)) + ((92 - 47) + (56 + 24))),-197,,,...
L8H2R32,depth4,(78 - ((64 - 13) - (30 - 62))) - (((15 - 85) + (48 - 51)) - ((82 - 17) + (88 - 15))),206,,,...
L8H2R32,depth4,(((10 + 27) + (7 - 65)) + 2) + (((79 - 22) - (77 - 78)) - ((28 + 88) + (86 - 70))),-93,,,...
L8H2R32,depth4,((11 - (45 - 83)) + ((85 + 23) + (76 - 34))) + (((56 + 84) + (88 + 7)) - ((39 + 40) - (27 + 35))),417,,,...
L8H2R32,depth4,((17 + (74 + 75)) - ((26 + 60) + (29 - 78))) + ((12 + (85 + 86)) - ((24 - 25) - (46 - 43))),316,,,...
L8H2R32,depth4,(((91 - 91) - (61 - 56)) + ((83 + 85) + (13 - 42))) + (((72 - 7) - (6 + 97)) + 92),188,,,...
L8H2R32,depth4,(((80 + 84) - 16) + 73) + (((89 + 76) + (57 + 9)) + ((30 + 5) + (95 + 69))),651,,,...
L8H2R32,depth4,(((19 - 28) + (14 - 25)) - ((90 - 31) + (72 - 80))) + (((84 - 18) - 31) - ((22 - 73) + (86 + 1))),-72,,,...
L8H2R32,depth4,(((94 - 71) - (99 - 55)) + ((82 - 37) - (97 + 76))) - (((26 + 29) + (70 - 25)) + ((59 + 48) + (36 - 27))),-365,,,...
L8H8R32,depth1,46 + 82,128,,,...
L8H8R32,depth1,77 - 20,57,,,...
L8H8R32,depth1,49 - 21,28,,,...
L8H8R32,depth1,3 - 57,-54,,,...
L8H8R32,depth1,52 - 45,7,,,...
L8H8R32,depth1,44 + 19,63,,,...
L8H8R32,depth1,9 + 81,90,,,...
L8H8R32,depth1,21 - 26,-5,,,...
L8H8R32,depth1,78 - 32,46,,,...
L8H8R32,depth1,72 + 93,165,,,...
L8H2R32,depth2,(38 + 6) - (63 + 78),-97,,,...
L8H2R32,depth2,(44 + 73) - (66 + 10),41,,,...
L8H2R32,depth2,(69 + 76) + 59,204,,,...
L8H2R32,depth2,(54 + 65) - (33 - 46),132,,,...
L8H2R32,depth2,(74 + 86) - 87,73,,,...
L8H2R32,depth2,(69 + 91) + (79 + 91),330,,,...
L8H2R32,depth2,56 - (75 + 60),-79,,,...
L8H2R32,depth2,(0 + 94) - (44 - 30),80,,,...
L8H2R32,depth2,(84 - 41) + (83 + 59),185,,,...
L8H2R32,depth2,(37 - 51) - (56 + 54),-124,,,...
L6H16R32,depth5,(19 + (((16 + 22) - (85 + 47)) + ((11 + 76) + (47 - 72)))) - ((87 - ((57 + 55) + (22 + 35))) - (((99 - 5) - (63 - 26)) - ((71 - 85) + 5))),135,,,...
L6H16R32,depth5,67 + ((((35 + 2) + (52 + 26)) - ((39 + 70) - (27 + 78))) - (((31 - 70) - (68 + 38)) + ((36 + 2) + (23 + 9)))),253,,,...
L6H16R32,depth5,((((46 + 44) - (48 - 75)) + ((87 + 95) + (18 + 12))) + (((90 + 86) - 27) - ((24 - 32) - (79 - 61)))) + ((((98 + 80) + (86 + 19)) - ((73 + 43) + (99 - 37))) + (((43 - 41) + (48 + 51)) + 93)),803,,,...
L6H16R32,depth5,(((4 - (20 + 22)) + ((32 + 55) - (63 - 20))) - (((74 + 38) + (1 - 44)) - ((59 + 12) - (34 - 80)))) - ((((71 - 27) + (1 - 47)) - ((87 - 22) + (23 + 19))) - ((27 - (43 + 8)) + ((87 - 55) - (61 + 74)))),36,,,...
L6H16R32,depth5,((((88 + 93) + (64 - 66)) + ((2 - 74) - (39 - 73))) - (((96 + 44) - (28 - 98)) - ((96 - 19) + 1))) - ((((18 - 67) + 87) + ((11 - 37) - (67 + 31))) - (((3 - 61) + (99 - 11)) + ((82 - 58) + (22 + 29)))),200,,,...
L6H16R32,depth5,(((21 - (82 + 20)) + ((79 - 88) - (25 - 16))) - ((82 - (39 - 93)) + ((81 + 11) - (40 + 4)))) + ((((16 + 19) - 99) - (0 + (74 - 38))) - (((84 + 5) - (73 - 8)) + 37)),-444,,,...
L6H16R32,depth5,((((7 + 75) + (40 + 98)) + ((38 - 1) + (8 - 49))) - (58 - ((60 + 69) - (44 + 27)))) + ((44 + ((7 + 96) - (80 + 90))) - ((22 + (28 - 57)) + ((17 - 92) - (46 + 61)))),382,,,...
L6H16R32,depth5,((((49 - 9) - (6 + 22)) - ((27 + 3) + (18 - 93))) + (((79 - 22) - (76 + 86)) - (91 + (4 - 76)))) - ((((93 - 58) - (45 + 52)) + 59) - (((96 + 84) - (39 - 50)) + ((4 - 50) - (56 + 45)))),-20,,,...
L6H16R32,depth5,((((24 + 74) - (47 + 77)) + ((89 - 23) - (19 - 0))) - (((42 - 72) + (24 + 21)) + 65)) - ((((55 - 24) + (19 - 47)) - (29 + (24 + 81))) + (((75 - 73) - (85 + 86)) + ((40 + 0) + (48 - 41)))),194,,,...
L6H16R32,depth5,((((44 + 33) + (66 + 34)) + ((13 - 77) + (8 + 5))) - 50) + 56,132,,,...
L6H4R32,depth1,52 - 18,34,,,...
L6H4R32,depth1,64 - 31,33,,,...
L6H4R32,depth1,57 + 1,58,,,...
L6H4R32,depth1,48 - 83,-35,,,...
L6H4R32,depth1,92 + 18,110,,,...
L6H4R32,depth1,37 + 30,67,,,...
L6H4R32,depth1,27 - 78,-51,,,...
L6H4R32,depth1,56 - 51,5,,,...
L6H4R32,depth1,75 - 91,-16,,,...
L6H4R32,depth1,47 + 8,55,,,...
L4H2R32,depth4,((36 - (42 + 41)) + ((82 + 78) + (73 - 84))) - ((51 - (84 - 36)) - ((15 - 76) - (94 + 95))),-151,,,...
L4H2R32,depth4,4 - (77 + ((40 - 4) - (89 + 58))),38,,,...
L4H2R32,depth4,(((5 - 75) + (62 + 73)) + ((18 - 2) + (72 + 96))) - 44,205,,,...
L4H2R32,depth4,(((5 - 22) - (32 + 81)) + ((59 - 79) + (57 + 8))) + (((89 - 68) + (76 + 88)) - ((1 + 23) + (86 + 50))),-60,,,...
L4H2R32,depth4,(((58 - 60) - (68 - 72)) - ((56 - 99) + (32 - 99))) + (((21 - 12) - (50 - 32)) + ((56 + 49) - (95 - 39))),152,,,...
L4H2R32,depth4,(((73 - 56) + (94 + 51)) + ((39 - 6) - (4 + 7))) + (((74 + 10) + 98) - ((75 - 21) + (67 - 4))),249,,,...
L4H2R32,depth4,(55 + ((7 + 43) - 72)) + (((74 + 40) - (50 - 51)) + ((50 - 80) + (1 - 69))),50,,,...
L4H2R32,depth4,(((38 - 95) + (25 - 38)) - ((8 + 38) - (81 + 58))) - (((20 - 81) - 70) + ((98 + 34) + (64 + 32))),-74,,,...
L4H2R32,depth4,(42 - ((75 + 86) - (17 + 91))) + (((72 - 45) + (27 + 10)) + (87 - (94 + 11))),35,,,...
L4H2R32,depth4,((36 - (53 + 5)) - ((90 + 41) + (39 + 91))) + ((53 + (19 - 81)) + ((47 - 93) + (33 - 58))),-363,,,...
L6H2R32,max,((((3 - 27) + (28 - 43)) + 57) - (((40 - 29) + 49) - (96 + (50 + 94)))) + (((60 + (81 - 80)) - 72) - ((17 - (13 - 71)) + ((23 + 30) + 63))),-4,,,...
L6H2R32,max,((47 + ((8 + 88) + (99 - 7))) - 18) - ((((96 - 10) - 98) - ((60 + 21) + 12)) + (((72 + 32) + (49 - 79)) - (50 - 76))),222,,,...
L6H2R32,max,9,9,,,...
L6H2R32,max,65 + (51 - (((1 - 73) - (80 - 79)) + 25)),164,,,...
L6H2R32,max,((((75 + 25) - (2 - 48)) + ((87 + 85) - (3 + 75))) - (((48 + 83) - (29 + 38)) + ((52 - 96) + (30 - 33)))) - (((74 - (94 + 76)) - ((64 + 52) - (52 - 60))) + (((48 - 98) + (42 + 98)) - ((98 + 92) - (2 + 30)))),511,,,...
L6H2R32,max,58 - ((85 + ((5 - 51) + (0 + 43))) - 29),5,,,...
L6H2R32,max,(80 + (95 + ((23 + 19) + (32 - 41)))) - (23 + 30),155,,,...
L6H2R32,max,28,28,,,...
L6H2R32,max,60,60,,,...
L6H2R32,max,(89 + (((12 - 88) + 69) + ((41 - 70) - (94 + 24)))) - (((16 - (12 - 1)) - (8 - (41 - 70))) + ((6 - (83 - 75)) + ((0 - 61) + (93 - 63)))),0,,,...
L8H4R16,depth4,(71 + (30 + (13 + 74))) - ((2 - (61 - 49)) + ((62 + 20) - (55 - 66))),105,,,...
L8H4R16,depth4,(((16 - 34) + (33 + 48)) - ((93 + 65) - (70 - 87))) - (((36 + 69) + (36 + 81)) - 46),-288,,,...
L8H4R16,depth4,(((40 + 46) - (56 + 58)) - ((47 - 5) + (42 + 79))) - (((67 + 55) + (33 + 99)) + ((35 + 48) - (91 - 75))),-512,,,...
L8H4R16,depth4,(((53 - 80) - (77 + 53)) + ((95 + 52) + (50 - 2))) - (((83 + 25) + (36 + 46)) + ((17 - 34) - (89 - 5))),-51,,,...
L8H4R16,depth4,(((44 - 57) + 44) + ((53 + 27) + (82 + 78))) - 5,266,,,...
L8H4R16,depth4,(((55 - 41) + (21 - 19)) + ((57 - 4) - (23 + 41))) - (3 - ((70 + 3) - (75 - 86))),86,,,...
L8H4R16,depth4,(((1 - 54) - (67 - 16)) + ((19 + 87) + (25 - 13))) - (((63 - 83) - (94 - 94)) - ((20 + 42) + (61 + 71))),228,,,...
L8H4R16,depth4,(((68 - 88) + (6 - 4)) + 73) + (((63 - 25) - (12 - 99)) + ((19 - 72) - (68 + 38))),21,,,...
L8H4R16,depth4,(((99 - 45) - (47 + 64)) - ((72 - 45) + (0 - 33))) + (61 - ((21 + 69) - (47 - 38))),-71,,,...
L8H4R16,depth4,(72 + ((95 - 56) - (6 + 96))) + (88 - ((42 - 13) - (12 - 13))),67,,,...
L2H2R4,depth4,(61 + ((4 - 26) - 10)) + (((53 + 89) - (69 + 44)) + ((36 + 88) + 20)),202,,,...
L2H2R4,depth4,(((52 - 39) - (65 - 57)) + ((82 + 86) + (89 - 58))) - (27 + ((76 - 27) + (28 + 57))),43,,,...
L2H2R4,depth4,(((49 + 96) - (56 + 81)) - ((54 - 67) + (7 + 95))) - (((21 + 44) - (40 - 1)) + ((30 - 85) + (74 - 91))),-35,,,...
L2H2R4,depth4,(((72 + 87) + (22 + 56)) - ((67 + 78) + (92 - 31))) + 97,128,,,...
L2H2R4,depth4,(((69 + 23) + (20 + 37)) - ((15 + 82) - (42 - 30))) + (((93 + 92) + (32 + 49)) + ((40 + 34) - (78 - 79))),405,,,...
L2H2R4,depth4,(((79 + 40) + (59 + 57)) + ((33 + 52) - (83 + 65))) + (((22 - 6) + (32 - 42)) - ((90 - 33) - (30 - 29))),122,,,...
L2H2R4,depth4,(((38 + 72) + (1 + 27)) - ((98 + 8) + 85)) - 27,-80,,,...
L2H2R4,depth4,(((31 + 32) - (43 - 49)) - ((57 + 34) + (2 + 78))) - (((0 + 81) - (67 + 97)) - ((70 + 79) - (28 + 61))),41,,,...
L2H2R4,depth4,(((4 + 99) - (88 - 3)) + ((76 - 18) - 0)) - ((64 - (47 + 86)) - ((12 + 31) - (39 + 58))),91,,,...
L2H2R4,depth4,(((77 + 74) + (19 + 86)) - ((42 + 59) - (62 + 65))) + 85,367,,,...
L2H4R16,depth3,((55 - 22) + (68 - 98)) - ((75 - 33) - (41 + 5)),7,,,...
L2H4R16,depth3,((13 + 77) + (14 - 97)) - ((68 - 21) + (75 - 1)),-114,,,...
L2H4R16,depth3,((76 + 68) + (20 + 4)) - ((52 - 59) - (46 + 38)),259,,,...
L2H4R16,depth3,((10 - 2) - (67 - 62)) + ((3 - 25) - (51 + 1)),-71,,,...
L2H4R16,depth3,((44 - 14) - (75 + 5)) - ((83 - 98) + (64 + 34)),-133,,,...
L2H4R16,depth3,(97 + (56 + 42)) + ((47 + 78) - (64 - 77)),333,,,...
L2H4R16,depth3,83 + ((85 - 67) - (33 - 8)),76,,,...
L2H4R16,depth3,((89 + 91) + (15 - 58)) + ((53 - 6) - (2 + 33)),149,,,...
L2H4R16,depth3,((96 - 23) - (35 + 68)) + ((83 - 72) - 35),-54,,,...
L2H4R16,depth3,((89 - 38) + (27 + 23)) - ((18 + 77) + (41 - 97)),62,,,...
L4H8R16,depth1,23 + 77,100,,,...
L4H8R16,depth1,38 + 63,101,,,...
L4H8R16,depth1,82 - 76,6,,,...
L4H8R16,depth1,45 + 58,103,,,...
L4H8R16,depth1,45 + 89,134,,,...
L4H8R16,depth1,37 - 9,28,,,...
L4H8R16,depth1,18 + 31,49,,,...
L4H8R16,depth1,28 + 81,109,,,...
L4H8R16,depth1,14 + 68,82,,,...
L4H8R16,depth1,98 + 37,135,,,...
L8H4R32,depth2,(35 + 71) - (98 - 76),84,,,...
L8H4R32,depth2,(43 + 69) - 32,80,,,...
L8H4R32,depth2,(7 + 49) - (77 + 59),-80,,,...
L8H4R32,depth2,(8 - 70) + (44 + 80),62,,,...
L8H4R32,depth2,96 - (77 + 28),-9,,,...
L8H4R32,depth2,(60 - 0) + (21 + 4),85,,,...
L8H4R32,depth2,(71 + 52) + (88 - 8),203,,,...
L8H4R32,depth2,(28 + 61) - (22 + 92),-25,,,...
L8H4R32,depth2,(51 - 50) + (50 - 6),45,,,...
L8H4R32,depth2,(5 + 69) - (13 + 37),24,,,...
L6H2R32,depth5,((((67 - 67) - (48 - 2)) - ((5 + 28) + (64 + 6))) - ((10 + (39 - 3)) - ((76 + 13) + (76 - 72)))) - ((((5 - 90) - (91 + 31)) + ((61 + 54) - (4 + 76))) + (((52 - 98) - (78 + 79)) + ((30 - 61) + (50 - 52)))),306,,,...
L6H2R32,depth5,(((33 - (7 + 80)) + (28 + (49 + 14))) - (((55 + 79) + (51 + 93)) - ((67 - 39) + (23 + 23)))) + ((((55 - 31) + (82 + 75)) + ((4 - 16) + (67 - 24))) + (((48 - 60) + 67) + ((48 + 86) + (53 - 74)))),213,,,...
L6H2R32,depth5,((((32 - 79) - (47 - 74)) - ((51 + 64) + (21 - 60))) - (((14 - 31) + (27 + 67)) - ((37 - 43) + (27 + 32)))) + (60 - ((73 - (10 + 22)) - ((62 + 44) + (48 + 27)))),80,,,...
L6H2R32,depth5,((((41 - 54) + (68 - 19)) - 9) + (((59 + 91) + (25 - 54)) + ((53 - 75) - (52 - 61)))) - ((((22 + 2) - (68 - 70)) - ((87 - 76) + 5)) - (((75 - 15) + (63 - 7)) + ((42 + 19) - (64 + 65)))),173,,,...
L6H2R32,depth5,((((43 + 14) - (54 - 66)) - ((88 + 11) - (50 + 38))) + (((19 - 57) + (12 + 46)) + (72 - (38 + 84)))) + ((15 + ((6 + 92) + (3 - 82))) - (((66 - 94) - (59 + 47)) - ((8 - 45) + (6 - 27)))),138,,,...
L6H2R32,depth5,((((99 + 50) - (47 + 10)) + ((8 + 79) - (64 + 63))) + 26) + (22 + (((59 + 32) + (70 + 89)) + ((60 - 74) - (14 + 17)))),305,,,...
L6H2R32,depth5,64 - ((((72 + 46) - (28 - 68)) - ((63 + 44) - 29)) - (43 - ((51 + 80) + (10 - 19)))),-95,,,...
L6H2R32,depth5,((((71 + 8) - (99 - 19)) - ((79 + 80) - 27)) - (((59 + 34) + (96 + 31)) - ((68 + 26) + (78 - 74)))) - ((((2 + 20) + (7 - 23)) - ((45 - 15) + (90 + 98))) - ((87 + (37 + 94)) + ((85 + 64) + (9 - 9)))),324,,,...
L6H2R32,depth5,((((22 - 83) + (91 - 88)) + ((87 + 43) + (64 + 55))) + (((88 + 57) + 65) - ((47 + 21) + (86 - 65)))) + ((((88 - 93) - (41 + 99)) + (47 + (15 - 2))) - (((73 + 8) - (97 - 66)) + ((47 + 74) - (7 + 93)))),156,,,...
L6H2R32,depth5,((((4 - 51) + (1 - 9)) + ((99 - 6) - (63 + 75))) - (((15 - 32) + 36) + ((37 - 30) + 68))) + ((57 + ((60 - 43) - 58)) - (((0 + 38) + 50) - ((84 - 22) - (67 - 77)))),-194,,,...
L4H16R32,depth5,((84 - ((90 + 61) - (56 + 48))) + (((2 - 80) - (96 + 29)) - ((78 + 22) + (28 + 47)))) + (76 + (((82 + 96) + (56 - 31)) - ((74 + 45) - (28 + 56)))),-97,,,...
L4H16R32,depth5,((((41 - 19) - (58 - 98)) + 78) + (((29 - 73) - (63 + 45)) - ((98 + 5) + (18 + 0)))) - (((13 + (40 - 79)) + ((84 + 14) - (9 + 95))) + (((68 - 14) + (7 - 11)) - (98 + (23 + 2)))),-28,,,...
L4H16R32,depth5,((((30 - 86) - (25 - 6)) + ((47 + 98) + (0 + 24))) - (((92 + 44) - (28 - 30)) + ((27 - 20) + (32 + 76)))) + ((((0 + 24) - (4 + 76)) - (37 + (14 + 46))) + ((54 - (15 + 53)) + 90)),-236,,,...
L4H16R32,depth5,((((68 - 8) + (12 - 98)) + ((82 - 67) - (50 - 61))) - (((71 - 57) + (79 + 59)) - (97 - (7 + 60)))) - ((91 - ((80 - 16) + (27 + 95))) - (((36 + 26) + (85 - 28)) + ((73 - 35) + (81 - 30)))),181,,,...
L4H16R32,depth5,((((90 - 44) + (99 + 8)) + ((87 + 33) + (2 + 74))) - (((82 - 12) + (66 - 43)) - ((47 + 76) + (16 - 42)))) - ((((20 - 31) - (21 + 59)) - ((82 - 95) - (26 + 66))) - ((19 - (83 + 55)) + ((36 - 89) + (44 + 24)))),235,,,...
L4H16R32,depth5,((((56 - 25) + (44 + 28)) - 3) - (((66 - 12) - (76 - 18)) - 49)) + ((((24 - 50) - 74) - (25 + (22 + 65))) + (((59 - 14) + (61 - 1)) - ((9 + 84) + (33 - 96)))),16,,,...
L4H16R32,depth5,((16 - ((25 + 22) - (42 - 80))) - (((28 + 0) + (70 - 74)) + ((1 + 35) + (21 - 2)))) - ((((93 - 25) + (91 + 60)) + ((33 - 15) - 55)) + (((23 - 93) - (98 + 84)) - ((86 - 10) - (97 - 33)))),-66,,,...
L4H16R32,depth5,((((4 - 34) + (18 - 18)) + ((92 - 79) + (77 + 3))) - (((58 + 4) + (4 - 41)) - ((95 + 84) + (41 + 39)))) + ((((54 - 0) + (6 - 63)) - ((9 + 36) - (33 - 17))) + 25),290,,,...
L4H16R32,depth5,((((57 + 33) - (76 - 41)) - ((73 - 90) - (18 - 49))) + (((94 + 30) + (11 + 51)) - ((14 - 28) + (58 + 98)))) + ((((53 - 60) + (56 - 10)) - ((85 - 73) + (95 + 45))) + (((82 - 42) + (44 + 60)) - ((86 + 63) - (60 + 13)))),40,,,...
L4H16R32,depth5,((((74 + 99) + (60 - 96)) + ((80 + 8) - (10 + 74))) + (98 - (57 - (32 + 86)))) + ((((44 + 19) + (13 - 92)) - ((68 + 93) - 41)) + (((40 - 24) + (33 - 94)) + 99)),218,,,...
L8H4R4,depth4,(((47 + 94) + (6 + 11)) - ((12 - 43) - (86 - 33))) + (((82 - 15) + (80 - 25)) + ((55 + 79) + (93 - 18))),573,,,...
L8H4R4,depth4,(23 + ((25 - 6) - (51 - 19))) + (72 + ((54 - 49) - (45 - 56))),98,,,...
L8H4R4,depth4,(((77 - 29) + (12 + 49)) + ((49 - 66) + (14 + 76))) + (((20 + 73) - (43 - 77)) - ((25 - 49) + (23 - 55))),365,,,...
L8H4R4,depth4,76 + (((18 + 51) - (50 - 84)) + ((89 - 10) + (81 - 56))),283,,,...
L8H4R4,depth4,(((91 - 52) + (29 + 46)) + ((10 + 84) + (32 + 61))) + (19 + ((49 + 60) + (14 - 25))),418,,,...
L8H4R4,depth4,(((18 + 29) + (48 - 2)) + ((79 + 53) + (9 - 80))) - (55 + (72 - (34 + 17))),78,,,...
L8H4R4,depth4,(29 + ((16 + 60) - (86 + 29))) - (((84 + 37) - (98 - 23)) + ((33 - 55) + (35 - 76))),7,,,...
L8H4R4,depth4,(((16 + 3) + (19 + 88)) - ((84 + 48) + (37 - 51))) + (((81 + 75) + (95 + 28)) + (58 + (70 - 29))),386,,,...
L8H4R4,depth4,(((83 + 94) - (13 + 60)) + ((77 + 35) + (35 - 30))) - (((95 + 20) + (42 + 24)) + ((42 - 2) - (4 + 68))),72,,,...
L8H4R4,depth4,(((27 - 7) - (74 + 19)) + 41) - (((8 - 61) + (84 - 97)) - ((13 + 25) - (78 + 2))),-8,,,...
L4H4R32,depth3,((57 - 44) + (40 - 28)) - ((31 + 88) + (56 - 84)),-66,,,...
L4H4R32,depth3,((80 + 36) - (87 - 78)) - ((70 - 7) - (95 + 19)),158,,,...
L4H4R32,depth3,((92 + 64) + 71) - ((48 - 50) + (62 - 54)),221,,,...
L4H4R32,depth3,21 + ((53 + 67) - (93 - 79)),127,,,...
L4H4R32,depth3,((28 - 83) + (21 + 56)) + ((49 - 74) - (78 - 20)),-61,,,...
L4H4R32,depth3,((5 + 74) + (45 - 2)) - ((76 - 29) - (89 + 24)),188,,,...
L4H4R32,depth3,((23 - 17) + (41 - 37)) - (83 + (17 + 25)),-115,,,...
L4H4R32,depth3,((27 + 22) + (58 - 93)) + 78,92,,,...
L4H4R32,depth3,62 - ((29 - 61) - (21 - 28)),87,,,...
L4H4R32,depth3,25 + ((94 - 48) - 7),64,,,...
L4H2R8,depth1,49 - 5,44,,,...
L4H2R8,depth1,40 + 69,109,,,...
L4H2R8,depth1,67 - 2,65,,,...
L4H2R8,depth1,0 - 55,-55,,,...
L4H2R8,depth1,78 + 75,153,,,...
L4H2R8,depth1,16 - 57,-41,,,...
L4H2R8,depth1,38 + 49,87,,,...
L4H2R8,depth1,23 - 34,-11,,,...
L4H2R8,depth1,48 + 23,71,,,...
L4H2R8,depth1,73 - 86,-13,,,...
L8H2R4,depth4,(95 + ((71 + 34) - (5 - 81))) - (((48 + 22) + (4 + 23)) + ((69 - 53) + (74 - 8))),97,,,...
L8H2R4,depth4,(((4 + 59) - (8 - 22)) - (81 - (59 + 33))) - 62,26,,,...
L8H2R4,depth4,(23 - ((61 - 91) + (50 + 96))) - (((89 + 83) + (93 - 83)) + ((27 - 17) - (1 - 56))),-340,,,...
L8H2R4,depth4,(((69 + 28) - (47 - 73)) + ((45 + 35) - (83 + 35))) - (((49 + 12) - 6) + (1 - (40 - 65))),4,,,...
L8H2R4,depth4,((31 + (16 + 43)) + ((96 - 79) - (81 + 12))) - (((39 + 69) - (23 - 9)) + ((25 + 0) + (58 + 21))),-184,,,...
L8H2R4,depth4,(((84 - 96) - (20 + 7)) + ((73 - 27) - (61 - 90))) + ((22 - (28 + 47)) - (4 + (86 - 43))),-64,,,...
L8H2R4,depth4,(((10 - 98) - (53 - 65)) + ((13 + 21) - (40 + 17))) + (((25 - 40) - (66 + 41)) - ((46 - 6) - (76 + 84))),-101,,,...
L8H2R4,depth4,(((21 - 30) + (22 + 54)) + ((84 + 42) + (41 - 71))) - 94,69,,,...
L8H2R4,depth4,(((61 - 55) + (20 - 53)) - 0) - (((95 - 38) + (28 + 36)) + ((51 + 57) + 88)),-344,,,...
L8H2R4,depth4,(((61 + 44) + (93 - 38)) - ((38 - 89) - (23 - 38))) + (((39 + 2) + (92 - 10)) - (66 + (81 + 91))),81,,,...
L6H4R4,depth5,((((0 - 5) + (97 + 6)) - ((90 + 78) + (4 + 85))) - (((51 + 64) - (57 + 35)) - ((79 - 65) + (77 - 1)))) - ((((79 - 70) - (93 - 85)) + ((92 - 88) + (59 + 29))) + (78 - ((64 - 59) + (34 - 24)))),-248,,,...
L6H4R4,depth5,((((49 - 95) + (67 - 35)) + ((66 - 8) + (76 - 71))) + (((67 + 16) + (95 + 46)) + ((35 - 48) + (4 + 42)))) - ((((22 + 25) - (48 - 60)) + ((83 + 98) + (12 + 99))) - (((48 - 11) + (31 - 54)) + ((92 + 54) - 55))),60,,,...
L6H4R4,depth5,((((51 - 96) + 69) + ((80 - 69) + (16 - 53))) - 2) - ((((43 - 59) + (46 - 74)) - ((6 - 76) - (79 + 97))) - 7),-199,,,...
L6H4R4,depth5,((((17 - 73) + (21 + 5)) - ((33 - 88) - (36 - 82))) - (((21 + 10) - (28 - 95)) - ((81 - 14) - (15 - 12)))) + ((((78 + 48) - (6 - 33)) + ((21 + 88) - 47)) - (((51 - 29) - 6) - (11 + (22 + 96)))),273,,,...
L6H4R4,depth5,((((80 + 80) + (56 + 81)) - ((94 - 47) - (72 + 44))) - (((64 + 64) + (95 - 94)) + ((74 - 13) - (97 + 63)))) + (41 + (((37 - 29) + (68 + 7)) - ((19 + 35) + (33 - 90)))),463,,,...
L6H4R4,depth5,(((58 - (4 + 50)) + ((29 + 97) + 7)) - (((74 + 71) + (46 + 2)) - 87)) - ((((29 - 57) - (46 - 16)) - ((54 - 86) + (59 - 47))) - (((60 - 80) + (30 - 74)) - ((80 + 21) - 6))),-90,,,...
L6H4R4,depth5,31 + ((3 + ((58 + 53) - 46)) + (((46 - 55) + (85 - 11)) - 0)),164,,,...
L6H4R4,depth5,((((24 - 50) - 45) + ((28 - 93) - (68 + 67))) + (67 + ((26 - 68) - (72 - 29)))) - ((((47 + 72) - (99 - 69)) - ((76 - 92) - (43 + 84))) - (((25 - 69) - 39) - (99 - (66 + 69)))),-568,,,...
L6H4R4,depth5,((((80 + 65) + (19 - 16)) + (35 + (44 - 29))) + (((99 + 27) - (38 - 85)) - ((87 - 3) - (72 + 21)))) + (91 - (80 + ((27 - 94) - (70 - 89)))),439,,,...
L6H4R4,depth5,((((8 - 14) + (9 - 62)) - ((72 - 74) - (66 - 52))) + (((5 + 61) - (37 - 85)) + (69 + (39 - 47)))) - ((((54 + 57) + (4 - 31)) + ((54 + 59) - (18 - 1))) + (((25 + 80) - 5) + ((65 - 57) + (2 - 36)))),-122,,,...
L4H4R4,max,((43 - ((47 + 41) + (68 - 61))) + ((92 - (22 + 31)) + (37 + (25 - 48)))) - ((50 + ((19 + 95) + (54 - 61))) - 39),-117,,,...
L4H4R4,max,22 + (24 + (((67 + 45) + (69 - 41)) - ((13 + 31) + 57))),85,,,...
L4H4R4,max,(((95 + 16) - ((8 - 13) + (86 - 30))) + 7) - (56 - (((22 - 32) + 0) + (7 + (32 + 50)))),90,,,...
L4H4R4,max,61,61,,,...
L4H4R4,max,82,82,,,...
L4H4R4,max,26,26,,,...
L4H4R4,max,7 + ((((10 - 57) + (15 - 42)) + ((36 - 34) + (8 + 86))) + (((75 - 73) + 53) - ((58 + 72) - 94))),48,,,...
L4H4R4,max,(((12 + (53 - 44)) - ((42 + 22) - (49 + 73))) + ((64 - 9) + ((67 + 76) + (57 + 88)))) + 42,464,,,...
L4H4R4,max,((((69 + 13) - (94 + 79)) - ((28 + 14) + (87 + 51))) + (12 - ((84 + 37) - 85))) + (((13 + (58 + 16)) + 6) - (((60 - 23) - (78 - 15)) - (51 + 29))),-96,,,...
L4H4R4,max,59 + (41 + ((5 + (16 + 73)) + ((99 - 62) + (2 + 74)))),307,,,...
L6H8R16,depth4,(((37 + 60) + (71 - 70)) + ((28 - 7) + 73)) + (((38 - 14) + (98 - 88)) - ((83 + 30) + (21 - 24))),116,,,...
L6H8R16,depth4,(((57 + 93) - (8 - 22)) - ((47 - 67) - (64 + 88))) - (((60 - 90) - (15 + 0)) - ((78 + 11) - (5 + 4))),461,,,...
L6H8R16,depth4,30 - (((32 + 16) - (24 + 32)) + ((54 + 39) - (12 - 11))),-54,,,...
L6H8R16,depth4,((52 + (54 - 47)) - ((58 + 59) - (78 - 48))) - 60,-88,,,...
L6H8R16,depth4,(82 + ((61 + 25) - (63 + 76))) - (((59 + 39) + (55 - 45)) + ((66 - 11) + (54 + 30))),-218,,,...
L6H8R16,depth4,59 - (((71 - 84) - (81 + 6)) - ((54 + 91) + (49 - 25))),328,,,...
L6H8R16,depth4,(((89 - 11) + (95 + 32)) - ((19 + 16) + (54 + 50))) + ((54 - (3 - 0)) - ((74 - 19) - (16 + 6))),84,,,...
L6H8R16,depth4,37 - (((19 - 0) - (89 + 82)) - ((34 - 68) + (99 + 1))),255,,,...
L6H8R16,depth4,63 - (((81 - 27) - (42 + 97)) + (22 - (16 - 98))),44,,,...
L6H8R16,depth4,(((25 - 31) + (28 + 47)) + ((54 + 49) + (47 - 81))) + (((89 - 13) - (47 + 95)) + (1 - (45 + 22))),6,,,...
L6H4R16,depth4,(((21 - 82) - (20 - 73)) + ((67 - 27) - 88)) + (((93 - 97) - (28 + 65)) - ((57 - 22) - (15 - 48))),-221,,,...
L6H4R16,depth4,(((27 + 53) - (43 + 72)) + ((32 + 41) + (60 + 70))) - (((5 - 41) + (95 + 76)) - ((49 + 66) - (36 + 32))),80,,,...
L6H4R16,depth4,(((1 + 16) - (74 + 34)) - ((72 + 88) - (27 + 49))) + (((2 - 24) + (21 - 43)) - ((22 - 88) - 69)),-84,,,...
L6H4R16,depth4,(((54 + 27) + (10 + 92)) - 70) - 21,92,,,...
L6H4R16,depth4,(37 + ((93 + 25) + (22 - 46))) - (((27 - 10) + (54 - 85)) + ((88 + 36) + 11)),10,,,...
L6H4R16,depth4,30 - (((69 - 52) - (31 - 98)) - 54),0,,,...
L6H4R16,depth4,(((35 - 86) - 45) + ((95 - 13) - (22 + 20))) - (((65 - 43) - 74) + ((46 - 66) + (47 + 50))),-81,,,...
L6H4R16,depth4,(((44 + 6) + (66 + 9)) + ((98 + 13) - (25 + 82))) + ((25 + (81 - 69)) - (28 + (63 + 86))),-11,,,...
L6H4R16,depth4,(((92 - 14) + (51 - 42)) - ((56 + 95) + (16 + 99))) - (((60 + 41) - (18 - 84)) + 27),-373,,,...
L6H4R16,depth4,(((0 + 72) + (56 + 89)) + ((15 - 8) + (82 + 25))) - 9,322,,,...
L2H16R16,depth3,38 + (40 + (73 + 95)),246,,,...
L2H16R16,depth3,((29 + 17) + 84) - ((2 + 36) + (0 - 61)),153,,,...
L2H16R16,depth3,((26 - 91) + (78 + 58)) + (88 - (36 - 37)),160,,,...
L2H16R16,depth3,((71 - 53) + (20 + 11)) + ((25 + 19) - (53 + 11)),29,,,...
L2H16R16,depth3,20 + ((43 - 98) + (12 + 79)),56,,,...
L2H16R16,depth3,((11 - 72) - (17 - 95)) - ((7 + 96) - (6 - 44)),-124,,,...
L2H16R16,depth3,((40 - 12) + (69 + 54)) - ((57 + 78) - (13 + 87)),116,,,...
L2H16R16,depth3,((35 - 43) - (81 - 22)) + ((85 + 68) - (0 + 3)),83,,,...
L2H16R16,depth3,(52 + (76 + 42)) + ((83 + 33) - (69 + 43)),174,,,...
L2H16R16,depth3,((0 + 8) - (89 + 51)) - ((39 - 88) - (63 + 19)),-1,,,...
L8H16R16,depth3,((72 - 58) + (78 + 55)) - ((60 - 6) - (0 + 89)),182,,,...
L8H16R16,depth3,((83 + 33) - (47 + 4)) + ((50 - 96) + 80),99,,,...
L8H16R16,depth3,((36 - 75) - (40 - 93)) + ((69 - 65) + 91),109,,,...
L8H16R16,depth3,(90 + (61 + 28)) + ((2 - 83) + (35 - 46)),87,,,...
L8H16R16,depth3,((50 + 76) - (76 + 18)) - ((62 + 22) + (72 - 25)),-99,,,...
L8H16R16,depth3,((51 - 5) + (66 - 97)) - ((24 + 31) + (25 - 56)),-9,,,...
L8H16R16,depth3,((64 - 10) - (98 - 47)) - ((58 - 3) + (88 + 45)),-185,,,...
L8H16R16,depth3,((81 - 92) + (46 + 40)) - 33,42,,,...
L8H16R16,depth3,((89 + 2) - 26) + ((24 - 1) + (50 - 21)),117,,,...
L8H16R16,depth3,((48 - 14) + (97 + 57)) + ((88 + 10) + (84 - 76)),294,,,...
L8H8R8,depth3,(61 + (7 - 69)) + ((23 + 3) - (59 - 31)),-3,,,...
L8H8R8,depth3,((88 - 2) + (37 - 87)) + ((13 - 95) - (1 - 60)),13,,,...
L8H8R8,depth3,((44 - 34) + (95 - 9)) + ((13 + 58) - (92 - 65)),140,,,...
L8H8R8,depth3,((7 - 57) + (90 + 72)) + ((30 - 9) - (57 - 94)),170,,,...
L8H8R8,depth3,((24 + 40) + (25 + 68)) + ((40 + 87) + (34 - 45)),273,,,...
L8H8R8,depth3,((69 + 24) + (17 + 13)) + ((40 + 83) + (78 + 39)),363,,,...
L8H8R8,depth3,((96 - 34) - (30 - 55)) + ((83 - 27) + (58 - 54)),147,,,...
L8H8R8,depth3,((79 + 22) + (90 + 54)) + ((13 + 12) - (91 - 65)),244,,,...
L8H8R8,depth3,((86 - 69) - (47 + 54)) + ((31 + 32) + (55 - 83)),-49,,,...
L8H8R8,depth3,((5 - 43) - (86 - 24)) + ((11 + 79) - (76 + 90)),-176,,,...
L2H4R32,depth5,5 - ((((83 - 83) - (25 - 78)) + ((78 + 32) - 19)) - (((70 + 44) + (87 + 89)) + ((94 + 57) - (81 - 72)))),293,,,...
L2H4R32,depth5,(92 + (((99 - 39) + (76 + 24)) + ((37 + 1) + (31 - 66)))) - ((((75 + 62) + (20 - 13)) + (85 - (83 - 0))) - (((82 - 33) + (35 + 67)) - ((34 + 91) - (63 - 53)))),145,,,...
L2H4R32,depth5,6 - ((((66 + 92) + (47 + 3)) - ((89 - 11) + (22 + 57))) - ((33 + (53 - 64)) - ((9 - 71) - (3 + 43)))),85,,,...
L2H4R32,depth5,((((9 + 27) - (8 - 55)) + ((9 - 62) - (86 - 82))) + (((7 - 17) + (4 - 43)) - (60 + (75 + 37)))) - (76 + (((35 - 41) - (60 + 4)) + (51 + (80 - 92)))),-240,,,...
L2H4R32,depth5,((((74 - 31) - (97 - 14)) - (29 + (52 + 11))) - (((5 - 52) + 90) - 84)) - ((((98 - 21) + 61) + ((80 - 45) - (55 + 23))) + (((12 - 81) + (23 - 10)) + ((29 + 69) + (99 - 37)))),-290,,,...
L2H4R32,depth5,57 - ((((65 - 77) + (39 - 4)) + ((34 + 83) - 29)) + (((61 + 14) - (85 + 41)) - ((53 + 62) + (0 - 46)))),66,,,...
L2H4R32,depth5,((((91 - 30) + (59 + 12)) + ((59 - 97) + (37 - 85))) + (((4 + 73) + (44 + 44)) - 28)) - ((19 - ((26 + 21) - (79 - 19))) + (((89 + 34) + (56 - 24)) - ((67 + 52) - (23 - 44)))),136,,,...
L2H4R32,depth5,((43 - ((36 - 96) - 6)) - (91 + ((54 + 97) - (49 + 99)))) + ((((68 - 25) + (19 + 89)) - ((12 + 39) - (64 - 56))) + (72 + ((34 - 55) - (35 - 74)))),213,,,...
L2H4R32,depth5,((((43 + 35) - (81 - 50)) - ((63 - 25) - (35 + 93))) + (2 - ((82 - 24) - (9 - 73)))) + ((((64 - 6) - (83 - 49)) + ((19 + 92) - (99 + 72))) + (((69 + 52) + (6 - 25)) + ((24 + 57) + (71 - 74)))),161,,,...
L2H4R32,depth5,62 - ((((59 - 2) - (31 - 77)) + ((74 + 82) - (57 + 49))) + (((27 + 71) + (91 - 15)) + ((27 + 2) + (35 - 11)))),-318,,,...
L8H16R16,depth4,(((99 - 52) - 23) + ((23 + 23) - (13 - 2))) - (((75 + 38) + 79) + ((48 + 47) - (11 - 37))),-254,,,...
L8H16R16,depth4,(((36 - 2) - (66 - 94)) + ((19 - 39) - (49 - 3))) + (74 - ((4 + 48) - (94 - 34))),78,,,...
L8H16R16,depth4,(((99 + 16) - (44 + 94)) - ((78 + 14) - (1 + 90))) + (((81 - 39) - (93 + 2)) - ((85 - 57) - (22 + 98))),15,,,...
L8H16R16,depth4,77 + (((71 + 16) - (69 + 80)) + ((66 - 84) + (7 + 69))),73,,,...
L8H16R16,depth4,(9 + ((89 + 86) + (39 - 51))) + (((14 + 14) - (98 - 1)) + ((54 + 42) - (0 - 57))),256,,,...
L8H16R16,depth4,(((26 + 76) - (36 + 34)) - ((6 + 30) - (93 + 72))) + 69,230,,,...
L8H16R16,depth4,48 + (((10 - 86) + (0 - 84)) + (81 - (26 - 54))),-3,,,...
L8H16R16,depth4,(((10 + 56) - (7 + 87)) - ((11 - 7) - (40 + 20))) - (((96 + 91) - (50 + 85)) - ((93 - 95) - (2 + 46))),-74,,,...
L8H16R16,depth4,(((93 + 82) - (48 + 56)) - ((40 - 90) - (42 + 26))) - (((73 + 85) + (4 + 99)) + ((63 - 29) + (89 + 68))),-263,,,...
L8H16R16,depth4,(((98 - 48) - (76 - 29)) + ((25 - 17) - (78 - 26))) + (72 + ((61 + 44) - (98 + 31))),7,,,...
L4H2R32,depth3,34 + ((46 - 60) + (6 - 52)),-26,,,...
L4H2R32,depth3,((83 - 2) + (40 - 26)) + ((6 + 32) + (10 + 65)),208,,,...
L4H2R32,depth3,((46 - 31) - (99 - 43)) - 66,-107,,,...
L4H2R32,depth3,((1 + 92) + (23 - 81)) - ((49 - 30) - (40 - 4)),52,,,...
L4H2R32,depth3,((32 - 6) + (89 - 90)) - ((93 + 10) - (7 - 70)),-141,,,...
L4H2R32,depth3,((96 - 48) + 17) - ((72 + 54) - (54 - 36)),-43,,,...
L4H2R32,depth3,((2 - 66) + 70) - ((11 - 45) - 34),74,,,...
L4H2R32,depth3,((54 + 21) + (91 + 62)) + 36,264,,,...
L4H2R32,depth3,((55 - 93) - (81 + 50)) + ((9 - 1) + (68 - 19)),-112,,,...
L4H2R32,depth3,((43 - 36) + (84 - 6)) - ((7 - 13) - (69 + 24)),184,,,...
L2H8R8,depth3,((78 + 2) + (52 - 30)) + ((61 - 60) - (50 + 32)),21,,,...
L2H8R8,depth3,((50 + 69) - (57 + 98)) - ((43 + 49) - (5 + 63)),-60,,,...
L2H8R8,depth3,((35 + 70) + (4 - 3)) - ((33 + 63) + (92 - 21)),-61,,,...
L2H8R8,depth3,((33 + 32) + (91 + 8)) - ((26 - 76) - (56 + 63)),333,,,...
L2H8R8,depth3,((14 + 26) - 75) - ((38 + 97) + (72 - 23)),-219,,,...
L2H8R8,depth3,((27 + 23) + (87 + 84)) + ((50 - 10) + (59 + 79)),399,,,...
L2H8R8,depth3,((23 - 16) + (55 + 0)) - ((21 - 14) + (74 - 5)),-14,,,...
L2H8R8,depth3,((15 + 8) + (76 + 10)) + ((43 - 83) - (27 - 84)),126,,,...
L2H8R8,depth3,((93 - 44) + (80 - 53)) + (22 + (1 + 41)),140,,,...
L2H8R8,depth3,((58 + 42) - (16 + 39)) - ((70 + 2) - (76 - 9)),40,,,...
L4H16R16,depth3,((93 + 95) - (78 - 86)) - ((70 + 37) + 15),74,,,...
L4H16R16,depth3,((67 - 34) + 52) - ((48 + 1) + (83 - 78)),31,,,...
L4H16R16,depth3,87 - ((1 + 98) + (72 - 89)),5,,,...
L4H16R16,depth3,((61 + 93) + (79 - 52)) + 86,267,,,...
L4H16R16,depth3,((14 + 7) + (80 + 23)) - (37 + (90 - 81)),78,,,...
L4H16R16,depth3,((79 + 53) + 76) + (54 + (2 - 52)),212,,,...
L4H16R16,depth3,(61 - (42 - 99)) - ((31 - 41) + (65 + 51)),12,,,...
L4H16R16,depth3,(43 - (54 - 21)) + ((28 + 1) + (95 + 58)),192,,,...
L4H16R16,depth3,(62 + (94 - 77)) - ((88 - 93) + 91),-7,,,...
L4H16R16,depth3,((4 - 0) + (14 - 10)) - ((31 - 93) + (72 + 48)),-50,,,...
L6H16R32,depth4,(((37 - 76) + 25) + ((68 + 40) - (39 + 1))) - 51,3,,,...
L6H16R32,depth4,((84 - (9 + 90)) + ((97 - 83) - (81 + 64))) - (((29 - 39) + (83 - 66)) + ((66 + 91) - 33)),-277,,,...
L6H16R32,depth4,(((3 + 34) - (86 + 79)) - ((82 - 66) - (2 + 72))) + (84 + ((82 - 69) - (18 + 14))),-5,,,...
L6H16R32,depth4,43 + (((64 + 54) + (72 - 86)) + ((49 - 54) - (76 - 38))),104,,,...
L6H16R32,depth4,(24 + ((52 + 17) + (17 + 69))) + (93 + ((9 + 0) + (57 - 82))),256,,,...
L6H16R32,depth4,4 + (((55 - 7) - (71 - 56)) - ((44 + 22) - (84 - 88))),-33,,,...
L6H16R32,depth4,(((15 + 37) + (49 + 43)) - ((50 - 60) + (46 - 40))) - (((9 - 65) + (63 + 5)) + ((85 + 58) - 77)),70,,,...
L6H16R32,depth4,(((51 + 24) + (93 + 22)) + ((20 - 77) + (47 + 36))) - (((44 - 77) + (82 + 32)) + ((10 - 82) - (96 - 74))),229,,,...
L6H16R32,depth4,(((10 + 25) - (92 - 32)) - ((54 + 91) + (39 + 30))) - (((84 - 45) + (5 + 96)) + 40),-419,,,...
L6H16R32,depth4,(((53 + 98) + (64 + 23)) - ((98 - 26) + (47 + 5))) - (45 - ((6 + 43) + (94 - 67))),145,,,...
L6H4R16,depth1,67 - 3,64,,,...
L6H4R16,depth1,91 + 93,184,,,...
L6H4R16,depth1,66 - 60,6,,,...
L6H4R16,depth1,77 + 40,117,,,...
L6H4R16,depth1,93 - 58,35,,,...
L6H4R16,depth1,99 - 91,8,,,...
L6H4R16,depth1,52 - 49,3,,,...
L6H4R16,depth1,23 + 32,55,,,...
L6H4R16,depth1,51 + 23,74,,,...
L6H4R16,depth1,0 - 49,-49,,,...
L2H8R16,depth3,((53 - 79) - 40) + ((23 - 32) - (33 - 98)),-10,,,...
L2H8R16,depth3,((97 - 8) - (1 - 30)) - 6,112,,,...
L2H8R16,depth3,((73 + 71) + (20 + 52)) + (54 - (47 - 79)),302,,,...
L2H8R16,depth3,92 + ((72 - 83) + (26 - 26)),81,,,...
L2H8R16,depth3,((37 - 23) - (90 + 21)) - ((73 - 86) + 87),-171,,,...
L2H8R16,depth3,((41 - 17) - (14 - 7)) - ((5 - 67) + (25 + 4)),50,,,...
L2H8R16,depth3,((20 + 0) + (76 + 99)) + ((55 + 1) + (52 - 33)),270,,,...
L2H8R16,depth3,((51 + 82) - (67 - 70)) + (59 + (55 + 71)),321,,,...
L2H8R16,depth3,((67 + 73) + 91) - 90,141,,,...
L2H8R16,depth3,(55 - (44 - 52)) - ((8 + 15) + (72 - 29)),-3,,,...
L8H16R4,max,((((7 + 91) + (71 - 57)) + (94 + (82 + 13))) - 91) + ((((30 - 8) + 33) - ((87 - 90) - (9 - 52))) - 55),170,,,...
L8H16R4,max,84,84,,,...
L8H16R4,max,((((69 - 54) - 20) - ((56 + 5) + (91 - 44))) + 88) + ((24 + 58) + 99),156,,,...
L8H16R4,max,((((13 + 11) + 93) - ((39 - 71) + (21 + 94))) + (((1 + 3) - (68 + 89)) + ((63 - 51) + (50 + 77)))) - (((19 - (40 + 69)) - ((70 - 21) - (24 + 16))) - 36),155,,,...
L8H16R4,max,62 + 41,103,,,...
L8H16R4,max,41,41,,,...
L8H16R4,max,(((49 - 71) + ((57 + 0) + 16)) + (((52 + 57) - (62 - 28)) + (11 - (88 + 91)))) + ((((24 + 0) + (33 - 52)) + 62) - ((32 + (78 + 91)) - (85 + (15 + 56)))),-20,,,...
L8H16R4,max,65 + ((75 + ((94 - 56) + 24)) - (4 - 27)),225,,,...
L8H16R4,max,52 - 81,-29,,,...
L8H16R4,max,((88 + (96 - (47 + 54))) + (((3 + 97) + 17) - 60)) + 58,198,,,...
L8H16R32,max,37 + 74,111,,,...
L8H16R32,max,43 - ((((51 - 97) - (81 + 31)) + 8) + (((91 + 17) - 7) - ((69 - 89) - (7 + 53)))),12,,,...
L8H16R32,max,74,74,,,...
L8H16R32,max,49,49,,,...
L8H16R32,max,37,37,,,...
L8H16R32,max,(41 + (((50 - 82) + 9) - ((42 - 47) - (11 - 91)))) - ((((60 + 46) + 74) + ((61 - 13) - 45)) - ((18 + (17 - 25)) + ((65 - 37) + (25 + 1)))),-176,,,...
L8H16R32,max,(72 + 70) + (93 + (73 - ((97 - 43) - (20 - 87)))),187,,,...
L8H16R32,max,28,28,,,...
L8H16R32,max,63 - (((13 + (12 + 34)) + ((28 + 82) - (94 - 58))) - (5 + ((59 - 63) - (46 - 38)))),-77,,,...
L8H16R32,max,((((15 - 30) + (47 - 1)) - (62 - (88 - 71))) + (((40 + 7) + (99 + 94)) - 17)) + ((42 + (37 - (10 + 6))) + 35),307,,,...
L6H16R8,depth2,(30 + 22) + (24 - 63),13,,,...
L6H16R8,depth2,(52 - 22) + 76,106,,,...
L6H16R8,depth2,20 - (7 - 69),82,,,...
L6H16R8,depth2,(18 + 96) - (64 + 19),31,,,...
L6H16R8,depth2,(0 - 97) + (44 - 66),-119,,,...
L6H16R8,depth2,(56 + 91) - (86 + 58),3,,,...
L6H16R8,depth2,(21 + 85) - (24 - 4),86,,,...
L6H16R8,depth2,(28 - 95) + (79 + 14),26,,,...
L6H16R8,depth2,(76 - 36) + (4 + 48),92,,,...
L6H16R8,depth2,(75 + 19) + (43 - 27),110,,,...
L2H2R8,max,((54 + ((93 - 9) - (43 - 24))) + (25 - ((19 + 41) - (39 + 22)))) + 61,206,,,...
L2H2R8,max,68,68,,,...
L2H2R8,max,(((20 - (89 - 31)) + ((30 - 40) - (92 - 13))) - (58 + ((95 - 33) + (74 + 62)))) + (76 - 56),-363,,,...
L2H2R8,max,((19 - ((82 - 51) + (57 - 1))) - ((61 - 52) + ((60 - 32) + (7 - 49)))) + ((((13 - 19) + (88 + 75)) + 47) + ((77 + 22) + (71 - (34 - 57)))),334,,,...
L2H2R8,max,(72 - 53) + (34 + 42),95,,,...
L2H2R8,max,33,33,,,...
L2H2R8,max,((((31 - 3) + (11 + 46)) - ((37 - 24) - (85 + 46))) - 73) - (70 + (17 + ((73 + 97) - (14 + 87)))),-26,,,...
L2H2R8,max,(((67 - (56 - 89)) - ((14 - 60) + (47 + 99))) - (((96 + 42) + (73 - 26)) - 41)) - 72,-216,,,...
L2H2R8,max,11,11,,,...
L2H2R8,max,((((88 + 35) - 59) + 1) + (44 - 55)) + (((43 - (53 + 84)) - (43 - 61)) + ((7 + (45 - 45)) + 15)),0,,,...
L6H4R4,max,(((82 + (93 - 6)) - ((67 - 78) - (24 + 4))) - (96 - (85 - (19 - 40)))) + ((((59 + 54) + (70 + 99)) - ((44 + 26) - 25)) + (43 + 74)),572,,,...
L6H4R4,max,((17 + ((9 - 82) - 71)) - (((42 - 27) - 51) + ((44 + 74) - 24))) - 40,-225,,,...
L6H4R4,max,((33 - 70) + 96) - ((((31 + 48) - (71 + 71)) + ((41 - 46) + (56 - 4))) - 76),151,,,...
L6H4R4,max,((29 + ((30 + 58) - (34 - 22))) - (85 - 43)) + (26 - (63 - (24 - (92 - 95)))),53,,,...
L6H4R4,max,7,7,,,...
L6H4R4,max,76 - (90 - 46),32,,,...
L6H4R4,max,((20 + 33) + (((6 - 68) + 66) + ((33 - 46) - (34 - 63)))) + (71 + 4),148,,,...
L6H4R4,max,8,8,,,...
L6H4R4,max,((80 + ((58 - 44) + 47)) - 7) + 84,218,,,...
L6H4R4,max,(86 + 61) + ((((96 + 71) - (38 - 50)) - 33) - (((51 + 79) - 39) - ((2 + 82) + (46 + 51)))),383,,,...
L6H8R16,depth5,67 - ((((99 - 84) - (87 + 11)) + ((28 + 17) - (61 + 61))) + (((55 - 30) + (86 - 41)) - ((98 - 37) + 19))),237,,,...
L6H8R16,depth5,((((5 + 30) - (40 - 44)) - ((53 + 10) + (47 - 2))) + (((93 - 70) + (72 - 21)) + ((86 - 23) + (79 + 80)))) - ((((8 + 23) - (96 - 15)) - ((81 - 25) - (47 + 64))) + (((25 - 58) + (30 + 79)) - ((0 - 54) - (2 + 19)))),71,,,...
L6H8R16,depth5,((((76 + 73) - (54 + 98)) + (55 + (48 - 96))) - 20) - ((((9 - 74) + (90 - 59)) + ((77 - 63) - (30 + 72))) + (((17 - 90) + (86 - 94)) - 1)),188,,,...
L6H8R16,depth5,((((65 - 77) - (0 + 17)) + ((73 - 93) + (81 + 88))) - (((41 - 28) - (34 - 57)) - ((63 - 71) + 14))) - (((61 - (53 - 9)) + ((81 - 77) - (53 - 20))) - (((6 - 45) - 15) - ((23 - 2) - (16 + 98)))),141,,,...
L6H8R16,depth5,((((25 - 49) - (94 + 35)) - ((62 - 57) - (57 + 80))) - (((42 + 67) - (77 - 86)) + ((88 + 22) - (11 + 24)))) - ((((3 + 90) + (70 - 83)) - ((84 + 59) + (79 - 24))) + (96 + (20 + (54 - 60)))),-206,,,...
L6H8R16,depth5,((0 - ((41 - 19) + (21 + 32))) - (((61 - 24) + (11 + 39)) + ((84 - 97) + (30 + 21)))) - ((((15 + 3) - (21 + 19)) + ((11 + 32) + (32 + 42))) + (((27 + 28) + 46) - ((26 + 88) + (95 + 92)))),-95,,,...
L6H8R16,depth5,((((34 - 33) + (24 - 79)) - ((95 - 47) + (76 - 53))) + (((58 + 94) + (70 + 3)) + 34)) + (51 + (((76 - 44) + (31 - 42)) + 59)),265,,,...
L6H8R16,depth5,((((82 - 72) + (36 - 68)) + ((89 + 15) + (36 + 36))) - 27) + ((((64 + 76) + (86 - 43)) + ((96 - 44) - (91 + 70))) - (((32 - 68) + (31 + 58)) - ((2 + 6) + (27 - 94)))),89,,,...
L6H8R16,depth5,((76 - ((82 - 16) - (49 + 91))) - (((94 + 72) - (78 + 76)) - ((6 + 23) + (87 - 36)))) - ((((3 - 20) + (59 + 28)) + ((28 - 66) + (35 + 26))) + 40),85,,,...
L6H8R16,depth5,((((85 + 90) + (19 - 35)) + ((37 - 14) + (70 - 53))) - (((53 - 20) - (32 + 62)) + ((5 - 36) - (68 + 37)))) - ((36 - (62 - (44 + 44))) - (57 + ((60 + 85) + (13 - 34)))),515,,,...
L2H4R4,depth5,((33 - ((49 + 67) + (59 + 51))) - (((33 + 50) + (80 + 1)) + ((70 + 70) + 29))) - ((((14 + 30) - (52 - 55)) - ((46 + 99) + (81 - 43))) - (((76 + 9) + 65) + ((12 - 59) - (18 + 54)))),-359,,,...
L2H4R4,depth5,((((4 + 86) + (78 - 73)) - 44) + (((75 + 36) + (82 + 69)) + ((34 + 95) - (80 - 18)))) - (4 + (((49 - 45) - (7 - 83)) - ((15 + 30) + (57 + 97)))),495,,,...
L2H4R4,depth5,((10 - ((29 + 18) - (62 - 96))) + (((80 - 90) + (52 + 79)) - ((26 + 87) + (85 + 46)))) + (44 - (((16 + 63) + (23 - 64)) + ((66 - 93) - (73 - 94)))),-182,,,...
L2H4R4,depth5,((((54 + 57) + (36 + 26)) + ((11 + 40) - (67 + 56))) + (70 - ((55 + 26) + (84 + 15)))) + ((((10 - 39) + (5 + 9)) + (29 + (18 + 60))) + (((12 - 91) + (48 + 76)) - ((36 - 14) - (47 + 76)))),229,,,...
L2H4R4,depth5,((((70 + 9) - (60 - 54)) + ((79 + 70) - (19 + 68))) - (((55 - 50) - (91 - 9)) + ((37 + 52) - 64))) - (((3 + (74 + 45)) + ((14 - 43) + (13 + 97))) + (68 - ((23 - 11) + (41 - 8)))),-39,,,...
L2H4R4,depth5,((((11 - 82) + (85 + 37)) - ((91 - 38) + (99 - 8))) - (((13 + 5) - (83 + 13)) - 63)) + ((86 - ((47 + 70) - (76 - 61))) + (17 + ((79 + 48) - (16 - 69)))),229,,,...
L2H4R4,depth5,(84 - (((84 - 1) - (92 - 20)) + ((46 + 77) + (18 - 66)))) + (((63 - (19 + 20)) - ((90 - 90) + (86 - 44))) + (((57 + 26) - (13 - 20)) + ((52 + 8) - (4 - 13)))),139,,,...
L2H4R4,depth5,((21 + (37 + (75 - 40))) + (((10 + 69) + 16) - 87)) - ((((25 - 71) - (37 + 37)) - ((62 - 97) + (1 + 16))) - (((79 - 89) + (3 + 7)) + ((12 - 46) + (41 - 38)))),172,,,...
L2H4R4,depth5,(((54 + (27 - 9)) - ((46 + 27) - (84 + 76))) - (((15 - 1) + (84 + 6)) - ((30 + 47) + (35 - 11)))) - ((((44 + 27) + (24 + 1)) + 57) - (((51 + 95) - (65 - 63)) - ((34 + 57) + (29 - 78)))),105,,,...
L2H4R4,depth5,(57 + (((3 - 57) - (46 + 10)) + ((31 + 1) + (95 - 76)))) + 36,34,,,...
L8H8R4,max,74,74,,,...
L8H8R4,max,6,6,,,...
L8H8R4,max,45 + ((((37 + 32) - (79 + 51)) - (30 + (30 + 12))) - (((32 - 63) - (21 - 94)) + ((61 - 51) + (4 - 13)))),-131,,,...
L8H8R4,max,30 + ((91 - ((73 + 36) - (65 - 48))) - (((67 - 37) + 20) + 29)),-50,,,...
L8H8R4,max,7,7,,,...
L8H8R4,max,89,89,,,...
L8H8R4,max,((((96 + 48) - 13) + 79) + (84 - 37)) - ((20 + ((75 - 80) + (39 - 37))) - 77),317,,,...
L8H8R4,max,76 + 16,92,,,...
L8H8R4,max,((((71 + 27) + (11 + 13)) - ((77 - 38) - 79)) + (((21 - 16) + (35 - 17)) + ((59 + 58) + 77))) - ((((45 + 32) - 74) + ((4 - 28) - (77 - 65))) + (((19 - 20) + (89 + 78)) + (33 + (76 - 53)))),190,,,...
L8H8R4,max,79,79,,,...
L4H4R16,depth2,(58 + 3) + (92 - 35),118,,,...
L4H4R16,depth2,6 + (36 - 35),7,,,...
L4H4R16,depth2,(68 + 88) - 71,85,,,...
L4H4R16,depth2,(57 + 87) - (13 - 2),133,,,...
L4H4R16,depth2,(90 - 37) + 19,72,,,...
L4H4R16,depth2,(42 - 69) - (56 - 22),-61,,,...
L4H4R16,depth2,(4 - 39) + (58 + 33),56,,,...
L4H4R16,depth2,14 - (93 + 13),-92,,,...
L4H4R16,depth2,(20 + 97) + (63 + 62),242,,,...
L4H4R16,depth2,(73 + 89) + (38 + 33),233,,,...
L2H8R16,depth2,(11 + 95) - 15,91,,,...
L2H8R16,depth2,(74 + 89) - (20 - 89),232,,,...
L2H8R16,depth2,(4 + 18) + 52,74,,,...
L2H8R16,depth2,(63 + 86) + (85 - 54),180,,,...
L2H8R16,depth2,55 + (88 - 94),49,,,...
L2H8R16,depth2,83 - (34 - 75),124,,,...
L2H8R16,depth2,(41 - 40) - (13 + 89),-101,,,...
L2H8R16,depth2,(85 + 63) - (3 + 31),114,,,...
L2H8R16,depth2,(47 - 22) + (3 - 10),18,,,...
L2H8R16,depth2,(80 - 85) - 61,-66,,,...
L2H4R8,depth4,48 + (54 + ((10 + 74) - 4)),182,,,...
L2H4R8,depth4,(((24 + 66) + (72 - 48)) - ((29 + 54) + (13 + 87))) - (((25 - 14) + (43 - 54)) + 82),-151,,,...
L2H4R8,depth4,(((10 - 82) + (34 - 87)) - ((92 - 83) - (29 - 40))) + (((29 + 48) + 30) + ((78 + 45) - (72 - 68))),81,,,...
L2H4R8,depth4,(((75 - 69) - (38 + 8)) - ((64 + 79) + (0 - 52))) - (((85 + 48) - 7) - ((84 + 3) + (78 - 18))),-110,,,...
L2H4R8,depth4,(((85 - 55) - (36 + 21)) - ((33 + 68) - 71)) - 70,-127,,,...
L2H4R8,depth4,(((38 + 92) - (63 - 89)) - ((9 - 44) + (57 - 31))) + (((66 - 80) + 92) - ((23 - 59) - 69)),348,,,...
L2H4R8,depth4,(((66 - 47) + (92 - 70)) - ((72 - 79) - (89 + 95))) - (((43 - 29) + (37 + 1)) + ((84 + 90) - (15 + 5))),26,,,...
L2H4R8,depth4,62 - (((88 + 88) - (24 - 99)) - ((81 - 19) - (99 - 18))),-208,,,...
L2H4R8,depth4,(((28 + 80) + 81) - ((8 + 17) - (70 - 95))) + (31 - ((80 + 53) - 99)),136,,,...
L2H4R8,depth4,(((65 - 21) + (9 + 11)) - (14 + (68 + 9))) - (((40 - 48) - (98 + 71)) + ((85 - 63) + (67 + 48))),13,,,...
L8H2R4,depth2,(44 - 18) + (43 - 39),30,,,...
L8H2R4,depth2,(50 - 45) + (1 - 63),-57,,,...
L8H2R4,depth2,(58 + 88) + (61 - 68),139,,,...
L8H2R4,depth2,(70 - 19) + (61 - 65),47,,,...
L8H2R4,depth2,(10 - 90) - 89,-169,,,...
L8H2R4,depth2,61 + (1 + 61),123,,,...
L8H2R4,depth2,(13 + 54) - (38 - 32),61,,,...
L8H2R4,depth2,(27 + 37) - (6 - 29),87,,,...
L8H2R4,depth2,25 + (57 + 78),160,,,...
L8H2R4,depth2,(44 - 45) - (31 - 46),14,,,...
L2H2R32,max,(57 + (((23 + 55) + (78 + 4)) + ((0 - 63) + (80 + 27)))) + ((((47 + 69) + 62) + (99 - (0 - 61))) + (((10 + 93) - (71 - 59)) - ((83 - 79) + 15))),671,,,...
L2H2R32,max,85,85,,,...
L2H2R32,max,(((28 - (89 - 5)) + 93) + (((14 + 65) - (65 + 62)) - (24 - (80 - 44)))) + ((((37 + 92) + (28 + 0)) + ((83 - 55) - 29)) - (((74 + 8) + (97 + 52)) + 9)),-83,,,...
L2H2R32,max,((((16 - 26) + (41 - 4)) - 83) + (((89 + 37) - 45) - 20)) - (41 - 49),13,,,...
L2H2R32,max,(((71 - (63 - 86)) + (3 - 38)) + 32) - ((0 + 54) - 8),45,,,...
L2H2R32,max,61 + ((((46 + 56) + 62) - (61 + (97 + 30))) - ((30 + (75 + 77)) + ((64 - 29) - (87 + 85)))),-8,,,...
L2H2R32,max,92,92,,,...
L2H2R32,max,(77 + 19) + ((78 + 96) + (94 + 29)),393,,,...
L2H2R32,max,45,45,,,...
L2H2R32,max,2 - ((((87 + 20) + (94 - 52)) - (61 - (56 + 62))) - 49),-155,,,...
L6H8R4,depth3,((65 + 54) - (37 + 63)) - ((37 + 23) - (21 + 33)),13,,,...
L6H8R4,depth3,((72 - 69) - 41) - (73 + (21 + 16)),-148,,,...
L6H8R4,depth3,((9 - 7) + (23 - 98)) - (66 - (64 - 44)),-119,,,...
L6H8R4,depth3,((60 - 65) - 44) - ((53 + 34) + (66 + 46)),-248,,,...
L6H8R4,depth3,((21 + 24) - (10 - 26)) - 63,-2,,,...
L6H8R4,depth3,((57 + 40) + (2 - 51)) - ((96 - 77) + (16 + 34)),-21,,,...
L6H8R4,depth3,((58 + 79) + (88 + 46)) - ((87 + 82) - (99 - 88)),113,,,...
L6H8R4,depth3,57 - ((45 + 51) + (74 - 3)),-110,,,...
L6H8R4,depth3,(11 + (52 - 14)) + ((76 - 65) - (23 + 86)),-49,,,...
L6H8R4,depth3,((81 + 43) + (88 - 44)) + 70,238,,,...
L8H8R32,depth5,50 + (((76 + (36 - 86)) - ((67 + 18) + 24)) - (((32 + 7) + (79 - 96)) + ((51 - 7) + (81 - 26)))),-154,,,...
L8H8R32,depth5,((((40 + 53) + (82 - 8)) + ((23 - 34) + (56 - 38))) + (((26 - 68) + (91 - 53)) + ((93 + 7) - 53))) - (((67 + (14 - 87)) - (83 - (78 - 86))) + (((17 + 29) - (54 - 65)) + ((36 + 35) + (70 + 92)))),24,,,...
L8H8R32,depth5,((((81 + 1) - (20 - 57)) - ((65 + 22) + (22 - 71))) + (((93 + 57) + (35 + 10)) - ((20 - 71) + 76))) + ((((41 - 7) - 65) - ((36 - 81) + (7 + 62))) - (((39 + 51) + (13 + 21)) - ((68 + 13) + (58 + 83)))),294,,,...
L8H8R32,depth5,((((89 - 1) - (67 + 65)) + 1) - ((66 + (83 - 10)) - ((96 - 80) - (83 + 52)))) + ((((43 + 50) + (19 + 78)) - ((86 - 69) - 25)) + (((31 + 62) - (31 - 65)) + ((60 - 37) - (22 + 48)))),-23,,,...
L8H8R32,depth5,(((79 - (38 - 68)) - (5 + (16 - 72))) - (((81 - 90) + (85 + 34)) + 82)) - ((((28 - 24) + (14 + 41)) - ((43 + 52) + (70 - 65))) - (((40 + 32) - (66 - 72)) + ((80 + 12) - (49 + 7)))),123,,,...
L8H8R32,depth5,(((74 - (56 - 24)) - ((69 - 40) + 92)) - (((53 - 61) - (49 + 9)) - ((4 - 0) + (79 + 82)))) - ((((22 + 5) + (3 - 90)) + ((42 + 33) - (76 + 62))) + (((53 + 94) + (18 - 54)) - ((51 - 17) + 91))),289,,,...
L8H8R32,depth5,((((60 + 25) - 10) - (71 - (21 - 14))) + (((92 - 11) - (4 + 86)) - ((23 - 0) + 4))) + 19,-6,,,...
L8H8R32,depth5,((10 - (90 - (49 + 29))) - ((9 - (91 - 38)) - (39 + (92 + 88)))) - (((72 + (72 - 35)) + 63) + (((94 + 10) - (23 + 79)) + ((72 - 45) + (9 - 73)))),124,,,...
L8H8R32,depth5,(13 - (((66 + 85) - (37 - 38)) - ((85 + 40) - (24 - 47)))) + ((((93 - 6) - (78 + 71)) + 18) - (4 - ((26 - 83) + (77 + 21)))),2,,,...
L8H8R32,depth5,94 + ((((14 + 45) - (38 + 85)) + ((23 + 43) - (70 + 18))) - (((68 + 20) - (94 + 86)) - ((29 + 82) + (23 + 20)))),254,,,...
L4H2R8,depth3,((41 + 26) + (21 + 12)) + ((7 + 0) + (27 + 53)),187,,,...
L4H2R8,depth3,((8 - 87) + 44) - ((20 + 78) + (76 - 10)),-199,,,...
L4H2R8,depth3,7 - (40 - (96 + 59)),122,,,...
L4H2R8,depth3,((74 - 50) - (28 - 1)) - ((75 + 63) - (29 + 33)),-79,,,...
L4H2R8,depth3,((1 + 48) - (23 + 90)) - ((17 + 49) + (98 - 69)),-159,,,...
L4H2R8,depth3,((83 + 98) - (80 - 36)) + ((84 - 11) + (96 - 87)),219,,,...
L4H2R8,depth3,41 - ((41 + 2) + 39),-41,,,...
L4H2R8,depth3,((12 + 14) - (4 - 8)) + ((66 - 64) + (22 - 33)),21,,,...
L4H2R8,depth3,((19 + 87) + (11 - 83)) - ((82 - 77) - (17 + 16)),62,,,...
L4H2R8,depth3,((3 - 47) + (98 - 96)) - ((36 - 10) + (42 - 54)),-56,,,...
L4H2R32,max,24 + ((((30 - 77) + (2 + 42)) + ((27 - 42) - 79)) - (((39 + 8) + (46 - 17)) - 90)),-59,,,...
L4H2R32,max,(98 + 71) - ((((70 - 0) - (56 - 99)) + ((29 + 2) + (76 - 67))) + (52 + ((28 - 85) + (92 - 37)))),-34,,,...
L4H2R32,max,49,49,,,...
L4H2R32,max,53,53,,,...
L4H2R32,max,59,59,,,...
L4H2R32,max,58 + 5,63,,,...
L4H2R32,max,66 + ((((96 - 11) - (31 + 34)) + ((31 - 34) + (95 + 44))) + (((97 + 56) + (64 - 81)) + ((4 + 2) + (73 + 83)))),520,,,...
L4H2R32,max,26,26,,,...
L4H2R32,max,2 - (14 - (64 - ((21 - 76) - (88 + 17)))),212,,,...
L4H2R32,max,((((44 - 91) - (86 - 2)) - (46 - 96)) + (((27 + 80) + (98 + 24)) + ((74 + 28) + (76 + 93)))) + (86 + (((23 - 53) - (74 - 38)) + ((70 + 31) - (62 + 11)))),467,,,...
L2H16R32,depth3,((73 + 54) - (17 + 20)) - ((73 - 77) - (74 - 71)),97,,,...
L2H16R32,depth3,((43 + 39) - (85 + 94)) - 43,-140,,,...
L2H16R32,depth3,((38 - 41) + (89 - 85)) + ((56 + 34) - (46 - 71)),116,,,...
L2H16R32,depth3,((11 - 31) + (87 - 93)) - ((67 - 52) - 76),35,,,...
L2H16R32,depth3,((50 - 98) - (62 + 81)) - ((51 - 10) + (63 + 46)),-341,,,...
L2H16R32,depth3,((28 + 19) + (52 + 43)) + 22,164,,,...
L2H16R32,depth3,(45 + (3 - 36)) - ((4 - 4) - (36 - 12)),36,,,...
L2H16R32,depth3,((56 - 1) - (44 - 87)) + (62 + (3 + 28)),191,,,...
L2H16R32,depth3,((55 + 70) - (70 + 66)) + ((85 - 44) + (51 + 61)),142,,,...
L2H16R32,depth3,((13 - 14) + (6 + 36)) - ((87 + 24) - (66 + 16)),12,,,...
L6H16R4,depth4,(((20 - 37) + (39 - 85)) - ((11 - 84) - 82)) + (((23 - 9) - (53 - 55)) + ((81 - 80) + (92 + 91))),292,,,...
L6H16R4,depth4,(((77 + 63) - (22 - 65)) - ((52 + 59) - (85 - 50))) + (((66 + 54) - 19) - ((12 - 15) - (4 + 44))),259,,,...
L6H16R4,depth4,(((73 - 56) - (32 + 77)) - ((76 + 99) + (63 - 75))) - (((38 - 40) + (95 + 52)) + ((60 - 44) + (3 + 88))),-507,,,...
L6H16R4,depth4,(((12 - 84) + (35 + 88)) + ((83 - 20) - (71 + 50))) + 72,65,,,...
L6H16R4,depth4,(((72 + 16) + (8 + 63)) - 14) - (92 - ((15 - 14) - (91 - 2))),-35,,,...
L6H16R4,depth4,(((32 + 81) - (14 + 54)) - ((34 - 70) - 97)) + 55,233,,,...
L6H16R4,depth4,(((57 + 44) - (7 - 23)) + 70) + (((61 + 67) + (79 + 44)) - (81 - (42 + 81))),480,,,...
L6H16R4,depth4,35 - (((40 - 52) + (12 + 19)) - ((20 - 33) + (54 - 89))),-32,,,...
L6H16R4,depth4,6 + (((62 - 99) + (8 - 67)) + ((5 + 74) + (25 + 70))),84,,,...
L6H16R4,depth4,(7 + ((39 + 64) - (0 - 46))) + 86,242,,,...
L2H8R32,depth1,72 - 83,-11,,,...
L2H8R32,depth1,2 + 76,78,,,...
L2H8R32,depth1,57 + 32,89,,,...
L2H8R32,depth1,60 + 44,104,,,...
L2H8R32,depth1,26 + 3,29,,,...
L2H8R32,depth1,70 - 68,2,,,...
L2H8R32,depth1,10 + 7,17,,,...
L2H8R32,depth1,42 + 26,68,,,...
L2H8R32,depth1,69 - 39,30,,,...
L2H8R32,depth1,28 - 1,27,,,...
L4H2R8,depth5,((((97 - 48) + 76) + ((39 + 70) + (47 + 12))) - (((25 + 60) + (90 - 0)) - ((14 - 45) - (74 - 44)))) + ((((91 - 1) + (64 + 1)) - ((27 - 36) + (93 - 12))) + (((76 + 75) - (46 + 40)) + ((59 - 36) - (16 + 59)))),153,,,...
L4H2R8,depth5,((((7 - 19) + (9 + 24)) - ((85 + 99) - (74 - 77))) - (((51 + 20) - 55) - ((67 + 31) - (94 + 86)))) + ((((82 + 88) + (51 + 22)) + ((97 - 42) + 17)) + (((69 - 44) - (8 + 79)) - ((92 + 98) - (20 + 26)))),-155,,,...
L4H2R8,depth5,28 + ((((69 + 2) + (86 + 77)) + ((11 - 76) - (22 - 71))) - (((96 + 52) - (3 - 10)) - ((30 + 34) + (71 - 93)))),133,,,...
L4H2R8,depth5,((((99 - 38) - 89) + ((22 + 88) + (23 + 15))) - (((92 + 77) + (73 - 68)) - ((99 - 12) - (48 - 92)))) + ((((50 + 28) + 73) + ((25 + 46) - (35 + 31))) + (((42 + 1) - (89 + 6)) - ((57 + 30) - (97 - 42)))),149,,,...
L4H2R8,depth5,((((34 - 4) + 15) - ((98 + 18) + (17 + 18))) + (((79 - 75) - (76 + 50)) - (15 - (97 + 33)))) - ((((57 + 96) + (30 + 69)) + ((6 + 97) + (48 + 29))) + (((72 + 40) - (22 + 28)) - ((63 + 60) + (99 - 18)))),-403,,,...
L4H2R8,depth5,((((34 + 48) - (68 - 72)) - (70 - (61 + 72))) - ((71 + (58 - 54)) - ((33 + 71) + (39 + 1)))) - (10 - (((65 - 78) - (6 + 44)) + ((55 - 49) - (58 - 31)))),124,,,...
L4H2R8,depth5,(81 - (((81 + 71) - (17 + 58)) - ((96 - 22) - (57 - 8)))) + ((((96 - 89) + (9 - 46)) + ((27 - 25) + (12 + 12))) + (((43 + 20) + (12 + 98)) + ((72 + 58) - (82 - 28)))),274,,,...
L4H2R8,depth5,(((39 + (73 + 98)) + ((99 + 64) - 49)) - (((18 - 31) + (61 + 83)) - ((7 + 88) + (3 - 1)))) - 89,201,,,...
L4H2R8,depth5,((((4 + 92) + (95 + 50)) + ((62 + 85) - (38 - 1))) + (((0 + 47) + (69 + 14)) - ((28 - 89) + (99 - 38)))) - 38,443,,,...
L4H2R8,depth5,((((70 - 61) + 10) + ((58 - 57) - (25 - 16))) - 11) - ((((26 + 4) - (53 + 57)) + ((49 - 92) + (59 + 35))) - (((55 + 21) + (61 + 29)) + ((69 - 51) + 66))),279,,,...
L2H16R4,depth4,(((98 + 46) - 38) - ((48 + 62) + (67 - 77))) + (((71 - 52) + 84) - ((2 - 47) - (17 - 14))),157,,,...
L2H16R4,depth4,(((49 - 92) + 72) - ((97 + 72) + (45 + 80))) - (((21 - 47) - (9 - 13)) + ((51 + 71) - (96 - 50))),-319,,,...
L2H16R4,depth4,(((21 - 62) + (25 - 20)) - (81 - (8 + 21))) - (14 + ((37 + 40) - (15 + 60))),-104,,,...
L2H16R4,depth4,(((11 + 19) - (3 - 6)) + ((90 - 23) + (17 + 57))) - (((89 + 77) + (78 - 75)) + (62 - (97 - 75))),-35,,,...
L2H16R4,depth4,((76 + (61 + 38)) - ((80 + 49) + (92 - 73))) + 70,97,,,...
L2H16R4,depth4,(((21 + 73) - (58 - 67)) - ((2 + 92) + (94 + 55))) - (23 - ((2 + 1) - (62 - 13))),-209,,,...
L2H16R4,depth4,(((20 + 16) - (18 + 36)) + ((74 + 87) - (7 + 92))) - (((77 - 79) + (23 - 66)) + ((99 - 17) + (47 + 0))),-40,,,...
L2H16R4,depth4,(((48 + 4) - (88 + 69)) + (59 + (93 - 42))) + (((20 + 81) + (72 - 14)) + ((80 + 5) - (30 - 51))),270,,,...
L2H16R4,depth4,(40 + ((31 - 47) + (77 + 7))) - (((81 + 73) - 13) - ((22 + 14) - (21 - 37))),19,,,...
L2H16R4,depth4,(((9 - 82) - (75 - 38)) + ((99 - 15) + (32 + 42))) + 85,133,,,...
L8H16R16,depth5,(((17 + (5 + 72)) + ((45 - 95) - (21 - 53))) - (((69 + 57) + (55 - 13)) - ((34 - 83) + 85))) - ((((29 + 95) - (57 - 52)) - ((2 + 20) + (12 + 50))) + 53),-144,,,...
L8H16R16,depth5,((((84 + 77) - (96 - 3)) + ((50 + 86) - (73 - 3))) - (((94 + 89) - (99 + 35)) - ((26 - 86) + (41 - 67)))) - ((((24 + 56) - (99 + 20)) - ((2 + 44) + (1 - 33))) - 61),113,,,...
L8H16R16,depth5,(94 + (((14 - 67) - 26) + 20)) - ((((51 + 86) - (43 - 3)) - ((97 - 0) + (25 - 98))) + (((89 + 76) + (1 + 23)) - ((63 + 12) - (93 - 77)))),-168,,,...
L8H16R16,depth5,((((42 + 14) - (13 - 27)) + ((67 - 77) - (32 - 24))) - (((43 + 15) - (69 + 47)) - ((1 + 37) - (27 - 20)))) + (((42 - (61 + 99)) + ((80 + 67) - (74 + 96))) - 17),-17,,,...
L8H16R16,depth5,88 + ((((33 + 72) - (3 + 36)) - ((90 + 77) + (90 - 55))) + (((86 - 0) + (61 + 18)) + ((69 - 15) + (51 + 76)))),298,,,...
L8H16R16,depth5,((((33 + 28) + (76 + 82)) + ((16 + 81) - (90 + 72))) - (((55 - 26) + (11 + 15)) - ((75 + 65) - (74 + 56)))) + (25 - (57 - ((88 + 86) - (6 + 85)))),160,,,...
L8H16R16,depth5,(50 + ((50 - (86 + 58)) - ((16 + 85) + (5 + 20)))) - ((((2 - 87) + (15 - 49)) - ((85 - 98) + (64 + 36))) - (((52 - 58) - (65 - 41)) - ((65 - 69) + 3))),7,,,...
L8H16R16,depth5,(((56 - (92 - 98)) + ((12 - 94) + (10 - 30))) - (((7 - 75) + (21 - 96)) + ((97 + 36) + (92 - 67)))) + ((((7 + 56) + 9) - ((17 + 23) + (20 + 6))) - (((91 - 75) + (23 + 87)) - ((72 - 43) + (77 + 96)))),27,,,...
L8H16R16,depth5,(((88 + (21 + 35)) - ((85 - 67) + (84 - 15))) + (((75 - 55) + (87 - 28)) + ((76 - 79) + 27))) - (((54 + (41 + 74)) + ((55 - 19) - (2 + 78))) + (((75 + 14) + (22 + 70)) - ((69 + 81) - (21 + 28)))),-45,,,...
L8H16R16,depth5,((((66 + 54) - (43 - 60)) - 65) + (((25 + 87) - (31 - 18)) + ((33 - 6) + (74 - 77)))) + ((((43 - 70) - (53 + 86)) + ((15 + 29) + (32 + 25))) + (((57 + 3) - (80 - 67)) + ((62 - 79) - (76 - 21)))),105,,,...
L2H16R4,depth5,((((76 + 73) + (58 + 21)) - ((45 - 67) + 29)) - (((25 + 67) + 84) + ((84 + 62) + (18 + 71)))) - ((((35 + 70) + (20 - 60)) - ((41 + 54) - (50 + 40))) + (((8 - 8) - (17 - 72)) - ((37 + 52) + (4 + 79)))),-133,,,...
L2H16R4,depth5,((((60 + 70) + (70 + 41)) + ((55 - 74) - (64 - 56))) - (((44 + 93) + (65 - 83)) + ((35 + 88) - (7 + 77)))) - ((((35 - 29) + (17 - 54)) - ((86 + 85) + (81 + 52))) - (50 + ((19 - 53) + (99 + 25)))),531,,,...
L2H16R4,depth5,((((82 - 36) - (33 - 0)) - ((66 - 17) - (92 - 92))) - (((56 + 75) - (12 + 20)) - ((13 - 45) + (39 - 22)))) - ((55 + ((24 + 2) + (70 - 1))) - (((14 + 91) + (95 - 63)) + ((22 - 78) - (4 + 66)))),-289,,,...
L2H16R4,depth5,(((66 - (43 - 21)) - ((80 + 6) - (49 + 66))) + (58 + (4 + (73 + 43)))) + ((((12 + 26) - (23 + 77)) + ((0 - 91) + 54)) - (((91 + 44) - (67 + 20)) + ((28 + 4) + (18 - 72)))),126,,,...
L2H16R4,depth5,83 - ((((22 - 81) + (71 - 97)) + ((80 - 46) + (77 + 42))) + (((72 + 52) + (89 - 10)) - ((12 - 93) - (11 - 34)))),-246,,,...
L2H16R4,depth5,((82 + ((55 - 96) - (49 + 33))) + (((59 + 51) - 91) - ((88 + 13) - (37 + 20)))) - ((((96 + 64) + (60 - 21)) - 80) + (13 - ((63 - 3) + (65 + 90)))),17,,,...
L2H16R4,depth5,(60 + (((87 - 13) + (28 + 91)) - ((45 + 63) - (27 - 60)))) - ((((11 - 93) + 38) - ((20 + 48) - (15 + 80))) + (((38 - 31) - (21 + 40)) + ((70 - 52) + (64 + 11)))),90,,,...
L2H16R4,depth5,((17 - ((60 - 75) - (12 - 24))) - 53) + 1,-32,,,...
L2H16R4,depth5,((((74 + 47) + (4 + 15)) - 5) - (((12 - 23) - (15 - 82)) + ((28 + 62) - (80 + 51)))) + ((((85 - 52) + (53 + 15)) - ((86 + 98) - (3 + 45))) + (((9 + 5) - (12 - 62)) - ((20 + 71) + (61 - 39)))),36,,,...
L2H16R4,depth5,(30 - (((45 + 47) - (66 - 84)) + ((70 - 28) + (49 - 96)))) - ((((11 - 26) + (81 + 88)) - ((52 - 62) + (47 + 66))) + 99),-225,,,...
L2H2R4,depth2,(57 - 32) - (61 - 6),-30,,,...
L2H2R4,depth2,(47 - 8) + (58 - 23),74,,,...
L2H2R4,depth2,(8 - 85) - (66 + 24),-167,,,...
L2H2R4,depth2,(36 + 24) - (99 - 0),-39,,,...
L2H2R4,depth2,(57 + 95) - (39 + 39),74,,,...
L2H2R4,depth2,(58 - 83) - (27 + 31),-83,,,...
L2H2R4,depth2,(3 - 4) + (34 - 37),-4,,,...
L2H2R4,depth2,(10 - 35) + (36 + 10),21,,,...
L2H2R4,depth2,(52 + 48) + 76,176,,,...
L2H2R4,depth2,16 + (83 + 14),113,,,...
L2H4R16,depth5,((((58 - 31) + (29 - 24)) - ((40 - 67) + (42 - 88))) + (((46 + 48) - (55 - 50)) + ((8 + 27) + (10 + 14)))) - ((((23 - 64) - (74 - 44)) + ((57 - 18) - (32 + 33))) - (((71 + 3) + (90 - 76)) + ((38 - 60) - (52 + 53)))),311,,,...
L2H4R16,depth5,((44 - ((51 + 22) + (47 - 24))) - (((81 - 30) + (77 + 83)) + ((81 - 81) - (39 - 63)))) - ((((90 + 47) - 79) + ((95 + 14) + (2 - 72))) - (((33 + 37) + 35) + ((59 + 14) - (34 - 53)))),-187,,,...
L2H4R16,depth5,((((64 - 86) - 12) + ((60 + 88) - (36 + 0))) + 76) + 19,173,,,...
L2H4R16,depth5,((((44 - 97) - 56) + ((82 - 8) - 1)) + 33) - ((((7 - 77) - (2 - 19)) + ((19 - 81) - (51 + 18))) + (((84 + 74) + (19 - 68)) + ((90 - 4) - (96 + 14)))),96,,,...
L2H4R16,depth5,(((28 - (32 + 72)) + ((42 - 62) - (67 + 43))) + (((31 + 8) + 93) - ((50 - 10) - (82 - 99)))) + (((52 - (25 - 19)) + (85 - (66 + 43))) - (((85 + 74) + 29) + ((23 - 30) + (15 - 69)))),-236,,,...
L2H4R16,depth5,((((42 - 1) + (73 - 52)) - 7) - (((97 + 96) + (40 + 44)) + ((26 + 86) + (44 + 48)))) + ((((17 - 1) + (77 + 59)) + ((40 + 85) - (35 - 24))) + (((99 - 51) + 86) + ((72 + 53) - (85 - 4)))),18,,,...
L2H4R16,depth5,((((87 + 78) + (10 - 38)) - ((8 - 31) + (99 - 27))) - (((20 - 79) + (28 + 10)) - ((94 + 10) - (35 + 36)))) + (38 - (((42 - 6) + (54 - 5)) - ((52 - 99) - (60 - 61)))),49,,,...
L2H4R16,depth5,((((44 + 82) + (97 - 59)) + 41) + (((72 + 81) + (98 - 27)) + ((65 - 36) + (32 - 21)))) + ((((95 + 42) + (3 + 66)) + ((69 + 80) - (29 + 6))) + (((78 - 88) - (98 + 68)) - ((49 - 12) - (27 - 47)))),556,,,...
L2H4R16,depth5,(((21 + (50 - 45)) - ((25 + 24) - (86 + 31))) + (((81 - 33) + (34 - 26)) + (58 + (35 + 0)))) - ((((49 + 9) - (30 + 68)) + ((70 - 65) + (92 + 49))) + (((99 - 51) - (56 + 37)) + 78)),104,,,...
L2H4R16,depth5,(((45 - (80 - 30)) + ((17 + 70) + (11 + 77))) + (81 + ((12 + 9) - (67 + 85)))) + ((((36 + 73) + (73 - 9)) + ((26 - 55) + (65 - 77))) + 47),299,,,...
L4H2R32,depth1,60 - 34,26,,,...
L4H2R32,depth1,36 - 4,32,,,...
L4H2R32,depth1,25 + 16,41,,,...
L4H2R32,depth1,86 - 13,73,,,...
L4H2R32,depth1,67 + 9,76,,,...
L4H2R32,depth1,66 + 88,154,,,...
L4H2R32,depth1,91 - 14,77,,,...
L4H2R32,depth1,38 - 82,-44,,,...
L4H2R32,depth1,10 - 82,-72,,,...
L4H2R32,depth1,47 - 56,-9,,,...
L6H2R8,depth5,59 + ((8 - ((56 - 7) - 90)) - (73 + ((24 - 94) - (82 + 85)))),272,,,...
L6H2R8,depth5,75 - (((84 + (30 + 72)) - ((65 + 13) - (89 - 1))) - (((89 + 63) + (18 + 62)) + ((15 + 85) + 94))),305,,,...
L6H2R8,depth5,((((37 + 86) + (93 + 46)) - ((68 - 68) - (77 - 71))) - 77) + (((39 - (47 - 81)) - ((27 - 98) + (43 + 8))) + (((82 + 30) + (8 - 36)) - ((90 + 7) + (35 + 21)))),215,,,...
L6H2R8,depth5,((((90 - 7) - (91 + 73)) + ((4 - 86) + (20 + 14))) - (((42 - 76) - (18 + 95)) + ((86 - 28) + (49 + 27)))) + ((((16 - 6) + (46 - 68)) - ((81 - 73) - (84 - 56))) - ((20 + (34 + 79)) + ((76 + 13) + (54 - 34)))),-350,,,...
L6H2R8,depth5,((((54 + 60) - (19 + 82)) + ((49 + 89) - (31 - 50))) - (((83 + 25) - (11 + 45)) - ((0 + 72) - (29 + 59)))) - ((((42 + 27) + (95 + 78)) + ((66 - 80) + (33 - 19))) - (((17 + 82) - (6 - 82)) + ((95 + 57) + (68 - 67)))),188,,,...
L6H2R8,depth5,(68 - (((76 + 77) - (7 - 37)) - ((11 - 43) + (95 - 91)))) - (((68 - (60 - 20)) - ((2 + 3) - 88)) + 82),-336,,,...
L6H2R8,depth5,((65 + ((65 - 76) - (73 + 63))) + (((83 + 16) + 79) + (27 - (10 + 50)))) + 51,114,,,...
L6H2R8,depth5,((((60 - 20) + (10 + 47)) + ((46 + 62) + (60 + 82))) - (((34 - 26) - (13 + 49)) - ((11 + 30) + 96))) - ((((17 + 5) + (11 - 40)) - ((63 - 80) + (86 + 19))) - (30 + ((91 + 77) - (37 + 30)))),764,,,...
L6H2R8,depth5,((((64 + 59) - (76 + 99)) + 91) - 87) - ((((63 - 26) + (24 - 24)) + ((25 + 13) + (48 - 6))) - (((34 - 20) - (39 - 24)) - ((27 - 82) - (2 + 72)))),-37,,,...
L6H2R8,depth5,((((13 + 67) - (56 - 58)) + 56) + (34 + ((61 - 16) - (92 + 65)))) + ((((70 + 76) - (77 + 53)) - ((0 + 72) - (29 + 36))) - (((42 - 11) - (28 + 56)) - (66 - (97 + 64)))),27,,,...
L2H8R16,max,99,99,,,...
L2H8R16,max,37 + (17 + (((84 - 77) + (56 - 51)) + (6 + (18 + 36)))),126,,,...
L2H8R16,max,(97 - ((52 + (89 - 72)) - 58)) + ((((99 + 34) - (11 + 56)) + 56) - 77),131,,,...
L2H8R16,max,(((80 - 3) + (45 + (35 - 19))) + ((24 - (1 + 73)) - ((33 - 33) - (10 - 17)))) - (58 - (13 - (69 + (77 + 36)))),-146,,,...
L2H8R16,max,52,52,,,...
L2H8R16,max,(((31 - (29 + 33)) + ((57 - 61) + 57)) - ((98 - (76 + 8)) + ((59 + 21) - (22 + 98)))) + ((30 + 48) + (84 + ((85 - 88) - (28 + 75)))),104,,,...
L2H8R16,max,((((19 + 71) - (27 + 46)) - ((64 - 77) + (23 + 98))) - 6) + ((((33 + 18) - (66 - 47)) - ((14 + 6) + (27 - 39))) - ((86 + 21) + ((15 + 35) + 55))),-285,,,...
L2H8R16,max,((66 - (40 - 1)) - ((38 - (59 - 12)) + 5)) + ((((0 + 8) - 42) + (75 + (41 - 28))) - (((84 + 41) + 79) + 51)),-170,,,...
L2H8R16,max,66,66,,,...
L2H8R16,max,(24 - ((42 - (12 - 4)) + ((50 - 27) + 21))) + ((((93 + 86) - (1 + 26)) - 2) - ((63 + 17) - ((85 + 2) + (86 + 24)))),213,,,...
L2H8R4,depth1,76 + 95,171,,,...
L2H8R4,depth1,62 - 52,10,,,...
L2H8R4,depth1,49 + 78,127,,,...
L2H8R4,depth1,91 + 84,175,,,...
L2H8R4,depth1,78 - 42,36,,,...
L2H8R4,depth1,70 - 81,-11,,,...
L2H8R4,depth1,94 + 11,105,,,...
L2H8R4,depth1,82 + 47,129,,,...
L2H8R4,depth1,2 + 37,39,,,...
L2H8R4,depth1,22 + 64,86,,,...
L4H16R8,depth5,((((6 + 51) - (89 - 73)) + ((21 - 23) - (49 - 98))) + (((78 + 92) + (29 - 72)) + ((58 + 95) - (18 + 97)))) + ((((70 - 86) + (8 - 33)) + ((50 + 23) + (92 - 88))) + (((73 - 96) + (69 + 18)) + ((28 - 1) + (52 - 74)))),358,,,...
L4H16R8,depth5,((((65 - 98) + (16 - 11)) - ((44 - 89) + (2 - 30))) + (((9 - 38) + (21 + 35)) - ((23 + 56) - (3 + 77)))) - ((((42 + 20) - (51 + 15)) + ((75 + 12) + (34 - 98))) + (((62 + 67) + (35 + 25)) + ((19 - 55) + (9 + 60)))),-168,,,...
L4H16R8,depth5,((73 - ((67 - 59) - (96 - 21))) - (((87 + 11) - (53 + 62)) - ((2 - 86) - (76 + 81)))) + ((((83 - 93) - (21 - 96)) + ((87 - 44) - (35 - 20))) - (((35 - 22) + (81 - 63)) + ((91 - 18) + (61 + 70)))),-226,,,...
L4H16R8,depth5,((((78 + 12) + (93 - 0)) + ((45 - 37) - (61 - 40))) + (((60 + 97) - (40 - 25)) + ((37 + 45) + (82 - 19)))) - ((((18 + 40) + (57 + 25)) + ((2 - 96) + (46 - 6))) + 44),327,,,...
L4H16R8,depth5,((((70 - 80) + (50 + 57)) + ((6 + 58) + (15 + 19))) + (((32 + 12) - (8 + 74)) + ((26 - 14) - (77 - 90)))) + ((((9 - 17) - 96) - 72) - (((94 + 61) + (22 + 38)) + ((51 + 75) + 0))),-335,,,...
L4H16R8,depth5,(63 + (((11 - 49) + (57 - 85)) - ((53 - 87) + (54 + 96)))) + ((((19 + 68) - (24 + 67)) - ((20 - 2) + (81 - 97))) + (89 + ((65 - 54) - (37 + 41)))),-103,,,...
L4H16R8,depth5,((72 + ((10 + 35) + (21 + 48))) + (((80 - 57) - (25 + 48)) + ((64 - 9) + (68 - 17)))) - ((((82 + 1) + (97 + 19)) - ((73 + 86) - (68 - 43))) - (((11 - 52) - (34 - 84)) - (35 - (59 + 11)))),221,,,...
L4H16R8,depth5,((((86 - 80) + (65 + 62)) - ((94 - 81) - (90 - 50))) - ((4 + (91 - 82)) - ((10 - 52) - (43 - 17)))) - ((((67 + 96) + (37 + 85)) - ((32 + 80) - (58 + 61))) + (((6 + 63) + (32 - 10)) - ((71 + 93) + (92 + 46)))),-2,,,...
L4H16R8,depth5,((((1 - 30) + (21 + 9)) + ((8 - 23) + 77)) + (((67 + 20) - (39 - 7)) - ((62 + 74) + 55))) + ((((86 + 61) - (36 - 66)) + ((87 - 34) - (35 + 74))) + (((68 + 27) + (24 + 52)) - (54 + (52 + 87)))),26,,,...
L4H16R8,depth5,(92 + ((56 - (20 + 10)) + ((85 - 18) - (63 - 95)))) + ((((32 - 92) + 91) - ((22 - 41) + 94)) - (71 - (46 + (82 - 22)))),208,,,...
L8H16R8,depth1,52 + 98,150,,,...
L8H16R8,depth1,55 + 73,128,,,...
L8H16R8,depth1,47 + 90,137,,,...
L8H16R8,depth1,43 - 66,-23,,,...
L8H16R8,depth1,41 - 78,-37,,,...
L8H16R8,depth1,6 - 58,-52,,,...
L8H16R8,depth1,56 - 28,28,,,...
L8H16R8,depth1,68 + 56,124,,,...
L8H16R8,depth1,51 + 66,117,,,...
L8H16R8,depth1,90 + 96,186,,,...
L4H2R4,max,((((6 - 35) + (93 - 54)) + ((98 + 7) - 28)) + ((82 + (24 + 16)) - 44)) + 50,215,,,...
L4H2R4,max,(((1 + (71 + 94)) - (5 + (53 - 54))) + 4) - ((((21 - 26) + (59 - 75)) + ((17 - 53) + (42 + 1))) - ((84 - 60) - ((27 - 5) + 94))),88,,,...
L4H2R4,max,48 - ((((79 + 67) - (50 + 9)) + ((14 + 10) - 14)) - (8 + ((64 + 10) + (2 - 89)))),-54,,,...
L4H2R4,max,(7 - 84) - 52,-129,,,...
L4H2R4,max,((((54 - 99) + (70 - 42)) + ((37 - 2) + (83 + 22))) - (50 + (87 - (64 - 99)))) + 68,19,,,...
L4H2R4,max,17,17,,,...
L4H2R4,max,(((81 + (74 - 57)) + (19 - (98 - 74))) + ((0 + (11 - 52)) + 6)) + ((((97 + 18) - (73 - 4)) - ((6 + 31) - 74)) - (((39 - 61) - (99 + 62)) + ((69 + 43) + (64 - 84)))),232,,,...
L4H2R4,max,(50 - (((36 + 69) + (25 + 90)) - ((60 - 12) - (8 - 38)))) + ((((53 - 28) + 47) - ((71 + 11) + 6)) - (((96 - 35) + 69) + 72)),-310,,,...
L4H2R4,max,34 + 20,54,,,...
L4H2R4,max,((((27 - 4) - 28) - ((8 + 0) - 88)) - (((10 - 61) + (48 - 98)) + 8)) + (13 + ((56 + 49) + 97)),383,,,...
L4H2R8,depth4,(((2 - 46) + (96 + 71)) - ((11 - 37) + (7 - 62))) - (((69 + 50) - (12 + 77)) - ((75 + 78) - (27 + 60))),240,,,...
L4H2R8,depth4,((6 - (98 - 2)) - ((65 + 73) - (37 - 71))) + (((91 - 83) + (64 - 37)) - ((95 + 92) + (16 - 14))),-416,,,...
L4H2R8,depth4,(((92 - 45) + (69 + 85)) + ((57 + 67) - (88 + 91))) + (((78 + 61) + (26 - 29)) - 54),228,,,...
L4H2R8,depth4,(((46 + 94) + 27) + ((29 + 71) - (26 + 57))) - 70,114,,,...
L4H2R8,depth4,(((13 + 54) - (86 + 19)) - 48) + (((54 + 46) + (54 - 55)) - ((57 - 61) + (88 + 33))),-104,,,...
L4H2R8,depth4,(((1 + 75) + (1 - 17)) - ((11 + 80) - (52 + 50))) - (93 - ((8 + 98) + (90 - 56))),118,,,...
L4H2R8,depth4,(((38 + 7) + (27 - 64)) - ((36 + 19) + (61 - 87))) - (((89 - 43) - (62 - 87)) + ((90 - 36) - (39 + 78))),-29,,,...
L4H2R8,depth4,(((20 + 96) - (40 - 72)) - (40 - (88 - 23))) + (((23 - 84) + (99 + 85)) - ((7 - 91) - (3 + 21))),404,,,...
L4H2R8,depth4,(((68 - 53) - (84 - 68)) + ((59 - 10) - 36)) - (((78 - 49) - (60 + 69)) - ((73 + 66) + (46 - 57))),240,,,...
L4H2R8,depth4,(((57 - 6) - 49) + ((80 - 12) - 69)) - ((45 - (73 + 23)) + ((45 - 93) + (35 + 50))),15,,,...
L6H4R8,depth2,(68 - 65) + (77 - 78),2,,,...
L6H4R8,depth2,69 - (43 - 61),87,,,...
L6H4R8,depth2,(54 - 9) + (67 + 29),141,,,...
L6H4R8,depth2,(98 - 4) - (40 + 53),1,,,...
L6H4R8,depth2,44 - (1 + 67),-24,,,...
L6H4R8,depth2,(83 - 25) - (20 - 89),127,,,...
L6H4R8,depth2,(75 - 28) + (34 - 93),-12,,,...
L6H4R8,depth2,(34 + 51) + (22 + 32),139,,,...
L6H4R8,depth2,(87 - 30) - (65 - 98),90,,,...
L6H4R8,depth2,40 + (73 - 34),79,,,...
L4H16R8,max,((6 - 66) + (68 - 0)) + 0,8,,,...
L4H16R8,max,((((23 + 99) + (34 - 51)) - ((17 - 53) + (27 - 44))) - (((6 + 62) - (68 - 37)) + ((48 - 77) + (90 - 14)))) + ((((12 - 62) + (60 - 83)) + ((98 + 44) - (10 - 86))) + 87),306,,,...
L4H16R8,max,69 - (88 + 28),-47,,,...
L4H16R8,max,(((49 + 14) - ((10 + 49) + (32 - 47))) - (58 + 6)) - 54,-99,,,...
L4H16R8,max,49,49,,,...
L4H16R8,max,((77 - (52 + (19 - 35))) + (4 + ((52 - 91) + (85 - 21)))) + 14,84,,,...
L4H16R8,max,((((94 + 20) + (72 + 52)) - ((90 + 6) + (1 - 52))) + (((48 + 78) + (0 - 36)) + ((45 + 34) - (5 - 2)))) - ((47 - ((60 + 42) + 68)) + (((16 + 16) - 65) + 10)),505,,,...
L4H16R8,max,((13 - 3) - (((70 - 46) - 2) - ((34 - 69) - (67 + 55)))) + (7 - 56),-218,,,...
L4H16R8,max,78 + 2,80,,,...
L4H16R8,max,(1 - (((56 - 45) + 6) + ((21 - 49) + 70))) + (99 + (((2 + 92) + (86 + 42)) + (92 + 67))),422,,,...
L2H8R16,depth4,(((39 + 82) + (39 + 69)) + ((80 - 93) - (23 - 71))) - (((79 + 52) - (13 + 74)) + ((37 - 69) + (34 + 8))),210,,,...
L2H8R16,depth4,(((54 - 75) - (10 + 33)) - ((45 + 77) - (27 - 72))) - (((52 + 35) + (11 - 36)) + ((18 + 27) - 28)),-310,,,...
L2H8R16,depth4,(((37 + 38) + 55) + ((5 + 9) - (94 + 61))) + (((16 + 62) - (99 - 9)) + ((52 + 92) - (36 + 63))),22,,,...
L2H8R16,depth4,(((68 + 8) + (67 - 36)) + ((26 + 37) - (60 - 17))) + (((48 + 80) - (72 + 24)) - ((87 + 32) + 5)),35,,,...
L2H8R16,depth4,(((62 - 26) + (15 - 41)) - ((98 + 20) - (59 - 72))) + (((57 - 61) - (45 - 39)) + 6),-125,,,...
L2H8R16,depth4,(95 - ((32 + 48) - (59 + 31))) - (((92 - 17) - (40 - 99)) - ((28 - 48) - (60 + 37))),-146,,,...
L2H8R16,depth4,(((62 - 46) - (33 + 19)) + ((52 + 25) + (34 + 26))) - (((11 + 4) + (82 + 7)) - ((35 + 10) + (5 - 43))),4,,,...
L2H8R16,depth4,(((73 - 73) + (28 + 94)) + ((57 + 52) - (66 - 54))) - (((71 + 61) - (83 + 63)) + 29),204,,,...
L2H8R16,depth4,84 + (((40 - 8) - (83 - 58)) + ((30 - 80) + (26 - 98))),-31,,,...
L2H8R16,depth4,(((4 - 56) + (64 + 91)) - ((81 + 54) + (20 + 23))) - (((12 - 59) + (14 - 68)) + ((39 + 78) + (45 - 71))),-65,,,...
L8H4R16,depth3,((4 + 92) + (81 + 24)) + ((94 + 4) + (49 + 81)),429,,,...
L8H4R16,depth3,((39 - 77) - (38 + 9)) + ((19 - 51) - 99),-216,,,...
L8H4R16,depth3,((95 + 90) - 36) + ((12 - 68) - (53 + 36)),4,,,...
L8H4R16,depth3,((68 - 6) + (93 + 56)) + ((60 + 84) + (25 + 45)),425,,,...
L8H4R16,depth3,((34 + 68) - (52 + 82)) + 44,12,,,...
L8H4R16,depth3,((39 - 93) - (81 - 24)) - ((41 + 45) - (54 + 6)),-137,,,...
L8H4R16,depth3,((44 - 13) - (10 - 4)) - (45 + (15 + 60)),-95,,,...
L8H4R16,depth3,((17 - 52) - 22) - 43,-100,,,...
L8H4R16,depth3,((63 - 48) + (70 + 76)) + ((17 - 36) - (55 + 74)),13,,,...
L8H4R16,depth3,((13 + 87) - 40) - (77 - (93 - 56)),20,,,...
L8H2R16,depth3,((56 - 82) + (77 - 38)) + ((23 + 29) - (59 - 18)),24,,,...
L8H2R16,depth3,((76 + 64) + 42) - ((37 - 31) - (72 - 25)),223,,,...
L8H2R16,depth3,((83 + 48) - (89 - 3)) + ((26 + 90) + 99),260,,,...
L8H2R16,depth3,((99 + 53) - (8 + 47)) - ((66 + 78) + (41 - 42)),-46,,,...
L8H2R16,depth3,((76 + 25) - (98 + 7)) - ((91 + 74) + (17 - 22)),-164,,,...
L8H2R16,depth3,2 + ((63 - 41) + (53 - 98)),-21,,,...
L8H2R16,depth3,((67 - 61) + (84 - 82)) - ((13 + 16) - (39 - 68)),-50,,,...
L8H2R16,depth3,(41 + (24 + 7)) - ((10 + 74) + (6 + 73)),-91,,,...
L8H2R16,depth3,((23 - 62) - (89 - 81)) + ((72 + 50) + (49 - 28)),96,,,...
L8H2R16,depth3,((49 - 20) - (10 + 62)) - ((7 - 87) + (7 + 38)),-8,,,...
L6H8R32,depth5,((((51 - 9) - (9 - 56)) - 7) + (((7 - 57) + (57 - 47)) - ((99 - 23) - (21 - 8)))) + ((56 + (93 + (66 + 61))) - (((21 + 46) + (25 + 24)) + ((81 + 7) + (80 - 56)))),27,,,...
L6H8R32,depth5,(((37 - (11 - 20)) + 2) - (((53 - 88) - (48 - 50)) - ((64 - 11) - (75 - 67)))) - (((96 + (98 + 37)) + ((5 - 69) + (6 + 77))) + (((73 + 50) + 54) - ((64 + 34) - (9 - 80)))),-132,,,...
L6H8R32,depth5,((((51 - 87) + (16 - 63)) - ((73 - 66) - (40 - 84))) - 80) - ((((72 - 28) - (96 + 94)) - ((83 - 66) + (13 + 7))) + (((93 - 60) - (70 - 94)) - ((79 - 76) + (59 + 41)))),15,,,...
L6H8R32,depth5,((((45 - 13) - (11 - 33)) - ((37 + 64) + (2 - 47))) - (((59 + 18) - (50 + 97)) + 75)) + ((((89 - 4) - (65 + 67)) + ((51 - 60) - (62 - 56))) + ((89 + (79 - 98)) + ((7 - 9) - (19 + 90)))),-110,,,...
L6H8R32,depth5,((((18 + 81) + (36 - 93)) + (74 - (22 - 80))) + (((52 - 65) - (40 - 33)) - ((91 + 25) - (53 - 44)))) + (33 + (((91 + 90) + (37 - 14)) + ((25 - 72) + (58 - 70)))),225,,,...
L6H8R32,depth5,((((87 - 60) - (19 - 83)) - ((20 + 0) + (9 - 62))) + (79 - ((11 - 96) + (55 + 18)))) + (46 - (((73 + 79) + (62 - 49)) - ((48 - 88) + 67))),123,,,...
L6H8R32,depth5,(41 - (((0 - 88) - (24 - 86)) + ((91 - 61) + (56 + 70)))) - ((((49 + 68) - (39 - 24)) - ((94 - 78) - (94 - 11))) - (((66 - 4) - 86) + (71 + (8 - 88)))),-291,,,...
L6H8R32,depth5,((((90 + 54) + (68 + 20)) - ((33 + 93) + (63 + 88))) - (((0 - 31) - (42 + 73)) - ((83 - 13) - (47 - 84)))) - 58,150,,,...
L6H8R32,depth5,((((49 - 79) - (90 - 42)) + ((82 - 38) + (68 - 67))) - (((45 - 9) - (94 - 76)) + ((64 + 35) + (21 - 5)))) + ((((28 + 92) + (34 - 99)) + 75) + (54 + ((20 - 94) - (22 - 41)))),-37,,,...
L6H8R32,depth5,((((38 - 28) + (38 - 3)) - ((12 + 50) - 74)) + (((49 - 28) + (36 - 52)) - ((55 - 16) - (2 + 19)))) + ((((17 - 17) - (52 - 9)) - ((64 + 90) - (8 - 43))) + (((10 + 42) - (8 - 13)) - ((61 - 39) - (2 - 27)))),-178,,,...
L4H2R16,depth5,(((7 + (26 - 23)) + ((79 + 72) + (61 + 95))) + (((78 - 99) - (68 + 0)) - ((80 - 80) + (60 + 31)))) - ((((17 + 2) + (64 - 73)) + ((13 - 20) + (11 + 25))) - ((53 - (52 + 83)) - 39)),-23,,,...
L4H2R16,depth5,((((43 - 0) - (50 + 71)) - ((80 + 14) - (14 + 71))) - (((19 + 33) - (72 - 0)) - ((92 - 56) - (81 + 15)))) + ((((72 - 20) + (74 - 77)) + ((6 + 93) - 60)) + 61),22,,,...
L4H2R16,depth5,((((13 - 76) + (81 - 80)) + 46) + (((62 - 80) - (28 + 60)) - ((75 + 43) + (2 + 72)))) + ((((60 - 78) - (80 + 48)) + ((36 + 73) - 76)) - 55),-482,,,...
L4H2R16,depth5,((93 - ((33 + 88) + (17 + 79))) - (((27 - 24) + (84 - 15)) + ((14 + 11) - (66 - 62)))) + ((32 + ((88 + 79) + 18)) - (((47 - 29) - (37 - 14)) - 64)),69,,,...
L4H2R16,depth5,((99 - ((30 - 80) + (77 - 21))) + (((33 + 10) + (18 - 67)) + (89 + (64 - 55)))) - ((((55 + 54) + 4) + ((0 + 48) - (35 + 80))) + (((19 + 14) + (59 + 60)) + ((8 - 4) + (38 + 68)))),-123,,,...
L4H2R16,depth5,((43 + ((52 + 8) - (3 + 73))) + ((70 + (0 - 57)) + ((24 + 78) + (14 - 46)))) + ((((46 + 82) + (24 + 80)) + ((70 + 85) - (32 + 99))) - (((28 + 19) - (27 - 96)) - ((13 - 16) + (99 - 20)))),326,,,...
L4H2R16,depth5,((((19 + 67) + (95 + 98)) + 18) + (((66 + 54) + (46 - 96)) - ((70 + 90) - (92 - 71)))) + ((((3 - 13) - (57 + 85)) - ((74 - 93) + (86 - 58))) - (((90 - 58) - (22 - 56)) + (87 + (61 + 45)))),-192,,,...
L4H2R16,depth5,((((95 + 86) + (27 - 94)) + ((30 - 19) - (94 - 19))) - (((58 - 53) + (53 + 21)) - (81 - (69 + 52)))) + ((((77 - 26) - (0 + 20)) + ((57 + 84) + (15 - 87))) - ((94 - (14 - 88)) - ((7 - 63) - (17 + 85)))),-295,,,...
L4H2R16,depth5,((((91 - 87) + (27 - 0)) + ((60 - 99) - (68 + 55))) - 64) - ((43 - ((52 + 70) + (11 - 61))) + (((9 + 99) + (33 + 97)) - ((20 + 21) - (72 + 21)))),-456,,,...
L4H2R16,depth5,((((96 + 88) - (44 - 70)) - ((1 + 1) + (89 + 83))) - (((67 - 58) - (22 - 2)) - ((26 + 13) + 76))) - ((((18 + 58) + (26 - 33)) - ((21 + 83) - (45 - 83))) - (((85 + 48) - 91) - ((70 - 44) - (97 - 10)))),338,,,...
L2H2R16,depth3,((0 - 89) + (43 - 68)) - ((0 + 0) - 41),-73,,,...
L2H2R16,depth3,(79 - (66 + 16)) + ((94 - 56) - (88 - 49)),-4,,,...
L2H2R16,depth3,((47 + 84) - (75 - 3)) + 85,144,,,...
L2H2R16,depth3,(13 + (77 + 18)) + ((3 - 45) + (22 + 11)),99,,,...
L2H2R16,depth3,((13 + 80) - (98 + 32)) - (76 + (27 + 5)),-145,,,...
L2H2R16,depth3,85 - (53 + (39 - 96)),89,,,...
L2H2R16,depth3,((86 - 41) + (30 + 19)) - ((32 - 19) + (66 - 82)),97,,,...
L2H2R16,depth3,44 + ((62 + 17) + (66 - 74)),115,,,...
L2H2R16,depth3,((9 - 86) - 64) - 19,-160,,,...
L2H2R16,depth3,((58 - 90) - (33 + 76)) - ((22 - 72) + (97 + 19)),-207,,,...
L8H8R4,depth3,((41 - 46) + 30) + ((4 - 84) - (40 + 60)),-155,,,...
L8H8R4,depth3,(92 - (55 + 49)) + ((56 + 63) - 35),72,,,...
L8H8R4,depth3,((50 - 15) + (1 + 46)) - ((6 - 93) + (0 - 24)),193,,,...
L8H8R4,depth3,((90 - 12) + (25 - 87)) + 21,37,,,...
L8H8R4,depth3,((75 - 86) - (1 + 69)) + ((41 + 73) - (24 + 57)),-48,,,...
L8H8R4,depth3,((77 + 3) + (86 - 83)) + ((34 - 65) - (55 + 77)),-80,,,...
L8H8R4,depth3,((59 + 12) - 37) - ((15 + 36) - (39 - 23)),-1,,,...
L8H8R4,depth3,((8 + 95) - (60 + 29)) + ((70 - 58) + (83 - 37)),72,,,...
L8H8R4,depth3,31 + ((82 - 81) - (13 - 12)),31,,,...
L8H8R4,depth3,92 + ((94 - 90) + (97 + 87)),280,,,...
L8H16R32,depth4,(((42 + 22) - (89 + 54)) - ((20 + 36) + (54 + 52))) + (((22 + 40) + (58 - 98)) - ((70 - 92) - (24 + 64))),-109,,,...
L8H16R32,depth4,(((77 + 91) - (39 - 77)) - ((98 - 4) + (24 - 66))) + (((25 - 11) - (53 - 40)) - 75),80,,,...
L8H16R32,depth4,(((7 - 3) + (48 + 84)) - ((46 - 80) - (34 - 48))) + (((81 + 41) + (90 - 57)) + ((57 + 83) - (84 - 70))),437,,,...
L8H16R32,depth4,(((61 - 38) - (78 - 0)) + ((18 + 81) + (50 + 73))) + 13,180,,,...
L8H16R32,depth4,((0 + (93 - 97)) + 76) - (((44 - 32) + (6 + 79)) - (15 - (41 - 55))),4,,,...
L8H16R32,depth4,89 + (((71 + 98) + (69 + 93)) - ((42 + 61) - (43 - 59))),301,,,...
L8H16R32,depth4,9 + (((77 - 12) + (54 + 47)) + ((24 - 75) + 6)),130,,,...
L8H16R32,depth4,(((63 - 0) + (23 + 97)) + (75 + (90 + 43))) - (((55 + 85) + (2 + 7)) - ((74 + 71) - (35 - 40))),392,,,...
L8H16R32,depth4,(((54 + 49) + (58 - 52)) + ((94 + 7) - (65 - 71))) + (((96 + 1) + (6 - 94)) + ((64 + 66) + 96)),451,,,...
L8H16R32,depth4,(((26 + 74) + (37 + 53)) - 80) + (((9 + 59) + (87 + 42)) + ((76 + 79) + (50 + 63))),575,,,...
L6H4R16,depth3,((22 - 78) - (83 - 55)) + ((73 + 7) + (22 - 63)),-45,,,...
L6H4R16,depth3,((82 + 47) - (82 - 80)) + ((41 + 38) - (66 + 51)),89,,,...
L6H4R16,depth3,((56 - 73) + (78 + 42)) - ((66 - 13) - (91 - 37)),104,,,...
L6H4R16,depth3,((29 + 34) + (76 - 44)) - ((44 + 90) + (16 - 29)),-26,,,...
L6H4R16,depth3,10 - ((78 + 80) + (23 - 97)),-74,,,...
L6H4R16,depth3,((46 + 99) - (52 - 12)) - ((49 + 69) - (61 - 25)),23,,,...
L6H4R16,depth3,((31 + 34) - (89 + 68)) + 67,-25,,,...
L6H4R16,depth3,((3 + 77) + (64 + 13)) - ((63 - 89) + (43 - 47)),187,,,...
L6H4R16,depth3,((47 - 25) + (91 + 75)) + ((19 + 33) + (9 - 16)),233,,,...
L6H4R16,depth3,((95 - 98) - (25 - 72)) - ((93 - 52) + (53 - 61)),11,,,...
L2H2R32,depth3,((68 - 30) + (44 - 42)) - ((32 + 55) + (52 + 61)),-160,,,...
L2H2R32,depth3,((11 + 86) + (67 - 3)) + ((37 - 66) - (51 + 45)),36,,,...
L2H2R32,depth3,12 - ((72 - 4) + (40 - 95)),-1,,,...
L2H2R32,depth3,((24 + 20) - (21 - 81)) + ((21 - 75) + (7 + 97)),154,,,...
L2H2R32,depth3,((25 - 43) - (51 + 66)) - ((40 - 47) - (22 + 98)),-8,,,...
L2H2R32,depth3,((40 - 78) - (93 + 24)) + ((47 - 26) - (57 + 5)),-196,,,...
L2H2R32,depth3,((8 + 68) + (30 - 59)) - ((61 - 76) + (7 - 65)),120,,,...
L2H2R32,depth3,(55 - (90 + 42)) - ((72 - 80) + (98 - 43)),-124,,,...
L2H2R32,depth3,((52 - 39) + (61 + 2)) - ((87 - 73) + (83 + 93)),-114,,,...
L2H2R32,depth3,((86 + 18) - (72 - 13)) + ((93 + 54) - (95 - 91)),188,,,...
L2H16R32,depth5,((((88 - 58) + (66 - 85)) + ((58 + 68) - (44 + 60))) - (((41 + 58) - (0 + 14)) + ((31 + 80) - (29 + 97)))) + ((((81 - 73) - (22 - 0)) + ((21 - 80) - (42 + 26))) + (((77 - 35) - 90) + 45)),-181,,,...
L2H16R32,depth5,(((87 - (1 + 18)) - ((63 - 4) - (24 + 44))) - (56 + (19 - (38 + 79)))) + (33 + (((13 - 55) - (2 + 68)) + ((56 + 87) + 43))),226,,,...
L2H16R32,depth5,((((35 - 57) - (45 - 85)) - ((13 - 72) + (39 + 13))) - (((36 + 20) - (10 - 55)) + ((5 + 38) + (59 - 2)))) + ((33 + ((33 + 91) + (24 - 8))) + 97),94,,,...
L2H16R32,depth5,((62 + ((32 + 17) + (69 + 92))) + ((41 - (65 - 7)) + ((50 + 52) - (84 + 86)))) - (((24 + (56 + 11)) - ((77 + 70) - (34 + 52))) + (92 - ((21 + 39) + (91 - 28)))),188,,,...
L2H16R32,depth5,82 - ((((51 + 11) + (78 - 98)) - (59 - (58 + 40))) + (30 - ((41 + 25) - (91 - 82)))),28,,,...
L2H16R32,depth5,((((5 + 28) - (66 - 33)) + 11) - (58 - ((24 + 51) + (30 + 81)))) + 32,171,,,...
L2H16R32,depth5,((53 + ((92 + 13) - 25)) - (((71 + 94) + 87) + 79)) - (47 + (((40 - 44) + (60 - 62)) + ((43 - 13) + (92 + 21)))),-382,,,...
L2H16R32,depth5,((((35 - 82) - (22 - 19)) + 76) - (((24 + 87) + (93 + 40)) + ((52 - 20) + (21 - 37)))) + ((((97 - 96) - (33 + 83)) + ((43 + 49) - (97 + 13))) + (59 + ((56 + 67) - 84))),-269,,,...
L2H16R32,depth5,((((1 + 36) - (38 - 87)) + ((44 - 85) + (61 + 64))) + (((58 + 27) - 52) - ((77 - 6) - (37 + 48)))) - (66 - (((48 - 73) - 3) - ((65 + 28) - (41 - 61)))),10,,,...
L2H16R32,depth5,((((80 - 82) - (22 - 68)) + ((14 - 20) + (72 + 9))) + (((55 + 14) - (40 - 88)) - (22 + (92 + 59)))) + ((((16 - 21) + (79 - 32)) - (19 + (75 + 46))) + (((9 + 81) - (13 + 85)) - (97 + (44 - 60)))),-124,,,...
L2H4R32,depth1,79 + 98,177,,,...
L2H4R32,depth1,21 + 62,83,,,...
L2H4R32,depth1,11 + 60,71,,,...
L2H4R32,depth1,87 + 48,135,,,...
L2H4R32,depth1,2 - 67,-65,,,...
L2H4R32,depth1,58 - 26,32,,,...
L2H4R32,depth1,29 + 43,72,,,...
L2H4R32,depth1,91 - 19,72,,,...
L2H4R32,depth1,5 - 46,-41,,,...
L2H4R32,depth1,14 - 93,-79,,,...
L4H16R4,depth2,(29 - 19) - (73 + 21),-84,,,...
L4H16R4,depth2,(24 - 14) + (41 + 81),132,,,...
L4H16R4,depth2,(23 + 19) - (90 + 72),-120,,,...
L4H16R4,depth2,(7 + 56) + (60 - 96),27,,,...
L4H16R4,depth2,(85 - 89) - (22 + 42),-68,,,...
L4H16R4,depth2,(0 + 13) + (74 - 30),57,,,...
L4H16R4,depth2,(57 - 39) + (43 - 68),-7,,,...
L4H16R4,depth2,(28 - 71) - (94 + 95),-232,,,...
L4H16R4,depth2,(81 + 86) - (52 + 68),47,,,...
L4H16R4,depth2,(59 + 89) + (3 - 82),69,,,...
L4H2R4,depth2,(94 + 99) + (7 - 4),196,,,...
L4H2R4,depth2,(68 + 18) - (24 + 67),-5,,,...
L4H2R4,depth2,(71 + 8) - (20 + 33),26,,,...
L4H2R4,depth2,(3 + 57) - (48 + 28),-16,,,...
L4H2R4,depth2,(14 - 90) + (74 + 74),72,,,...
L4H2R4,depth2,(9 + 83) - (55 - 0),37,,,...
L4H2R4,depth2,(76 - 56) - (5 - 39),54,,,...
L4H2R4,depth2,(48 + 32) + (34 + 80),194,,,...
L4H2R4,depth2,(5 - 42) + (12 + 42),17,,,...
L4H2R4,depth2,(47 - 50) - (36 - 54),15,,,...
L8H4R8,max,15,15,,,...
L8H4R8,max,1 + ((((13 - 16) + 97) + (14 + 71)) + 44),224,,,...
L8H4R8,max,87 - ((17 - (24 - 67)) + (((5 + 60) - (10 - 25)) - (91 - (80 - 24)))),-18,,,...
L8H4R8,max,39,39,,,...
L8H4R8,max,(39 + (11 + 32)) + ((((79 + 84) - 90) - 99) - ((25 + 8) + ((89 - 24) + (25 - 74)))),7,,,...
L8H4R8,max,((11 - (0 + 65)) + 52) + 54,52,,,...
L8H4R8,max,30,30,,,...
L8H4R8,max,20 + 18,38,,,...
L8H4R8,max,((((45 + 80) - 40) - 12) + ((19 - 70) - 10)) - 1,11,,,...
L8H4R8,max,(((28 - 34) + ((38 + 38) - (4 + 12))) - (97 - 85)) - ((18 - 20) + (((43 - 17) - (14 - 71)) - ((48 + 38) - (37 - 39)))),49,,,...
L4H8R4,max,((((29 + 63) - (79 - 44)) - ((59 - 47) + (39 - 47))) - (39 + ((36 - 35) + 96))) + ((38 - 32) + (((77 - 11) - (19 - 37)) + 13)),20,,,...
L4H8R4,max,80 - 28,52,,,...
L4H8R4,max,((((29 + 27) + (78 - 11)) + ((53 - 99) - 18)) + (42 - ((41 + 50) - 82))) - (87 - 34),39,,,...
L4H8R4,max,24,24,,,...
L4H8R4,max,(8 - (8 + ((85 - 89) - 94))) + 21,119,,,...
L4H8R4,max,((((43 - 69) + (96 - 84)) + ((69 - 49) - (59 - 15))) + 71) - (47 - (((24 + 65) - (82 + 30)) + (87 + (90 + 52)))),192,,,...
L4H8R4,max,((((71 - 11) - (10 + 91)) + (71 + (64 - 88))) - 99) - 70,-163,,,...
L4H8R4,max,(69 - (((35 - 48) + (36 - 99)) + 9)) - ((((98 + 16) + 22) + 36) - (23 - ((45 + 28) + 63))),-149,,,...
L4H8R4,max,((((10 + 58) - (66 - 4)) + (0 - (2 + 77))) - (99 - ((59 - 56) - (54 + 87)))) + 91,-219,,,...
L4H8R4,max,88 + ((((74 + 37) + (73 - 35)) + 2) + 74),313,,,...
L6H4R16,depth2,(62 - 1) - (29 - 24),56,,,...
L6H4R16,depth2,(76 + 42) - (79 + 34),5,,,...
L6H4R16,depth2,31 - (42 + 56),-67,,,...
L6H4R16,depth2,(34 + 0) - (70 - 61),25,,,...
L6H4R16,depth2,(27 - 6) - (92 - 38),-33,,,...
L6H4R16,depth2,(42 - 78) + (8 + 75),47,,,...
L6H4R16,depth2,(62 - 36) + (78 - 85),19,,,...
L6H4R16,depth2,(7 + 26) + (40 - 70),3,,,...
L6H4R16,depth2,(36 + 64) - (20 + 27),53,,,...
L6H4R16,depth2,(60 - 89) + (78 + 91),140,,,...
L8H4R4,max,11,11,,,...
L8H4R4,max,61,61,,,...
L8H4R4,max,(((83 - 44) - ((41 - 94) + (2 + 56))) + ((31 + (93 + 35)) - (25 - (86 + 87)))) + 94,435,,,...
L8H4R4,max,75,75,,,...
L8H4R4,max,8,8,,,...
L8H4R4,max,((((24 + 22) + 26) + (5 + (29 + 75))) + 47) + ((99 - 0) - (((59 + 42) - 50) - ((93 - 56) - 64))),249,,,...
L8H4R4,max,96 + 24,120,,,...
L8H4R4,max,29,29,,,...
L8H4R4,max,95 - ((((98 + 61) - (35 + 90)) + (3 + (71 + 79))) - (84 + 80)),72,,,...
L8H4R4,max,54,54,,,...
L8H4R32,depth3,((38 + 35) + (17 - 46)) - ((3 + 57) + (63 - 46)),-33,,,...
L8H4R32,depth3,((31 - 43) + (12 - 88)) - ((1 - 21) + (10 + 90)),-168,,,...
L8H4R32,depth3,25 - ((5 - 68) + (80 - 51)),59,,,...
L8H4R32,depth3,((40 - 88) - 76) + 85,-39,,,...
L8H4R32,depth3,((18 - 70) - (39 + 84)) + 24,-151,,,...
L8H4R32,depth3,(5 - (24 - 99)) - ((58 - 96) - 21),139,,,...
L8H4R32,depth3,((13 - 27) + (43 + 31)) + ((65 + 42) + (25 + 10)),202,,,...
L8H4R32,depth3,((79 - 63) + (77 + 56)) + ((36 + 46) - (54 + 69)),108,,,...
L8H4R32,depth3,((33 + 71) - (21 - 66)) - ((28 - 38) - (68 + 51)),278,,,...
L8H4R32,depth3,((22 - 15) + (24 + 31)) - ((26 - 37) + (78 + 2)),-7,,,...
L2H2R8,depth1,41 + 49,90,,,...
L2H2R8,depth1,66 - 92,-26,,,...
L2H2R8,depth1,76 - 29,47,,,...
L2H2R8,depth1,75 - 81,-6,,,...
L2H2R8,depth1,53 + 46,99,,,...
L2H2R8,depth1,38 - 80,-42,,,...
L2H2R8,depth1,70 - 6,64,,,...
L2H2R8,depth1,41 + 9,50,,,...
L2H2R8,depth1,31 - 11,20,,,...
L2H2R8,depth1,29 - 98,-69,,,...
L8H4R8,depth1,59 - 22,37,,,...
L8H4R8,depth1,63 - 0,63,,,...
L8H4R8,depth1,32 + 60,92,,,...
L8H4R8,depth1,43 - 63,-20,,,...
L8H4R8,depth1,74 + 41,115,,,...
L8H4R8,depth1,99 + 51,150,,,...
L8H4R8,depth1,69 - 90,-21,,,...
L8H4R8,depth1,91 - 37,54,,,...
L8H4R8,depth1,32 + 68,100,,,...
L8H4R8,depth1,23 + 14,37,,,...
L2H16R32,depth4,(((18 - 90) - (69 + 55)) + ((55 - 16) - (14 + 58))) + (((73 - 81) - (85 - 69)) - ((30 - 43) + (55 - 39))),-256,,,...
L2H16R32,depth4,(((58 - 32) - (29 - 47)) - ((93 - 44) - (17 - 13))) + (((83 - 72) + (31 + 31)) + ((92 + 16) + (75 + 56))),311,,,...
L2H16R32,depth4,((65 + (5 + 15)) + 26) - (((55 - 91) - (64 + 38)) - ((22 - 44) - (89 - 48))),186,,,...
L2H16R32,depth4,(((64 - 99) + 91) - ((28 + 86) - 35)) + (77 - ((84 - 64) - (55 + 37))),126,,,...
L2H16R32,depth4,(((62 + 21) + (65 - 83)) - ((99 - 20) - (67 - 17))) + (((6 - 69) + (55 + 86)) - (37 - (0 + 0))),77,,,...
L2H16R32,depth4,(((64 - 58) - (13 - 89)) - (93 + (32 - 99))) + (((67 - 6) - (8 - 71)) - (34 - (48 - 65))),129,,,...
L2H16R32,depth4,(76 + ((39 - 44) + (12 - 83))) - (((86 + 74) + (7 - 51)) + ((72 + 92) - (37 - 93))),-336,,,...
L2H16R32,depth4,(((81 - 35) + (32 - 99)) + ((22 - 67) - (94 - 7))) + (52 - ((72 - 42) + 99)),-230,,,...
L2H16R32,depth4,23 + (((55 - 26) - 0) - ((89 + 49) + (9 - 18))),-77,,,...
L2H16R32,depth4,(((80 - 33) + (91 + 92)) + ((41 - 53) - (7 + 51))) + (((11 + 8) - (89 + 75)) - ((70 + 49) + 5)),-109,,,...
L6H16R8,depth1,40 + 66,106,,,...
L6H16R8,depth1,34 + 66,100,,,...
L6H16R8,depth1,72 + 14,86,,,...
L6H16R8,depth1,30 + 51,81,,,...
L6H16R8,depth1,85 - 50,35,,,...
L6H16R8,depth1,29 - 96,-67,,,...
L6H16R8,depth1,83 + 15,98,,,...
L6H16R8,depth1,83 + 99,182,,,...
L6H16R8,depth1,61 + 58,119,,,...
L6H16R8,depth1,34 + 0,34,,,...
L4H8R16,depth3,(13 - (25 + 69)) + ((80 - 53) - (97 + 38)),-189,,,...
L4H8R16,depth3,((31 - 79) + (5 + 19)) + ((14 - 64) - 54),-128,,,...
L4H8R16,depth3,73 + ((99 - 67) - 79),26,,,...
L4H8R16,depth3,84 - ((91 - 12) + (32 + 23)),-50,,,...
L4H8R16,depth3,((81 + 81) - (66 - 10)) - ((75 + 17) - (24 + 22)),60,,,...
L4H8R16,depth3,((8 + 88) - (69 - 6)) - ((95 + 69) + (69 + 57)),-257,,,...
L4H8R16,depth3,((97 + 80) + (60 + 83)) - ((76 + 17) + (52 + 23)),152,,,...
L4H8R16,depth3,((37 + 92) + (42 + 53)) - ((43 + 86) + (17 - 71)),149,,,...
L4H8R16,depth3,((4 + 23) - (70 - 0)) - ((23 - 52) - (70 - 8)),48,,,...
L4H8R16,depth3,54 + ((15 + 17) + (28 + 22)),136,,,...
L6H8R4,max,75,75,,,...
L6H8R4,max,72 + 85,157,,,...
L6H8R4,max,13,13,,,...
L6H8R4,max,79 + 99,178,,,...
L6H8R4,max,89,89,,,...
L6H8R4,max,((((59 + 46) - (11 + 96)) - 56) + (((85 + 28) - 68) + 30)) - ((((75 + 45) - (50 + 41)) - ((15 - 62) + 97)) + (((60 - 87) - (93 + 52)) + 23)),187,,,...
L6H8R4,max,8,8,,,...
L6H8R4,max,(((9 - 49) + (96 + (22 - 32))) - 42) + ((((97 - 96) - (80 - 28)) + ((81 - 88) + (31 - 21))) - (((9 + 98) - 9) - 15)),-127,,,...
L6H8R4,max,15 + (20 - 81),-46,,,...
L6H8R4,max,(1 + 67) - ((((33 - 83) - 85) + 53) - (87 - ((23 + 33) + 55))),126,,,...
L2H8R8,depth1,29 + 6,35,,,...
L2H8R8,depth1,99 - 21,78,,,...
L2H8R8,depth1,18 - 90,-72,,,...
L2H8R8,depth1,67 - 37,30,,,...
L2H8R8,depth1,32 + 16,48,,,...
L2H8R8,depth1,24 + 67,91,,,...
L2H8R8,depth1,69 - 85,-16,,,...
L2H8R8,depth1,78 - 30,48,,,...
L2H8R8,depth1,51 + 66,117,,,...
L2H8R8,depth1,7 - 76,-69,,,...
L8H2R4,max,16,16,,,...
L8H2R4,max,34 - 50,-16,,,...
L8H2R4,max,13,13,,,...
L8H2R4,max,(73 - (((7 - 14) + 30) + ((77 + 58) - 51))) - (82 - (39 - ((91 + 25) + 30))),-223,,,...
L8H2R4,max,62 - ((((71 + 37) + (48 - 3)) - (79 - (16 - 48))) - (((23 + 93) - (9 - 18)) + 25)),170,,,...
L8H2R4,max,83 - 42,41,,,...
L8H2R4,max,((((72 - 16) + (51 - 27)) + ((53 - 60) - 8)) - (56 + ((63 - 88) + 64))) - ((((40 + 7) + (50 + 97)) - 26) + (((81 + 49) + 18) - 70)),-276,,,...
L8H2R4,max,(((86 - 77) + ((55 + 54) - (33 - 92))) + (((74 + 77) - (47 - 92)) - (4 - (19 + 90)))) + ((((45 + 93) - (59 + 14)) - 24) + (79 - ((78 - 54) - (69 - 48)))),595,,,...
L8H2R4,max,61 - (33 - (((66 + 46) + (33 + 72)) + (64 + (58 + 37)))),404,,,...
L8H2R4,max,((((86 + 88) - (47 + 78)) - ((23 - 24) - (52 + 43))) - ((28 - (53 + 32)) + 3)) - ((49 + 25) + (63 - ((21 + 93) + (38 - 89)))),125,,,...
L6H2R4,depth5,((((49 - 60) - (19 - 46)) - (96 - (66 - 17))) + (((98 - 25) + (83 + 98)) + ((5 + 14) + 38))) + (((1 - (68 + 39)) + ((66 - 0) - (19 + 89))) - (((59 - 1) - (56 - 94)) - ((84 + 43) - (33 - 73)))),203,,,...
L6H2R4,depth5,((((44 - 46) + (18 + 20)) - ((67 - 0) - (0 - 20))) - (((22 + 88) - (64 + 3)) + ((84 + 84) + (72 - 29)))) + (((85 - (65 - 54)) - ((52 + 36) + (76 + 43))) + (((95 + 77) + (69 + 4)) - ((43 - 0) - (5 + 28)))),-203,,,...
L6H2R4,depth5,((((92 + 78) + (50 + 6)) - ((12 + 67) - (25 + 33))) + (((45 + 5) - (84 - 25)) - ((48 + 45) + (66 - 40)))) - ((((73 - 24) - 53) - ((96 + 54) - (46 + 83))) + (78 - ((83 + 8) - (28 + 5)))),82,,,...
L6H2R4,depth5,((((64 + 92) + (42 - 43)) - ((10 - 84) - 88)) + (((50 - 97) + (7 - 31)) + (2 + (19 - 40)))) + ((((7 - 36) - 0) + ((27 - 84) + (10 - 6))) - (((33 - 62) - (64 - 79)) - ((63 - 73) - (40 + 88)))),21,,,...
L6H2R4,depth5,95 - ((((24 + 50) - (51 - 51)) + (77 - (22 - 80))) + (((31 + 81) - (40 - 57)) - ((93 - 15) - (94 + 61)))),-320,,,...
L6H2R4,depth5,(68 + (((10 + 78) - (62 - 48)) + ((93 + 54) - (36 - 98)))) - ((76 + ((72 + 13) + (89 - 60))) + (((3 - 64) + (38 - 10)) - ((97 + 46) - (75 + 14)))),248,,,...
L6H2R4,depth5,((((44 + 43) + (27 + 77)) + (36 + (81 - 90))) + 42) - ((((89 + 22) - (86 - 96)) - ((40 + 60) + (93 - 25))) - (((21 - 58) + (30 + 12)) + ((15 + 76) + (16 + 42)))),461,,,...
L6H2R4,depth5,((((79 + 99) - (81 - 22)) + ((12 - 16) + (14 + 80))) + ((2 + (88 + 56)) - ((90 - 0) - (27 - 71)))) + ((((34 - 92) + 76) - ((28 - 90) - (26 + 34))) - ((30 - (36 + 11)) - ((55 + 36) - 65))),404,,,...
L6H2R4,depth5,((((40 + 19) + (21 - 52)) - (85 - (31 - 53))) + 39) - (((5 + (25 - 90)) - ((1 - 76) - (89 + 64))) + (((82 - 71) - (12 + 73)) + 0)),-134,,,...
L6H2R4,depth5,((((89 + 2) - (76 + 83)) - ((96 + 13) - (84 - 58))) + (((95 + 41) - (88 + 90)) - (25 + (85 - 8)))) + ((((13 + 7) - (18 + 42)) + ((22 - 56) - (83 + 97))) + (((73 - 61) - (49 - 53)) + (13 + (24 - 38)))),-534,,,...
L4H16R32,depth1,48 + 19,67,,,...
L4H16R32,depth1,86 + 40,126,,,...
L4H16R32,depth1,79 - 89,-10,,,...
L4H16R32,depth1,96 - 60,36,,,...
L4H16R32,depth1,83 + 67,150,,,...
L4H16R32,depth1,22 + 90,112,,,...
L4H16R32,depth1,69 + 60,129,,,...
L4H16R32,depth1,89 + 87,176,,,...
L4H16R32,depth1,56 + 65,121,,,...
L4H16R32,depth1,66 - 95,-29,,,...
L4H2R32,depth2,(51 - 90) - (16 + 42),-97,,,...
L4H2R32,depth2,(26 + 76) + (70 - 98),74,,,...
L4H2R32,depth2,(72 + 23) - (65 - 40),70,,,...
L4H2R32,depth2,(34 + 52) + (96 + 95),277,,,...
L4H2R32,depth2,6 - (36 + 95),-125,,,...
L4H2R32,depth2,(55 - 90) - (2 - 51),14,,,...
L4H2R32,depth2,(42 + 6) + (82 - 42),88,,,...
L4H2R32,depth2,(58 - 40) + (22 + 32),72,,,...
L4H2R32,depth2,(13 - 47) - (70 - 78),-26,,,...
L4H2R32,depth2,(27 - 93) + (70 + 98),102,,,...
L2H4R16,depth2,(38 + 45) + (57 + 46),186,,,...
L2H4R16,depth2,(91 - 88) + (87 - 73),17,,,...
L2H4R16,depth2,(36 + 40) + (44 - 31),89,,,...
L2H4R16,depth2,(12 + 1) + (41 + 94),148,,,...
L2H4R16,depth2,82 + (13 + 69),164,,,...
L2H4R16,depth2,(45 + 33) + (6 - 41),43,,,...
L2H4R16,depth2,(78 + 85) + (59 + 75),297,,,...
L2H4R16,depth2,(37 + 89) + (73 + 69),268,,,...
L2H4R16,depth2,(81 - 55) - (97 + 80),-151,,,...
L2H4R16,depth2,(25 - 44) - (27 - 99),53,,,...
L4H16R32,depth3,((2 + 98) + (51 - 26)) - ((3 + 12) + (64 - 39)),85,,,...
L4H16R32,depth3,(19 - (19 + 62)) - 86,-148,,,...
L4H16R32,depth3,((46 + 29) + 60) + ((58 - 11) - (19 + 25)),138,,,...
L4H16R32,depth3,((23 + 3) + (89 + 88)) - (29 - (98 + 85)),357,,,...
L4H16R32,depth3,44 - ((4 - 62) - (68 + 93)),263,,,...
L4H16R32,depth3,((68 - 92) - (48 + 74)) - ((28 - 21) - (33 - 41)),-161,,,...
L4H16R32,depth3,((49 + 71) + (27 - 99)) - ((15 - 26) - (10 + 13)),82,,,...
L4H16R32,depth3,((50 - 59) - (65 - 54)) + ((44 + 46) - (54 + 6)),10,,,...
L4H16R32,depth3,((68 - 35) + (22 + 15)) + ((12 + 39) - (21 + 41)),59,,,...
L4H16R32,depth3,((74 - 39) - 32) + (21 + (27 + 41)),92,,,...
L2H16R16,depth2,(80 - 41) - (78 - 84),45,,,...
L2H16R16,depth2,(30 - 16) + (3 + 82),99,,,...
L2H16R16,depth2,(67 + 7) - (51 + 2),21,,,...
L2H16R16,depth2,(35 - 62) + (26 - 93),-94,,,...
L2H16R16,depth2,(95 + 76) + (59 - 2),228,,,...
L2H16R16,depth2,(56 - 94) + (55 - 10),7,,,...
L2H16R16,depth2,(29 + 52) - (76 - 19),24,,,...
L2H16R16,depth2,(49 + 0) - (69 - 17),-3,,,...
L2H16R16,depth2,(64 + 59) - (35 + 99),-11,,,...
L2H16R16,depth2,(38 + 27) + (9 + 68),142,,,...
L4H16R16,depth4,(((92 - 32) + (75 + 97)) + (33 + (95 + 82))) + (((66 - 84) + 96) - ((0 - 35) - (20 + 65))),640,,,...
L4H16R16,depth4,(((28 + 6) - (74 - 96)) - ((19 + 33) - (74 + 17))) - (((93 - 94) + (67 + 86)) - (3 - (13 - 13))),-54,,,...
L4H16R16,depth4,(((26 + 40) + (34 - 51)) - ((23 + 33) - (90 + 96))) - 64,115,,,...
L4H16R16,depth4,(((93 - 46) + (81 - 16)) + ((1 - 95) + (46 - 4))) + (((79 + 58) - (51 - 22)) + ((7 - 89) + (6 - 13))),79,,,...
L4H16R16,depth4,(((57 - 74) - (91 - 74)) - ((78 - 42) - (32 - 21))) + 46,-13,,,...
L4H16R16,depth4,(((71 - 82) - 21) + ((75 + 94) + (16 + 39))) + (((95 - 15) - (11 - 60)) + 58),379,,,...
L4H16R16,depth4,(((93 - 13) + (13 + 75)) + ((59 - 45) - (31 + 12))) + (((88 - 72) + (25 + 18)) + ((14 + 64) + 68)),344,,,...
L4H16R16,depth4,(((97 - 28) - (23 - 25)) + 81) - 95,57,,,...
L4H16R16,depth4,((78 - (26 - 99)) + 47) - 27,171,,,...
L4H16R16,depth4,((21 - (47 - 98)) + ((67 + 85) - (87 + 88))) + (((39 - 58) - (90 - 42)) + ((27 + 16) + (70 - 75))),20,,,...
